Term,English,Spanish (es-ES)
game_strings/ui_title_splash,A GAME BY JON NIELSEN,UN JUEGO DE JON NIELSEN
game_strings/ui_play,Play,Jugar
game_strings/ui_options,Options,Opciones
game_strings/ui_compendium,Compendium,Colección
game_strings/ui_exit,Exit,Salir
game_strings/ui_more,More Games by Jon,Más juegos de Jon
game_strings/ui_version,Version,Versión
game_strings/ui_language,Language,Idioma
game_strings/ui_language_setting,English,Español
game_strings/ui_screen,Screen,Pantalla
game_strings/ui_screen_fullscreen,Fullscreen,Pantalla completa
game_strings/ui_screen_windowed,Windowed,Ventana
game_strings/ui_screen_borderless,Borderless Window,Ventana sin bordes
game_strings/ui_ratio,Display Ratio,Relación de aspecto
game_strings/ui_ratio_native,Native,Nativa
game_strings/ui_music,Music,Música
game_strings/ui_on,On,Activado
game_strings/ui_off,Off,Desactivado
game_strings/ui_sound,Sound Library,Biblioteca de sonido
game_strings/ui_screenshake,Screenshake,Vibración de pantalla
game_strings/ui_mute_minimized,Mute Audio When Minimized,Silenciar audio al minimizar
game_strings/ui_pause_minimized,Pause Game When Minimized,Pausar juego al minimizar
game_strings/ui_pause_drag,Pause Time When Dragging Cards,Pausar tiempo al arrastrar cartas
game_strings/ui_timer_seconds,Display Day Timer Seconds,Mostrar segundos del temporizador del día
game_strings/ui_tutorials,Tutorials,Tutoriales
game_strings/ui_fast_witching,Fast Witching Hour,Hora de las brujas rápida
game_strings/ui_controls,Controls,Controles
game_strings/ui_credits,Credits,Créditos
game_strings/ui_back,Back,Atrás
game_strings/ui_interact,Interact,Interactuar
game_strings/ui_camera_pan,Camera Pan,Desplazar cámara
game_strings/ui_zoom_in,Zoom In,Acercar
game_strings/ui_zoom_out,Zoom Out,Alejar
game_strings/ui_timer_play,Timer Play,Reanudar tiempo
game_strings/ui_timer_fast,Timer Fast,Acelerar tiempo
game_strings/ui_timer_pause,Timer Pause,Pausar tiempo
game_strings/ui_timer_toggle,Timer Toggle,Alternar tiempo
game_strings/ui_spellbook,Spellbook,Grimorio
game_strings/ui_sell,Sell,Vender
game_strings/ui_card_lock,Card Lock,Bloqueo de carta
game_strings/ui_toggle_hud,Toggle HUD,Alternar HUD
game_strings/ui_camera_pan_interact,Allow Camera Pan with Interact,Permitir desplazar cámara con Interactuar
game_strings/ui_reset_controls,Reset to Default Controls,Restablecer controles predeterminados
game_strings/ui_rebinding_press,Press the,Presiona la tecla
game_strings/ui_rebinding_key,key,
game_strings/ui_credits_game,Game,Juego
game_strings/ui_credits_music,Music and Additional Programming,Música y programación adicional
game_strings/ui_credits_tools,Tools,Herramientas
game_strings/ui_credits_localization,Localization,Localización
game_strings/ui_credits_thanks,Special Thanks,Agradecimientos especiales
game_strings/ui_save_select,Save Select,Selección de partida
game_strings/ui_new_game,New Game,Nueva partida
game_strings/ui_day,Day,Día
game_strings/ui_save_slot_delete,Clear save slot,Borrar partida guardada
game_strings/ui_save_slot_delete_1,All progress will be lost.,¡Se perderá todo el progreso!
game_strings/ui_save_time_played,Time Played:,Tiempo jugado:
game_strings/ui_peaceful_mode,Peaceful Mode,Modo pacífico
game_strings/ui_character_select,Character Select,Selección de personaje
game_strings/ui_peaceful_mode_tooltip,No enemies in Peaceful Mode. Enemy-related achievements will not be attainable.,En el Modo pacífico no hay enemigos. No se podrán conseguir los logros relacionados con enemigos.
game_strings/ui_witch_chaos,Chaos Witch,Bruja del Caos
game_strings/ui_witch_chaos_desc,Witches of the Sixth use the skulls of their enemies to empower their already formidable strength. Familiars of the Chaos Witch cannot attack.,Las brujas de la Sexta usan los cráneos de sus enemigos para potenciar su ya formidable fuerza. Los familiares de la Bruja del Caos no pueden atacar.
game_strings/ui_witch_celestial,Celestial Witch,Bruja Celestial
game_strings/ui_witch_celestial_desc,Witches of the First draw strength from the stars to empower their villages and increase production.,Las brujas de la Primera obtienen fuerza de las estrellas para potenciar sus aldeas y aumentar la producción.
game_strings/ui_witch_culinary,Culinary Witch,Bruja Culinaria
game_strings/ui_witch_culinary_desc,Witches of the Fourth cook well-balanced meals that boost the abilities of their familiars and villages.,Las brujas de la Cuarta cocinan platos bien equilibrados que potencian las habilidades de sus familiares y aldeas.
game_strings/ui_witch_phoenix,Phoenix Witch,Bruja del Fénix
game_strings/ui_witch_phoenix_desc,Witches of the Third are never without their powerful Phoenix familiar. Their power lies in the strength of their bond. The Phoenix Witch has no other familiars.,Las brujas de la Tercera nunca están sin su poderoso familiar Fénix. Su poder reside en la fuerza de su vínculo. La Bruja del Fénix no tiene otros familiares.
game_strings/ui_difficulty,Difficulty,Dificultad
game_strings/ui_start_game,Start Game,Comenzar partida
game_strings/ui_advance_settings,Advanced Settings,Ajustes avanzados
game_strings/ui_day_length,Day Length,Duración del día
game_strings/ui_day_short,Short,Corta
game_strings/ui_day_standard,Standard,Estándar
game_strings/ui_day_long,Long,Larga
game_strings/ui_moondrop_rate,Moondrop Rate,Frecuencia de gotas de luna
game_strings/ui_spell_cost_rate,Spell Purchase Cost Increase Rate,Tasa de aumento del costo de hechizos
game_strings/ui_enemy_frequency,Enemy Frequency,Frecuencia de enemigos
game_strings/ui_city_frequency,Faerie City Frequency,Frecuencia de ciudades feéricas
game_strings/ui_area_size,Starting Area Size,Tamaño del área inicial
game_strings/ui_area_small,Small,Pequeña
game_strings/ui_area_large,Large,Grande
game_strings/ui_reset_settings,Reset Settings to Default,Restablecer ajustes predeterminados
game_strings/ui_begin,Begin,Comenzar
game_strings/ui_opening_header_celestial,The stars above the Ninth Realm have ever been a mystery.,Las estrellas sobre el Noveno Reino siempre han sido un misterio.
game_strings/ui_opening_celestial,"With the lifting of the Ninth's deadly haze came a revelation from those very stars: a portent of extinction. This is a fate that the Celestial Witches of the First do not agree with.

Establish a foothold in the Ninth. Use your mastery of the stars above to empower your villages. Defend against the evil of the Ninth, discover its source, and correct the course of fate.","Con el levantamiento de la mortífera bruma del Noveno llegó una revelación de esas mismas estrellas: un presagio de extinción. Es un destino que las Brujas Celestiales de la Primera no están dispuestas a aceptar.

Establece un punto de apoyo en el Noveno. Usa tu dominio de las estrellas para potenciar tus aldeas. Defiéndete del mal del Noveno, descubre su origen y corrige el rumbo del destino."
game_strings/ui_opening_header_chaos,It's been too long since a good war.,Ha pasado demasiado tiempo desde una buena guerra.
game_strings/ui_opening_chaos,"The Faeries have grown docile and the minor incursions from the Ninth Realm have become a chore. But with the lifting of the Ninth's haze, a land untouched by war has offered itself up to the Chaos Witches of the Sixth.

Establish a foothold in the Ninth. Empower yourself with your mastery over chaos. Defend against the evil of the Ninth, discover its source, and kill it in glorious combat.","Las hadas se han vuelto dóciles y las pequeñas incursiones del Noveno Reino se han convertido en una tarea rutinaria. Pero con el levantamiento de la bruma del Noveno, una tierra virgen de guerra se ha ofrecido a las Brujas del Caos de la Sexta.

Establece un punto de apoyo en el Noveno. Fortalécete con tu dominio del caos. Defiéndete del mal del Noveno, descubre su origen y mátalo en un combate glorioso."
game_strings/ui_opening_header_culinary,Cooking is boring.,Cocinar es aburrido.
game_strings/ui_opening_culinary,"A lack of innovation within the Culinary Witches of the Fourth has turned the art of cooking into a mundane chore. That changed when you received a shipment of strange new fruits from the Ninth Realm. The sudden lifting of the Ninth's haze has revealed a buffet of untapped flavor possibilities, waiting for you to taste them.

Establish a foothold in the Ninth. Experiment with new ingredients and discover meals to magically boost your villages and your familiars. Defend against the evil of the Ninth and, if need be, serve its source a delicious helping of death.","La falta de innovación entre las Brujas Culinarias de la Cuarta ha convertido el arte de cocinar en una tarea mundana. Eso cambió cuando recibiste un cargamento de extrañas frutas nuevas del Noveno Reino. El repentino levantamiento de la bruma del Noveno reveló un banquete de posibilidades de sabor sin explotar, esperando que las pruebes.

Establece un punto de apoyo en el Noveno. Experimenta con nuevos ingredientes y descubre platos que potencien mágicamente tus aldeas y tus familiares. Defiéndete del mal del Noveno y, si hace falta, sírvele a su origen una deliciosa ración de muerte."
game_strings/ui_opening_header_phoenix,You've finally received your Phoenix egg.,Por fin has recibido tu huevo de Fénix.
game_strings/ui_opening_phoenix,"The time to prove yourself to the clutch, and your new Phoenix, is here. With the lifting of the haze covering the mysterious Ninth Realm, what better way to prove your worth than by setting these new lands aflame?

Establish a foothold in the Ninth. Nurture your bond with your Phoenix. Defend against the evil of the Ninth, discover its source, and leave nothing but ashes.","Ha llegado el momento de demostrar tu valía ante la nidada y ante tu nuevo Fénix. Con el levantamiento de la bruma que cubre el misterioso Noveno Reino, ¿qué mejor manera de demostrar tu valor que prendiendo fuego a estas nuevas tierras?

Establece un punto de apoyo en el Noveno. Cultiva tu vínculo con tu Fénix. Defiéndete del mal del Noveno, descubre su origen y no dejes más que cenizas."
game_strings/ui_continue,Continue,Continuar
game_strings/ui_save_quit,Save and Quit,Guardar y salir
game_strings/ui_save_quit_confirm,Exit to the Title Screen?,¿Salir a la pantalla de título?
game_strings/ui_button_sell,Sell,Vender
game_strings/ui_button_explore,Explore,Explorar
game_strings/ui_button_spells,Spells,Hechizos
game_strings/ui_witching_hour,Witching Hour,Hora de las brujas
game_strings/ui_cards_found,Cards Found,Cartas encontradas
game_strings/ui_close,Close,Cerrar
game_strings/ui_card_not_found,Card not yet found.,Carta aún no encontrada.
game_strings/ui_cast_once,can only be cast once.,solo se puede lanzar una vez.
game_strings/ui_witches,Witches,Brujas
game_strings/ui_resources,Resources,Recursos
game_strings/ui_sources,Sources,Fuentes
game_strings/ui_lands,Lands,Tierras
game_strings/ui_villages,Villages,Aldeas
game_strings/ui_buildings,Buildings,Edificios
game_strings/ui_spells,Spells,Hechizos
game_strings/ui_cities,Cities,Ciudades
game_strings/ui_quests,Quests,Misiones
game_strings/ui_enemies,Enemies,Enemigos
game_strings/ui_card_packs,Card Packs,Paquetes de cartas
game_strings/ui_choose_one,Choose One,Elige una
game_strings/ui_learn_spell,Learn Spell,Aprender hechizo
game_strings/ui_choice_learn,Learn,Aprender
game_strings/ui_choice_receive,Receive,Recibir
game_strings/ui_choice_waypoint,Unlocks the next tier of researchable spells:,Desbloquea el siguiente nivel de hechizos investigables:
game_strings/ui_spell_tree,Spell Tree,Árbol de hechizos
game_strings/ui_time_hour,h,h
game_strings/ui_time_minute,m,m
game_strings/end_witching,The Witching Hour is upon us...,La Hora de las Brujas ha llegado...
game_strings/end_enemy,You are set upon by,Te atacan
game_strings/end_enemy_singular,enemy,enemigo
game_strings/end_enemy_plural,enemies,enemigos
game_strings/end_silent,The darkness is silent this night.,La oscuridad guarda silencio esta noche.
game_strings/end_rite_fate,The Rite of Fate protects you this night.,El Rito del Destino te protege esta noche.
game_strings/end_sun_altar,A Sun Altar prevents your death before crumbling to dust.,Un Altar Solar evita tu muerte antes de desmoronarse en polvo.
game_strings/end_council,A quest arrives from the Council of Fates.,Llega una misión del Consejo de los Destinos.
game_strings/end_full_header,The Moon is Full,Es Luna Llena
game_strings/end_full,"The council offers a boon, for a price.","El consejo ofrece un favor, a cambio de un precio."
game_strings/end_new_header,The Moon is New,Es Luna Nueva
game_strings/end_new,The void moves against you.,El vacío se mueve contra ti.
game_strings/end_ancient_empire,A quest arrives from the Ancient Empire.,Llega una misión del Imperio Antiguo.
game_strings/end_mausoleum,The Mausoleum returns a fallen Familiar to you.,El Mausoleo te devuelve a un familiar caído.
game_strings/end_revival,A fallen Familiar returns to you.,Un familiar caído regresa a ti.
game_strings/end_ancient_waypoint,The Ancient Waypoint shatters as the Void seeps forth...,El Punto de Ruta Antiguo se hace añicos mientras el Vacío se filtra...
game_strings/end_herald,You cannot stop what comes. The feast begins anew.,No puedes detener lo que se aproxima. El festín comienza de nuevo.
game_strings/end_herald_death,The Void Herald's death signals the beginning of the next test...,La muerte del Heraldo del Vacío marca el comienzo de la siguiente prueba...
game_strings/end_ancient_waypoint_peaceful,The Ancient Waypoint shatters as the ground rumbles...,El Punto de Ruta Antiguo se hace añicos mientras la tierra retumba...
game_strings/end_king,The sky burns as the Lord of the Ninth returns...,El cielo arde mientras el Señor del Noveno regresa...
game_strings/end_lighthouse,"Forced to return before its time, the Lord of the Ninth unleashes its full fury on you...","Obligado a regresar antes de tiempo, el Señor del Noveno desata toda su furia sobre ti..."
game_strings/end_lighthouse_peaceful,The ground shakes as the lighthouse glows with the energies of the void...,La tierra tiembla mientras el faro brilla con las energías del vacío...
game_strings/end_faerie_destroy,The Void destroys a Faerie city...,El Vacío destruye una ciudad feérica...
game_strings/end_faerie_friendly,The Faeries join the fight against the Void.,Las hadas se unen a la lucha contra el Vacío.
game_strings/end_warlord,The Faerie Warlord arrives to defend their people.,El Señor de la Guerra Feérico llega para defender a su pueblo.
game_strings/end_infection,A Void Infection takes hold amongst the Faerie cities...,Una Infección del Vacío se propaga entre las ciudades feéricas...
game_strings/end_message,A letter arrives from your home realm.,Llega una carta de tu reino natal.
game_strings/end_judge,The Council of Fates has sent a Judge.,El Consejo de los Destinos ha enviado a un Juez.
game_strings/end_trader,The Trader arrives.,Llega el Comerciante.
game_strings/end_phoenix_tamer,The Phoenix Tamer arrives.,Llega el Domador de Fénix.
game_strings/end_begins,begins...,comienza...
game_strings/prompt_yes,Yes,Sí
game_strings/prompt_no,No,No
game_strings/prompt_restart,Restart,Reiniciar
game_strings/prompt_continue,Continue,Continuar
game_strings/prompt_confirm,Confirm,Confirmar
game_strings/prompt_cancel,Cancel,Cancelar
game_strings/victory_victory,Victory!,¡Victoria!
game_strings/victory_time_played,Time Played:,Tiempo jugado:
game_strings/victory_cards_created,Cards Created:,Cartas creadas:
game_strings/victory_stardrop_coins,Stardrop Coins Earned:,Monedas estelares ganadas:
game_strings/victory_explorations,Explorations:,Exploraciones:
game_strings/victory_familiars,Familiars Summoned:,Familiares invocados:
game_strings/victory_enemies,Enemies Defeated:,Enemigos derrotados:
game_strings/tooltip_may_contain,May Contain:,Puede contener:
game_strings/tooltip_blueprint,Combine with the following cards to,Combina con las siguientes cartas para
game_strings/tooltip_recipe,Combine the following cards to,Combina las siguientes cartas para
game_strings/tooltip_create,create,crear
game_strings/tooltip_cast,cast,lanzar
game_strings/tooltip_witch,Witch,Bruja
game_strings/tooltip_phoenix,Phoenix,Fénix
game_strings/tooltip_exploring,Exploring...,Explorando...
game_strings/tooltip_fighting,Fighting!,¡Luchando!
game_strings/tooltip_mining,Mining...,Extrayendo...
game_strings/tooltip_trading,Trading...,Comerciando...
game_strings/tooltip_relations,Improving Relations...,Mejorando relaciones...
game_strings/tooltip_healing,Healing...,Curando...
game_strings/tooltip_growing,Growing Ingredient...,Cultivando ingrediente...
game_strings/tooltip_granting_haste,Haste...,Prisa...
game_strings/tooltip_bribing,Bribing...,Sobornando...
game_strings/tooltip_beginning_end,Beginning The End...,Iniciando el Final...
game_strings/tooltip_orders,Delivering Orders...,Entregando pedidos...
game_strings/tooltip_burial,Laying to Rest...,Dando sepultura...
game_strings/tooltip_increasing_attack,Increasing Attack...,Aumentando ataque...
game_strings/tooltip_increasing_armor,Increasing Armor...,Aumentando armadura...
game_strings/tooltip_reviving,Reviving...,Reviviendo...
game_strings/tooltip_creating,Creating...,Creando...
game_strings/tooltip_familiar_cap,Maximum Familiar Cap reached. Create more Familiar Homes to increase the Familiar Cap.,Límite máximo de familiares alcanzado. Crea más Hogares de Familiares para aumentar el límite.
game_strings/tooltip_craft_time,Time to complete:,Tiempo para completar:
game_strings/tooltip_hostile_city,Hostile. Will create enemies until befriended with an Envoy or destroyed by a Warrior.,Hostil. Creará enemigos hasta que se la haga amiga con un Enviado o sea destruida por un Guerrero.
game_strings/tooltip_hostile_city_chaos,Hostile. Will create enemies until befriended with an Envoy or destroyed by your Chaos Witch.,Hostil. Creará enemigos hasta que se la haga amiga con un Enviado o sea destruida por tu Bruja del Caos.
game_strings/tooltip_hostile_city_phoenix,Hostile. Will create enemies until befriended with a Flame of Friendship or destroyed by a Phoenix empowered by a Training Camp.,Hostil. Creará enemigos hasta que se la haga amiga con una Llama de Amistad o sea destruida por un Fénix potenciado por un Campo de Entrenamiento.
game_strings/tooltip_enemy_city,Hostile. Will create enemies until destroyed by a Warrior.,Hostil. Creará enemigos hasta que sea destruida por un Guerrero.
game_strings/tooltip_enemy_city_chaos,Hostile. Will create enemies until destroyed by your Chaos Witch.,Hostil. Creará enemigos hasta que sea destruida por tu Bruja del Caos.
game_strings/tooltip_enemy_city_phoenix,Hostile. Will create enemies until destroyed by a Phoenix empowered by a Training Camp.,Hostil. Creará enemigos hasta que sea destruida por un Fénix potenciado por un Campo de Entrenamiento.
game_strings/tooltip_banishment,Press Shift+,Mantén Shift+
game_strings/tooltip_banishment_1,on any card to permanently delete it. May have unintended results.,sobre cualquier carta para eliminarla permanentemente. Puede tener resultados no deseados.
game_strings/tooltip_sword_chaos,Combine with the Chaos Witch to grant them +1 attack. Consumed on use.,Combina con la Bruja del Caos para otorgarle +1 de ataque. Se consume al usarse.
game_strings/tooltip_shield_chaos,Combine with the Chaos Witch to grant them +1 armor. Armor cannot exceed your Witch's armor cap. Consumed on use.,Combina con la Bruja del Caos para otorgarle +1 de armadura. La armadura no puede superar el límite de tu Bruja. Se consume al usarse.
game_strings/tooltip_frost_crystal_chaos,Requires the right spell to utilize.,Requiere el hechizo adecuado para usarse.
game_strings/tooltip_familiar_name,Shift+Click to give this familiar a custom name.,Shift+Clic para darle un nombre personalizado a este familiar.
game_strings/tooltip_corpse_of,Corpse of,Cadáver de
game_strings/tooltip_armor_cap,Armor Cap:,Límite de armadura:
game_strings/tooltip_daily_armor,Daily Minimum Armor:,Armadura mínima diaria:
game_strings/tooltip_frozen,FROZEN,CONGELADO
game_strings/tooltip_frozen_desc,Unable to act. Will unfreeze at the beginning of the next day.,No puede actuar. Se descongelará al comienzo del próximo día.
game_strings/tooltip_frozen_enemies,Enemies unfreeze upon taking damage.,Los enemigos se descongelan al recibir daño.
game_strings/tooltip_frozen_village,Buildings slotted here are not functional.,Los edificios colocados aquí no son funcionales.
game_strings/tooltip_weakened,WEAKENED,DEBILITADO
game_strings/tooltip_weakened_desc,attack. Removed on taking damage.,de ataque. Se elimina al recibir daño.
game_strings/tooltip_marked,MARKED,MARCADO
game_strings/tooltip_marked_desc,Receives x2 damage. Removed on taking damage.,Recibe el doble de daño. Se elimina al recibir daño.
game_strings/tooltip_haste,HASTE,PRISA
game_strings/tooltip_haste_desc,"Crafting, casting, and combat speeds increased +50%.","Velocidad de creación, lanzamiento y combate aumentada +50%."
game_strings/tooltip_haste_expires,Haste expires in:,La prisa expira en:
game_strings/tooltip_thorns,THORNS,ESPINAS
game_strings/tooltip_thorns_desc,Attack increased by current armor value.,Ataque aumentado según el valor de armadura actual.
game_strings/tooltip_non_threatening,NON-THREATENING,NO AMENAZANTE
game_strings/tooltip_non_threatening_desc,Will not damage your witch at the end of the day.,No dañará a tu bruja al final del día.
game_strings/tooltip_regenerative,REGENERATIVE,REGENERATIVO
game_strings/tooltip_regenerative_desc,Heals to full at the end of the day.,Se cura por completo al final del día.
game_strings/tooltip_stack_crafting,Stack is crafting.,La pila está creando.
game_strings/tooltip_village_name,Shift+Click to give this village a custom name.,Shift+Clic para darle un nombre personalizado a esta aldea.
game_strings/tooltip_village_collapse,Double-Click to collapse this village's slots.,Doble clic para colapsar las ranuras de esta aldea.
game_strings/tooltip_friendly,Friendly,Amistosa
game_strings/tooltip_city_friendly,The value of this city's favored resource is doubled.,El valor del recurso favorito de esta ciudad se duplica.
game_strings/tooltip_empire_friendly,Sends you a gift every 8 days.,Te envía un regalo cada 8 días.
game_strings/tooltip_storage_limit,Storage Limit:,Límite de almacenamiento:
game_strings/tooltip_storage_contains,Contains:,Contiene:
game_strings/tooltip_storage_stardrop,Stardrop Coins:,Monedas estelares:
game_strings/tooltip_expires,Expires in:,Expira en:
game_strings/tooltip_cost,Cost:,Costo:
game_strings/tooltip_celestial_links,Links Connected:,Enlaces conectados:
game_strings/tooltip_celestial_link_bonus,Bonus Cards Produced Here: +,Cartas de bonificación producidas aquí: +
game_strings/tooltip_ancient_waypoint_inactive,Inactive.,Inactivo.
game_strings/tooltip_wonder_foundation,Wonder Foundation,Cimiento de Maravilla
game_strings/tooltip_wonder_stages,Wonders are built in stages.,Las maravillas se construyen por etapas.
game_strings/tooltip_wonder_incomplete,Incomplete Wonder,Maravilla incompleta
game_strings/tooltip_beacon,Combine with a Beacon to create a village.,Combina con una Baliza para crear una aldea.
game_strings/tooltip_rite_active,is active.,está activo.
game_strings/tooltip_cooldown_remaining,Cooldown remaining:,Tiempo de reutilización restante:
game_strings/tooltip_chaos_armor_cap,Witch's Armor Cap:,Límite de armadura de la bruja:
game_strings/tooltip_chaos_daily_armor,Witch's Daily Minimum Armor:,Armadura mínima diaria de la bruja:
game_strings/tooltip_chaos_skull_chance,Current Bonus Skull Chance:,Probabilidad actual de cráneo extra:
game_strings/tooltip_card_stack,Card Stack,Pila de cartas
game_strings/tooltip_game_over,Your coven has met its end...,Tu aquelarre ha llegado a su fin...
game_strings/tooltip_game_over_day,You reached Day,Llegaste al Día
game_strings/tooltip_phoenix_bottle_flavor,A Village in a Bottle starts with 4 building slots. Buildings slotted into it do not produce cards.,Una Aldea en Botella comienza con 4 ranuras de edificios. Los edificios colocados en ella no producen cartas.
game_strings/tooltip_phoenix_bottle_desc,Buildings slotted here cannot produce cards.,Los edificios colocados aquí no pueden producir cartas.
game_strings/tooltip_phoenix_city_0,The Flame of Trade placed here produces Rock Glems. Silversage cards may be sold here.,La Llama de Comercio colocada aquí produce Gemas de Roca. Aquí se pueden vender cartas de Salvia Plateada.
game_strings/tooltip_phoenix_city_1,The Flame of Trade placed here produces Rock Glems. Bone cards may be sold here.,La Llama de Comercio colocada aquí produce Gemas de Roca. Aquí se pueden vender cartas de Hueso.
game_strings/tooltip_phoenix_city_2,The Flame of Trade  placed here produces Flora Glems. Rock Glem cards may be sold here.,La Llama de Comercio colocada aquí produce Gemas de Flora. Aquí se pueden vender cartas de Gema de Roca.
game_strings/tooltip_phoenix_city_3,The Flame of Trade placed here produces Lightning Glems. Flora Glem cards may be sold here.,La Llama de Comercio colocada aquí produce Gemas de Rayo. Aquí se pueden vender cartas de Gema de Flora.
game_strings/tooltip_phoenix_city_4,The Flame of Trade placed here produces Flora Glems. Lightning Glem cards may be sold here.,La Llama de Comercio colocada aquí produce Gemas de Flora. Aquí se pueden vender cartas de Gema de Rayo.
game_strings/tooltip_phoenix_city_5,The Flame of Trade placed here produces Lightning Glems. Capri Horn cards may be sold here.,La Llama de Comercio colocada aquí produce Gemas de Rayo. Aquí se pueden vender cartas de Cuerno de Capri.
game_strings/tooltip_phoenix_city_6,Faerie Capital. The Flame of Trade  placed here produces Bone cards. Multi Glem cards may be sold here.,Capital Feérica. La Llama de Comercio colocada aquí produce cartas de Hueso. Aquí se pueden vender cartas de Gema Múltiple.
game_strings/tooltip_phoenix_ancient_empire,The Flame of Friendship placed here will slowly improve relations over time.,La Llama de Amistad colocada aquí mejorará lentamente las relaciones con el tiempo.
game_strings/tooltip_phoenix_happiness,Phoenix Happiness:,Felicidad del Fénix:
game_strings/tooltip_phoenix_adjustments,Adjustments,Ajustes
game_strings/tooltip_phoenix_monuments,Monuments:,Monumentos:
game_strings/tooltip_phoenix_threat,Threat of the Ninth:,Amenaza del Noveno:
game_strings/tooltip_phoenix_enemies,Enemies:,Enemigos:
game_strings/tooltip_phoenix_positive,Each point of happiness above 50 adds +1% chance for the Phoenix to create double resources.,Cada punto de felicidad por encima de 50 añade +1% de probabilidad de que el Fénix cree recursos dobles.
game_strings/tooltip_phoenix_negative,Each point of happiness below 50 incurs -2% Phoenix craft speed.,Cada punto de felicidad por debajo de 50 resta -2% de velocidad de creación del Fénix.
game_strings/tutorial_explore,Drag your Witch to the Explore card to find more cards.,Arrastra a tu bruja hasta la carta de Explorar para encontrar más cartas.
game_strings/tutorial_purchase,Sell cards to earn Stardrop Coins. Purchase new Explore cards with Stardrop Coins.,Vende cartas para ganar monedas estelares. Compra nuevas cartas de Explorar con monedas estelares.
game_strings/tutorial_spells,Spells can create buildings to be slotted into villages. Open your spellbook by clicking the spellbook button or by pressing,Los hechizos pueden crear edificios para colocar en las aldeas. Abre tu grimorio haciendo clic en el botón del grimorio o presionando
game_strings/tutorial_enemies,Any surviving enemies will deal damage to your Witch at the end of the day. You can pause with the time tracker button or with,Los enemigos que sobrevivan dañarán a tu bruja al final del día. Puedes pausar con el botón del temporizador o con
game_strings/tutorial_spellbook,Click a spell in the spellbook to turn it into a card. Sell excess spell cards with,Haz clic en un hechizo del grimorio para convertirlo en carta. Vende las cartas de hechizo sobrantes con
game_strings/tutorial_spellbook_1,Learn new spells by dragging Potion cards to the Spells button at the bottom of your screen.,Aprende nuevos hechizos arrastrando cartas de Poción hasta el botón de Hechizos en la parte inferior de la pantalla.
game_strings/tutorial_spell_purchase,"Purchasing new spells increases in cost as you learn more.

Build additional Alchemists to speed up spell research.","Comprar nuevos hechizos aumenta de costo a medida que aprendes más.

Construye más Alquimistas para acelerar la investigación de hechizos."
game_strings/tutorial_quests,"Each night during the witching hour, the Council of Fates bestows upon you a new quest. Completing them earns you the means to expand your influence in these lands.","Cada noche, durante la hora de las brujas, el Consejo de los Destinos te otorga una nueva misión. Completarlas te da los medios para expandir tu influencia en estas tierras."
game_strings/tutorial_familiar_cap,Maximum Familiar Cap reached. Create more Familiar Homes to increase the Familiar Cap.,Límite máximo de familiares alcanzado. Crea más Hogares de Familiares para aumentar el límite.
game_strings/tutorial_moondrop,Moondrops are primarily used to summon Beacons. Use Beacons to create new villages.,Las gotas de luna se usan principalmente para invocar Balizas. Usa Balizas para crear nuevas aldeas.
game_strings/tutorial_first_city,Friendly Faerie Cities may be traded with if you have a Merchant Familiar. They also may buy specific resources from you at higher prices.,Con las Ciudades Feéricas amistosas se puede comerciar si tienes un Familiar Mercader. También pueden comprarte recursos específicos a precios más altos.
game_strings/tutorial_first_city_phoenix,Friendly Faerie Cities may be traded with if using a Flame of Trade. They also may buy specific resources from you at higher prices.,Con las Ciudades Feéricas amistosas se puede comerciar usando una Llama de Comercio. También pueden comprarte recursos específicos a precios más altos.
game_strings/tutorial_second_city,Hostile Faerie Cities will summon enemy fighters every day. Warrior Familiars are capable of attacking Faerie Cities directly.,Las Ciudades Feéricas hostiles invocarán guerreros enemigos cada día. Los Familiares Guerreros pueden atacar directamente a las Ciudades Feéricas.
game_strings/tutorial_second_city_chaos,Hostile Faerie Cities will summon enemy fighters every day. Your Chaos Witch is capable of attacking Faerie Cities directly.,Las Ciudades Feéricas hostiles invocarán guerreros enemigos cada día. Tu Bruja del Caos puede atacar directamente a las Ciudades Feéricas.
game_strings/tutorial_second_city_phoenix,Hostile Faerie Cities will summon enemy fighters every day. A Phoenix empowered by a Training Camp is capable of attacking Faerie Cities directly.,Las Ciudades Feéricas hostiles invocarán guerreros enemigos cada día. Un Fénix potenciado por un Campo de Entrenamiento puede atacar directamente a las Ciudades Feéricas.
game_strings/tutorial_card_lock,Use,Usa
game_strings/tutorial_card lock_1,"to lock a card in place, preventing it from being pushed by other cards.","para bloquear una carta en su lugar, evitando que otras cartas la empujen."
game_strings/tutorial_autobuy,"Shift+Click on the Explore and Spells buttons to complete the transaction automatically, without needing to drag the necessary cards over.","Shift+Clic en los botones de Explorar y Hechizos para completar la transacción automáticamente, sin necesidad de arrastrar las cartas necesarias."
game_strings/tutorial_witch_portrait,Click on your witch's portrait in the bottom right to focus the camera on their card.,"Haz clic en el retrato de tu bruja, abajo a la derecha, para enfocar la cámara en su carta."
game_strings/tutorial_collapse,Double-Click on a village card to collapse its slots.,Haz doble clic en una carta de aldea para colapsar sus ranuras.
game_strings/tutorial_toggle,Building production can be paused and unpaused by clicking the toggle.,La producción de un edificio se puede pausar y reanudar haciendo clic en el interruptor.
game_strings/tutorial_magnets,Magnets can be used to streamline a variety of tasks.,Los imanes se pueden usar para agilizar diversas tareas.
game_strings/tutorial_chaos_familiar,Only your Chaos Witch can attack enemies. Familiars can be used to complete other tasks.,Solo tu Bruja del Caos puede atacar enemigos. Los familiares se pueden usar para completar otras tareas.
game_strings/tutorial_new_moon,There will be a New Moon tonight. Expect an enemy attack...,Esta noche habrá Luna Nueva. Espera un ataque enemigo...
game_strings/tutorial_enemy_cycle,Clicking the enemy counter in the HUD focuses the camera on existing enemies.,"Al hacer clic en el contador de enemigos del HUD, la cámara se enfoca en los enemigos existentes."
game_strings/tutorial_waypoint,Slot the Waypoint into a village to allow the purchase of higher level Explore cards.,Coloca el Punto de Ruta en una aldea para permitir la compra de cartas de Explorar de nivel superior.
game_strings/tutorial_phoenix_casting,The Phoenix cannot cast spells without special training.,El Fénix no puede lanzar hechizos sin entrenamiento especial.
game_strings/tutorial_corpses,Familiars become corpses on death. A Mausoleum wonder granted by the Council of Fates or a high-tier Revival Spell are capable of restoring familiars to their former glory.,"Los familiares se convierten en cadáveres al morir. Una maravilla Mausoleo otorgada por el Consejo de los Destinos, o un Hechizo de Revivir de alto nivel, pueden restaurar a los familiares a su antigua gloria."
card_stats/cStardrop_Name,Stardrop Coin,Moneda Estelar
card_stats/cStardrop_Desc,The currency of the Realms.,La moneda de los Reinos.
card_stats/cStardrop_Flavor,"Makes your wishes come true, as long as those wishes involve buying something.","Hace realidad tus deseos, siempre que esos deseos impliquen comprar algo."
card_stats/cCrystal_Name,Crystal,Cristal
card_stats/cCrystal_Desc,A common resource.,Un recurso común.
card_stats/cCrystal_Flavor,The shiny building block of witch civilization. Used in the creation of most buildings.,El brillante material de construcción de la civilización de las brujas. Se usa en la creación de la mayoria de los edificios.
card_stats/cMana_Name,Mana,Mana
card_stats/cMana_Desc,An invaluable resource.,Un recurso invaluable.
card_stats/cMana_Flavor,The essence of magic. Used in the casting of powerful spells and summoning of familiars.,La esencia de la magia. Se usa para lanzar hechizos poderosos e invocar familiares.
card_stats/cCrystalDeposit_Name,Crystal Deposit,Yacimiento de Cristal
card_stats/cCrystalDeposit_Desc,Combine with a Witch to mine what's inside.,Combina con una Bruja para extraer lo que hay dentro.
card_stats/cCrystalDeposit_Flavor,A Witch often prefers a personal touch when it comes to resource procurement.,Una Bruja suele preferir un toque personal a la hora de conseguir recursos.
card_stats/cExplore_Name,Explore,Explorar
card_stats/cExplore_Desc,Venture further into the Ninth.,Aventúrate más allá en el Noveno.
card_stats/cExplore1_Name,Explore,Explorar
card_stats/cExplore1_Desc,Venture further into the Ninth. Empowered by a Waypoint to Level 1.,Aventúrate más allá en el Noveno. Potenciado por un Punto de Ruta a Nivel 1.
card_stats/cExplore2_Name,Explore,Explorar
card_stats/cExplore2_Desc,Venture further into the Ninth. Empowered by a Waypoint to Level 2.,Aventúrate más allá en el Noveno. Potenciado por un Punto de Ruta a Nivel 2.
card_stats/cExplore3_Name,Explore,Explorar
card_stats/cExplore3_Desc,Venture further into the Ninth. Empowered by a Waypoint to Level 3.,Aventúrate más allá en el Noveno. Potenciado por un Punto de Ruta a Nivel 3.
card_stats/cReagents_Name,Reagents,Reactivos
card_stats/cReagents_Desc,Vital components for any Witch's spells.,Componentes vitales para los hechizos de cualquier Bruja.
card_stats/cReagents_Flavor,"A forgotten feather, a bloodied petal, a jar of eyeballs. All things have a purpose.","Una pluma olvidada, un petalo ensangrentado, un frasco de globos oculares. Todo tiene un proposito."
card_stats/cForest_Name,Forest,Bosque
card_stats/cForest_Desc,A potential home for a coven of witches?,¿Un posible hogar para un aquelarre de brujas?
card_stats/cForest_Flavor,The forests here twist and breath in unfamiliar ways. Alchemy ingredients are plentiful.,Los bosques de aquí se retuercen y respiran de formas poco familiares. Los ingredientes de alquimia abundan.
card_stats/cForestVillage_Name,Forest Village,Aldea del Bosque
card_stats/cForestVillage_Desc,Slotted buildings receive +10% Potion production speed.,Los edificios colocados aquí reciben +10% de velocidad de producción de Pociones.
card_stats/cForestVillage_Flavor,Witches in the woods.,Brujas en el bosque.
card_stats/cWitch_Name,Witch,Bruja
card_stats/cWitch_Desc,Wicked.,Malvada.
card_stats/cWitch_Flavor,Much rides on your success here in the Ninth realm.,"Mucho depende de tu éxito aquí, en el Noveno Reino."
card_stats/cCardPack_Name,Card Pack,Paquete de Cartas
card_stats/cCardPack_Desc,Click to open.,Haz clic para abrir.
card_stats/cCardPack_Flavor,A gift from your home realm.,Un regalo de tu reino natal.
card_stats/cCardPackFate_Name,Fated Reward,Recompensa del Destino
card_stats/cCardPackFate_Desc,Click to open.,Haz clic para abrir.
card_stats/cCardPackFate_Flavor,A reward from the Council of Fates.,Una recompensa del Consejo de los Destinos.
card_stats/cCardPackFateSilver_Name,Silver Reward,Recompensa de Plata
card_stats/cCardPackFateSilver_Desc,Click to open.,Haz clic para abrir.
card_stats/cCardPackFateSilver_Flavor,A reward from the Council of Fates.,Una recompensa del Consejo de los Destinos.
card_stats/cPotion_Name,Potion,Poción
card_stats/cPotion_Desc,Used to learn new spells.,Se usa para aprender nuevos hechizos.
card_stats/cPotion_Flavor,"The contents within appear as different colors to different people. Surely a quirk of the local ingredients used.

You'll want a lot of these.",Su contenido se ve de distintos colores según quien lo mire. Seguramente sea una peculiaridad de los ingredientes locales usados. Vas a querer muchas de estas.
card_stats/cAlchemistBlueprint_Name,Alchemist Spell,Hechizo Alquimista
card_stats/cAlchemistBlueprint_Flavor,"An Alchemist produces Potions, necessary for learning new spells.","Un Alquimista produce Pociones, necesarias para aprender nuevos hechizos."
card_stats/cAlchemist_Name,Alchemist,Alquimista
card_stats/cAlchemist_Desc,"A slow, constant source of Potions. Necessary for learning new spells. Must be slotted into a village.",Una fuente lenta y constante de Pociones. Necesario para aprender nuevos hechizos. Debe colocarse en una aldea.
card_stats/cAlchemist_Flavor,The potions created here will grant us access to the spells we need to survive the Ninth. Wise witches prioritze potion production.,Las pociones creadas aquí nos daran acceso a los hechizos que necesitamos para sobrevivir en el Noveno. Las brujas sabias priorizan la producción de pociones.
card_stats/cVillageUpgradeBlueprint_Name,Population Growth Spell,Hechizo Crecimiento Poblacional
card_stats/cVillageUpgradeBlueprint_Flavor,Population Growth cards increase a village's maximum building slots by 1 (up to 6).,Las cartas de Crecimiento Poblacional aumentan en 1 las ranuras máximas de edificios de una aldea (hasta 6).
card_stats/cVillageUpgrade_Name,Population Growth,Crecimiento Poblacional
card_stats/cVillageUpgrade_Desc, Increases a village's maximum building slots by 1 (up to 6). Consumed on use. Must be slotted into a village.,Aumenta en 1 las ranuras máximas de edificios de una aldea (hasta 6). Se consume al usarse. Debe colocarse en una aldea.
card_stats/cVillageUpgrade_Flavor,Further proof that your home realm trusts in your expedition.,Otra prueba más de que tu reino natal confía en tu expedición.
card_stats/cBeaconBlueprint_Name,Beacon Spell,Hechizo Baliza
card_stats/cBeaconBlueprint_Flavor,"Beacons are used to mark places of safety and refuge, turning a land card into a Village.","Las Balizas se usan para marcar lugares seguros y de refugio, convirtiendo una carta de tierra en una Aldea."
card_stats/cBeacon_Name,Beacon,Baliza
card_stats/cBeacon_Desc,Combine with a land card and a Witch to create a Village.,Combina con una carta de tierra y una Bruja para crear una Aldea.
card_stats/cBeacon_Flavor,Untrained eyes see only a dull candle's glow. For a witch: an undeniable beam of light to the heavens.,Ojos sin entrenar solo ven el resplandor apagado de una vela. Para una bruja: un haz de luz innegable hacia los cielos.
card_stats/cSummonBeacon_Name,Summoning Beacon,Invocando Baliza
card_stats/cSummonBeacon_Desc,A Beacon is on its way...,Una Baliza esta en camino...
card_stats/cSilversage_Name,Silversage,Salvia Plateada
card_stats/cSilversage_Desc,A critical ingredient in restorative spells.,Un ingrediente crítico en hechizos restaurativos.
card_stats/cSilversage_Flavor,"Unlike similar herbs from your homeland, these have a far more palatable taste.","A diferencia de hierbas similares de tu tierra natal, estas tienen un sabor mucho más agradable."
card_stats/cHealBlueprint_Name,Healing Touch,Toque Sanador
card_stats/cHealBlueprint_Flavor,Restores 2 health to the Witch who casts it.,Restaura 2 de salud a la Bruja que lo lanza.
card_stats/cFamiliarBlueprint_Name,Summon Familiar,Invocar Familiar
card_stats/cFamiliarBlueprint_Flavor,A witch never goes far without a helpful familiar (or two).,Una bruja nunca va muy lejos sin un familiar util (o dos).
card_stats/cSummonFamiliar_Name,Summoning Familiar,Invocando Familiar
card_stats/cSummonFamiliar_Desc,A Familiar is on its way...,Un Familiar esta en camino...
card_stats/cFamiliar_Name,Familiar,Familiar
card_stats/cFamiliar_Desc,Imbued with a fragment of its Witch's power. Cannot cast spells.,Imbuido con un fragmento del poder de su Bruja. No puede lanzar hechizos.
card_stats/cFamiliar_Flavor,"Dutiful, reliable, cute.","Diligente, confiable, tierno."
card_stats/cManaExtractorBlueprint_Name,Mana Extractor Spell,Hechizo Extractor de Mana
card_stats/cManaExtractorBlueprint_Flavor,Mana Extractors pull pure magical essence found deep within crystals.,Los Extractores de Mana extraen esencia mágica pura hallada en las profundidades de los cristales.
card_stats/cManaExtractor_Name,Mana Extractor,Extractor de Mana
card_stats/cManaExtractor_Desc,Combine with Crystals x 3 to create 1 Mana. Must be slotted into a village.,Combina con Cristal x 3 para crear 1 Mana. Debe colocarse en una aldea.
card_stats/cManaExtractor_Flavor,"The crystals turn to dust once the mana is extracted, necessitating a constant supply of fresh crystals.","Los cristales se convierten en polvo una vez extraido el mana, lo que exige un suministro constante de cristales frescos."
card_stats/cVoidling_Name,Voidling,Larva del Vacio
card_stats/cVoidling_Desc,Small and unfriendly.,Pequeña y poco amistosa.
card_stats/cVoidling_Flavor,It is difficult to hold its image in your mind.,Es difícil mantener su imagen en la mente.
card_stats/cVoidBeast_Name,Void Beast,Bestia del Vacio
card_stats/cVoidBeast_Desc,Large and unfriendly.,Grande y poco amistosa.
card_stats/cVoidBeast_Flavor,It is difficult to hold its image in your mind.,Es difícil mantener su imagen en la mente.
card_stats/cVoidSpike_Name,Void Spike,Pua del Vacio
card_stats/cVoidSpike_Desc,Might stab you.,Podria apuñalarte.
card_stats/cVoidSlime_Name,Void Slime,Limo del Vacio
card_stats/cVoidSlime_Desc,Splits in half when defeated.,Se divide en dos al ser derrotado.
card_stats/cVoidSlime_Flavor,"Like a small slime, but bigger.","Como un limo pequeño, pero más grande."
card_stats/cVoidSmallSlime_Name,Small Void Slime,Limo Pequeño del Vacio
card_stats/cVoidSmallSlime_Desc,"Like a big slime, but smaller.","Como un limo grande, pero más pequeño."
card_stats/cVoidGiantSlime_Name,Giant Void Slime,Limo Gigante del Vacio
card_stats/cVoidGiantSlime_Desc,Splits in half when defeated.,Se divide en dos al ser derrotado.
card_stats/cVoidGiantSlime_Flavor,Can fit so many slimes.,Le caben tantos limos.
card_stats/cVoidIcicle_Name,Void Icicle,Carámbano del Vacio
card_stats/cVoidIcicle_Desc,Freezes attackers. Frozen units unfreeze at the beginning of the next day.,Congela a quienes lo atacan. Las unidades congeladas se descongelan al comienzo del próximo día.
card_stats/cVoidIcicle_Flavor,Don't lick it.,No lo lamas.
card_stats/cVoidCocoon_Name,Void Cocoon,Capullo del Vacio
card_stats/cVoidCocoon_Desc,"When next the sun emerges, so too will the one dwelling within.","Cuando el sol vuelva a salir, también lo hará quien habita en su interior."
card_stats/cVoidEmergence_Name,Void Emergence,Emergencia del Vacio
card_stats/cVoidEmergence_Desc,Has blades for arms.,Tiene cuchillas por brazos.
card_stats/cVoidShieldling_Name,Void Shieldling,Escudero del Vacio
card_stats/cVoidShieldling_Desc,Shields its Void Lord from all harm.,Protege a su Señor del Vacio de todo daño.
card_stats/cVoidBoss_Name,Void Lord,Señor del Vacio
card_stats/cVoidBoss_Desc,Invulnerable while defended by its Shieldlings.,Invulnerable mientras lo defiendan sus Escuderos.
card_stats/cVoidBramble_Name,Void Bramble,Zarza del Vacio
card_stats/cVoidBramble_Desc,Pokey.,Espinosa.
card_stats/cVoidOgre_Name,Void Ogre,Ogro del Vacio
card_stats/cVoidOgre_Desc,"Very large, very unfriendly.","Muy grande, muy poco amistoso."
card_stats/cVoidColossus_Name,Void Colossus,Coloso del Vacio
card_stats/cVoidColossus_Desc,Way too big.,Demasiado grande.
card_stats/cVoidInfection_Name,Void Infection,Infección del Vacio
card_stats/cVoidInfection_Desc,Creates 1 Void Mote at the start of every day.,Crea 1 Mota del Vacio al comienzo de cada día.
card_stats/cVoidBomb_Name,Void Bomb,Bomba del Vacio
card_stats/cVoidBomb_Desc,One touch will set it off.,Un solo toque la hará estallar.
card_stats/cVoidHerald_Name,Void Herald,Heraldo del Vacio
card_stats/cVoidHerald_Desc,"When Void Herald defeats a familiar, it creates 2 Void Motes. Inflicts attackers with Weakened: -1 attack. Removed on taking damage.","Cuando el Heraldo del Vacio derrota a un familiar, crea 2 Motas del Vacio. Inflige Debilitado a quienes lo atacan: -1 de ataque. Se elimina al recibir daño."
card_stats/cVoidHerald_Flavor,You've passed the first test. Defeat this foe to pass the second. Prove you are worthy.,Has superado la primera prueba. Derrota a este enemigo para superar la segunda. Demuestra que eres digno.
card_stats/cVoidMote_Name,Void Mote,Mota del Vacio
card_stats/cVoidMote_Desc,Expires at the beginning of the next day.,Expira al comienzo del próximo día.
card_stats/cVoidKing1_Name,The Saint,El Santo
card_stats/cVoidKing1_Desc,Attack increased by number of other void enemies. Inflicts attackers with Marked: Receives x2 damage. Removed on taking damage.,Ataque aumentado según la cantidad de otros enemigos del vacio. Inflige Marcado a quienes lo atacan: recibe el doble de daño. Se elimina al recibir daño.
card_stats/cVoidKing2_Name,The Host,El Anfitrión
card_stats/cVoidKing2_Desc,Awakened from its slumber. Chance to create a Void Mote when dealt damage. Invulnerable while defended by its arms. Regenerates 1 of its arms at the start of every day.,Despertado de su letargo. Probabilidad de crear una Mota del Vacio al recibir daño. Invulnerable mientras lo defiendan sus brazos. Regenera 1 de sus brazos al comienzo de cada día.
card_stats/cVoidKing2_Flavor,"""Witches are so predictable. And so delicious.""",«Las brujas son tan predecibles. Y tan deliciosas.»
card_stats/cVoidKing3_Name,The Martyr,El Mártir
card_stats/cVoidKing3_Desc,Creates enemies at the start of every day.,Crea enemigos al comienzo de cada día.
card_stats/cSuperVoidKing1_Name,The Saint,El Santo
card_stats/cSuperVoidKing1_Desc,Attack increased by number of other void enemies. Inflicts attackers with Marked: Receives x2 damage. Removed on taking damage.,Ataque aumentado según la cantidad de otros enemigos del vacio. Inflige Marcado a quienes lo atacan: recibe el doble de daño. Se elimina al recibir daño.
card_stats/cSuperVoidKing2_Name,The Host,El Anfitrión
card_stats/cSuperVoidKing2_Desc,Unrestrained fury. Creates Void Motes when dealt damage. Invulnerable while defended by its arms. Regenerates 1 of its arms at the start of every day.,Furia desatada. Crea Motas del Vacio al recibir daño. Invulnerable mientras lo defiendan sus brazos. Regenera 1 de sus brazos al comienzo de cada día.
card_stats/cSuperVoidKing2_Flavor,"""Your kind would have survived, as I've allowed for so long. Instead, you've chosen extinction.""","«Los tuyos habrian sobrevivido, tal como permiti durante tanto tiempo. En cambio, elegiste la extinción.»"
card_stats/cSuperVoidKing3_Name,The Martyr,El Mártir
card_stats/cSuperVoidKing3_Desc,Creates enemies at the start of every day.,Crea enemigos al comienzo de cada día.
card_stats/cVoidSalts_Name,Void Salts,Sales del Vacio
card_stats/cVoidSalts_Desc,Collected from the remains of a manifestation of nothing.,Recolectadas de los restos de una manifestación de la nada.
card_stats/cVoidSalts_Flavor,Not technically edible.,Tecnicamente no son comestibles.
card_stats/cVoidCore_Name,Void Core,Núcleo del Vacio
card_stats/cVoidCore_Desc,Collected from the remains of a powerful manifestation of nothing.,Recolectado de los restos de una poderosa manifestación de la nada.
card_stats/cVoidCore_Flavor,Your vision goes black while holding it. Best to wear gloves.,Tu visión se vuelve negra al sostenerlo. Mejor usar guantes.
card_stats/cTerrainRecycler_Name,Terrain Recycler,Reciclador de Terreno
card_stats/cTerrainRecycler_Desc,Combine with any 2 land cards to produce Reagents. Must be slotted into a village.,Combina con 2 cartas de tierra cualesquiera para producir Reactivos. Debe colocarse en una aldea.
card_stats/cTerrainRecycler_Flavor,"An efficient way of finding reagents, but leaves the land unsuitable for witches for some time.","Una forma eficiente de conseguir reactivos, pero deja la tierra inutilizable para brujas por un tiempo."
card_stats/cHerbalist_Name,Herbalist,Herbolario
card_stats/cHerbalist_Desc,Used to turn Silversage into more Silversage. Must be slotted into a village.,Se usa para convertir Salvia Plateada en más Salvia Plateada. Debe colocarse en una aldea.
card_stats/cHerbalist_Flavor,A hedge witch's dream.,El sueño de toda bruja de campo.
card_stats/cCrystalQuarry_Name,Crystal Quarry,Cantera de Cristal
card_stats/cCrystalQuarry_Desc,"A slow, constant source of Crystals. Must be slotted into a village.",Una fuente lenta y constante de Cristal. Debe colocarse en una aldea.
card_stats/cCrystalQuarry_Flavor,A gentle hum echoes from deep within. Its origin is unclear.,Un suave zumbido resuena desde las profundidades. Su origen no esta claro.
card_stats/cTerrainRecyclerBlueprint_Name,Terrain Recycler Spell,Hechizo Reciclador de Terreno
card_stats/cTerrainRecyclerBlueprint_Flavor,A Terrain Recycler recycles land cards into Reagents.,Un Reciclador de Terreno recicla cartas de tierra en Reactivos.
card_stats/cHerbalistBlueprint_Name,Herbalist Spell,Hechizo Herbolario
card_stats/cHerbalistBlueprint_Flavor,An Herbalist can be used to grow Silversage.,Un Herbolario se puede usar para cultivar Salvia Plateada.
card_stats/cCrystalQuarryBlueprint_Name,Crystal Quarry Spell,Hechizo Cantera de Cristal
card_stats/cCrystalQuarryBlueprint_Flavor,A Crystal Quarry provides an unlimited supply of Crystals.,Una Cantera de Cristal ofrece un suministro ilimitado de Cristal.
card_stats/cMountain_Name,Mountain,Montana
card_stats/cMountain_Desc,A potential home for a coven of witches?,¿Un posible hogar para un aquelarre de brujas?
card_stats/cMountain_Flavor,You can sense the plentiful crystal deposits lurking within.,Puedes sentir los abundantes yacimientos de cristal que acechan en su interior.
card_stats/cMountainVillage_Name,Mountain Village,Aldea de la Montana
card_stats/cMountainVillage_Desc,Slotted buildings receive +10% Crystal production speed.,Los edificios colocados aquí reciben +10% de velocidad de producción de Cristal.
card_stats/cMountainVillage_Flavor,Witches up high.,Brujas en las alturas.
card_stats/cPlains_Name,Plains,Llanura
card_stats/cPlains_Desc,A potential home for a coven of witches?,¿Un posible hogar para un aquelarre de brujas?
card_stats/cPlains_Flavor,Mana flows easily here.,El mana fluye facilmente aquí.
card_stats/cPlainsVillage_Name,Plains Village,Aldea de la Llanura
card_stats/cPlainsVillage_Desc,Slotted buildings receive +10% Mana production speed.,Los edificios colocados aquí reciben +10% de velocidad de producción de Mana.
card_stats/cPlainsVillage_Flavor,Witches in the wide open.,Brujas a cielo abierto.
card_stats/cMoondrop_Name,Moondrop,Gota de Luna
card_stats/cMoondrop_Desc,Used to increase your influence in the Ninth.,Se usa para aumentar tu influencia en el Noveno.
card_stats/cMoondrop_Flavor,A concentrated blessing from the moon.,Una bendición concentrada de la luna.
card_stats/cCouncilQuest0_Name,Fated Quest,Misión del Destino
card_stats/cCouncilQuest0_Desc,"Bring Crystal x 2 here as tribute to the Council of Fates, and be rewarded.","Trae Cristal x 2 aquí como tributo al Consejo de los Destinos, y seras recompensado."
card_stats/cCouncilQuest0_Flavor,The council doubts your expedition. Prove them wrong.,El consejo duda de tu expedición. Demuestra que se equivocan.
card_stats/cCouncilQuest1_Name,Fated Quest,Misión del Destino
card_stats/cCouncilQuest1_Desc,"Bring Reagents x 2 here as tribute to the Council of Fates, and be rewarded.","Trae Reactivos x 2 aquí como tributo al Consejo de los Destinos, y seras recompensado."
card_stats/cCouncilQuest1_Flavor,The council doubts your expedition. Prove them wrong.,El consejo duda de tu expedición. Demuestra que se equivocan.
card_stats/cCouncilQuest2_Name,Fated Quest,Misión del Destino
card_stats/cCouncilQuest2_Desc,"Defeat an enemy, and be rewarded.","Derrota a un enemigo, y seras recompensado."
card_stats/cCouncilQuest2_Flavor,The council doubts your expedition. Prove them wrong.,El consejo duda de tu expedición. Demuestra que se equivocan.
card_stats/cCouncilQuest3_Name,Fated Quest,Misión del Destino
card_stats/cCouncilQuest3_Desc,"Summon a Familiar, and be rewarded.","Invoca a un Familiar, y seras recompensado."
card_stats/cCouncilQuest3_Flavor,The council doubts your expedition. Prove them wrong.,El consejo duda de tu expedición. Demuestra que se equivocan.
card_stats/cCouncilQuest4_Name,Fated Quest,Misión del Destino
card_stats/cCouncilQuest4_Desc,"Cast a spell that creates a building, and be rewarded.","Lanza un hechizo que cree un edificio, y seras recompensado."
card_stats/cCouncilQuest4_Flavor,The council doubts your expedition. Prove them wrong.,El consejo duda de tu expedición. Demuestra que se equivocan.
card_stats/cCouncilQuest5_Name,Fated Quest,Misión del Destino
card_stats/cCouncilQuest5_Desc,"Bring Capri Horn x 2 here as tribute to the Council of Fates, and be rewarded.","Trae Cuerno de Capri x 2 aquí como tributo al Consejo de los Destinos, y seras recompensado."
card_stats/cCouncilQuest5_Flavor,The council doubts your expedition. Prove them wrong.,El consejo duda de tu expedición. Demuestra que se equivocan.
card_stats/cCouncilQuest6_Name,Fated Quest,Misión del Destino
card_stats/cCouncilQuest6_Desc,"Use a Merchant to trade with a Faerie City, and be rewarded.","Usa un Mercader para comerciar con una Ciudad Feérica, y seras recompensado."
card_stats/cCouncilQuest6_Flavor,The council doubts your expedition. Prove them wrong.,El consejo duda de tu expedición. Demuestra que se equivocan.
card_stats/cCouncilQuest7_Name,Fated Quest,Misión del Destino
card_stats/cCouncilQuest7_Desc,"Use a Warrior to attack a Faerie City, and be rewarded.","Usa un Guerrero para atacar una Ciudad Feérica, y seras recompensado."
card_stats/cCouncilQuest7_Flavor,The council doubts your expedition. Prove them wrong.,El consejo duda de tu expedición. Demuestra que se equivocan.
card_stats/cCouncilQuest8_Name,Fated Quest,Misión del Destino
card_stats/cCouncilQuest8_Desc,"Use an Apprentice to cast a spell, and be rewarded.","Usa un Aprendiz para lanzar un hechizo, y seras recompensado."
card_stats/cCouncilQuest8_Flavor,The council doubts your expedition. Prove them wrong.,El consejo duda de tu expedición. Demuestra que se equivocan.
card_stats/cCouncilQuest9_Name,Fated Quest,Misión del Destino
card_stats/cCouncilQuest9_Desc,"Bring Gem Shard x 2 here as tribute to the Council of Fates, and be rewarded.","Trae Fragmento de Gema x 2 aquí como tributo al Consejo de los Destinos, y seras recompensado."
card_stats/cCouncilQuest9_Flavor,The council doubts your expedition. Prove them wrong.,El consejo duda de tu expedición. Demuestra que se equivocan.
card_stats/cCouncilQuest0Silver_Name,Silver Quest,Misión de Plata
card_stats/cCouncilQuest0Silver_Desc,"Bring Crystal x 6 here as tribute to the Council of Fates, and be rewarded.","Trae Cristal x 6 aquí como tributo al Consejo de los Destinos, y seras recompensado."
card_stats/cCouncilQuest0Silver_Flavor,The council doubts your expedition. Prove them wrong.,El consejo duda de tu expedición. Demuestra que se equivocan.
card_stats/cCouncilQuest1Silver_Name,Silver Quest,Misión de Plata
card_stats/cCouncilQuest1Silver_Desc,"Bring Reagents x 6 here as tribute to the Council of Fates, and be rewarded.","Trae Reactivos x 6 aquí como tributo al Consejo de los Destinos, y seras recompensado."
card_stats/cCouncilQuest1Silver_Flavor,The council doubts your expedition. Prove them wrong.,El consejo duda de tu expedición. Demuestra que se equivocan.
card_stats/cCouncilQuest5Silver_Name,Silver Quest,Misión de Plata
card_stats/cCouncilQuest5Silver_Desc,"Bring Capri Horn x 6 here as tribute to the Council of Fates, and be rewarded.","Trae Cuerno de Capri x 6 aquí como tributo al Consejo de los Destinos, y seras recompensado."
card_stats/cCouncilQuest5Silver_Flavor,The council doubts your expedition. Prove them wrong.,El consejo duda de tu expedición. Demuestra que se equivocan.
card_stats/cCouncilQuest9Silver_Name,Silver Quest,Misión de Plata
card_stats/cCouncilQuest9Silver_Desc,"Bring Gem Shard x 6 here as tribute to the Council of Fates, and be rewarded.","Trae Fragmento de Gema x 6 aquí como tributo al Consejo de los Destinos, y seras recompensado."
card_stats/cCouncilQuest9Silver_Flavor,The council doubts your expedition. Prove them wrong.,El consejo duda de tu expedición. Demuestra que se equivocan.
card_stats/cCouncilQuestSilverFamiliar_Name,Silver Quest,Misión de Plata
card_stats/cCouncilQuestSilverFamiliar_Desc,"Bring any Familiar here as tribute to the Council of Fates, and be rewarded.","Trae cualquier Familiar aquí como tributo al Consejo de los Destinos, y seras recompensado."
card_stats/cCouncilQuestSilverFamiliar_Flavor,The council doubts your expedition. Prove them wrong.,El consejo duda de tu expedición. Demuestra que se equivocan.
card_stats/cCouncilQuestGolden_Name,Golden Quest,Misión Dorada
card_stats/cCouncilQuestGolden_Desc,"Bring Stardrop Coin x 20 here as tribute to the Council of Fates, and be rewarded.","Trae Moneda Estelar x 20 aquí como tributo al Consejo de los Destinos, y seras recompensado."
card_stats/cCouncilQuestGolden_Flavor,"The council offers you a boon, if you can pay the price.","El consejo te ofrece un favor, si puedes pagar el precio."
card_stats/cCouncilQuestGoldenWonder_Name,Wonder Quest,Misión de la Maravilla
card_stats/cCouncilQuestGoldenWonder_Desc,"Bring Stardrop Coin x 20 here as tribute to the Council of Fates, and be rewarded with a Wonder.","Trae Moneda Estelar x 20 aquí como tributo al Consejo de los Destinos, y seras recompensado con una Maravilla."
card_stats/cCouncilQuestGoldenWonder_Flavor,"The council offers you a boon, if you can pay the price.","El consejo te ofrece un favor, si puedes pagar el precio."
card_stats/cRockGlem_Name,Rock Glem,Gema de Roca
card_stats/cRockGlem_Desc,"A popular trade good in the Ninth, valued by certain cities.","Un bien comercial popular en el Noveno, valorado por ciertas ciudades."
card_stats/cRockGlem_Flavor,The purest essence of rock and stone.,La esencia más pura de roca y piedra.
card_stats/cFloraGlem_Name,Flora Glem,Gema de Flora
card_stats/cFloraGlem_Desc,"A popular trade good in the Ninth, valued by certain cities.","Un bien comercial popular en el Noveno, valorado por ciertas ciudades."
card_stats/cFloraGlem_Flavor,"Pure, condensed nature.",Naturaleza pura y condensada.
card_stats/cLightningGlem_Name,Lightning Glem,Gema de Rayo
card_stats/cLightningGlem_Desc,"A popular trade good in the Ninth, valued by certain cities.","Un bien comercial popular en el Noveno, valorado por ciertas ciudades."
card_stats/cLightningGlem_Flavor,A storm rages within.,Una tormenta ruge en su interior.
card_stats/cMultiGlem_Name,Multi Glem,Gema Múltiple
card_stats/cMultiGlem_Desc,Condensed possibilities.,Posibilidades condensadas.
card_stats/cTrainingCamp_Name,Training Camp,Campo de Entrenamiento
card_stats/cTrainingCamp_Desc,Combine with a Familiar and a Mana to create a Warrior. Warriors may attack foreign cities. Must be slotted into a village.,Combina con un Familiar y un Mana para crear un Guerrero. Los Guerreros pueden atacar ciudades extranjeras. Debe colocarse en una aldea.
card_stats/cTrainingCamp_Flavor,Some familiars are called upon to protect their homes. They do so with brutal skill.,Algunos familiares son llamados a proteger sus hogares. Lo hacen con habilidad brutal.
card_stats/cTrainingCampBlueprint_Name,Training Camp Spell,Hechizo Campo de Entrenamiento
card_stats/cTrainingCampBlueprint_Flavor,"A Training Camp trains familiars in the art of combat, gifting them enhanced strength and the ability to attack foreign cities.","Un Campo de Entrenamiento entrena familiares en el arte del combate, otorgándoles fuerza mejorada y la capacidad de atacar ciudades extranjeras."
card_stats/cMarket_Name,Market,Mercado
card_stats/cMarket_Desc,Combine with a Familiar and a Mana to create a Merchant. Merchants may trade with foreign cities. Must be slotted into a village.,Combina con un Familiar y un Mana para crear un Mercader. Los Mercaderes pueden comerciar con ciudades extranjeras. Debe colocarse en una aldea.
card_stats/cMarket_Flavor,The mundane concept of commerce can sometimes be of use to witches.,El concepto mundano del comercio a veces puede serle util a las brujas.
card_stats/cMarketBlueprint_Name,Market Spell,Hechizo Mercado
card_stats/cMarketBlueprint_Flavor,"Markets train familiars in the art of trade, giving them the ability to trade with foreign cities.","Los Mercados entrenan familiares en el arte del comercio, dandoles la capacidad de comerciar con ciudades extranjeras."
card_stats/cFamiliarWarrior_Name,Warrior,Guerrero
card_stats/cFamiliarWarrior_Desc,A familiar trained for combat. May attack foreign cities.,Un familiar entrenado para el combate. Puede atacar ciudades extranjeras.
card_stats/cFamiliarWarrior_Flavor,"Familiars come in many shapes and forms, but are never without the capacity for battle.","Los familiares vienen en muchas formas, pero nunca sin capacidad para la batalla."
card_stats/cFamiliarMerchant_Name,Merchant,Mercader
card_stats/cFamiliarMerchant_Desc,A familiar with a love for money. May trade with foreign cities.,Un familiar con amor por el dinero. Puede comerciar con ciudades extranjeras.
card_stats/cFamiliarMerchant_Flavor,Sleeps with a stack of stardrops under their pillow. Wakes with a stiff neck.,Duerme con una pila de monedas estelares bajo la almohada. Se despierta con torticolis.
card_stats/cFaerieFighter_Name,Faerie Fighter,Luchador Feérico
card_stats/cFaerieFighter_Desc,Not very happy with you.,No muy contento contigo.
card_stats/cFaerieFighter_Flavor,A being of darkened light.,Un ser de luz oscurecida.
card_stats/cFaerieChampion_Name,Faerie Champion,Campeón Feérico
card_stats/cFaerieChampion_Desc,"When created, grants all other enemy Faerie units +1 armor.","Al ser creado, otorga +1 de armadura a todas las demás unidades Feéricas enemigas."
card_stats/cFaerieChampion_Flavor,A being of darkened light.,Un ser de luz oscurecida.
card_stats/cFaerieWarlord_Name,Faerie Warlord,Señor de la Guerra Feérico
card_stats/cFaerieWarlord_Desc,Attack +1 when below half health. Creates Faerie Fighters at the start of every day.,+1 de ataque cuando está por debajo de la mitad de su salud. Crea Luchadores Feéricos al comienzo de cada día.
card_stats/cFaerieWarlord_Flavor,The Faerie people rarely band together under a common cause. Rarer still do they do they do so under the banner of a Faerie Warlord. Such is the threat you pose.,El pueblo Feérico rara vez se une bajo una causa común. Mucho menos aún lo hace bajo el estandarte de un Señor de la Guerra Feérico. Tal es la amenaza que representas.
card_stats/cFaerieCity0_Name,Faerie City,Ciudad Feérica
card_stats/cFaerieCity0_Desc,Merchants placed here produce Rock Glems. Silversage cards may be sold here.,Los Mercaderes colocados aquí producen Gemas de Roca. Aquí se pueden vender cartas de Salvia Plateada.
card_stats/cFaerieCity0_Flavor,"Strangers to the Ninth, like you.","Forasteros en el Noveno, como tu."
card_stats/cFaerieCity1_Name,Faerie City,Ciudad Feérica
card_stats/cFaerieCity1_Desc,Merchants placed here produce Rock Glems. Bone cards may be sold here.,Los Mercaderes colocados aquí producen Gemas de Roca. Aquí se pueden vender cartas de Hueso.
card_stats/cFaerieCity1_Flavor,"Strangers to the Ninth, like you.","Forasteros en el Noveno, como tu."
card_stats/cFaerieCity2_Name,Faerie City,Ciudad Feérica
card_stats/cFaerieCity2_Desc,Merchants placed here produce Flora Glems. Rock Glem cards may be sold here.,Los Mercaderes colocados aquí producen Gemas de Flora. Aquí se pueden vender cartas de Gema de Roca.
card_stats/cFaerieCity2_Flavor,"Strangers to the Ninth, like you.","Forasteros en el Noveno, como tu."
card_stats/cFaerieCity3_Name,Faerie City,Ciudad Feérica
card_stats/cFaerieCity3_Desc,Merchants placed here produce Lightning Glems. Flora Glem cards may be sold here.,Los Mercaderes colocados aquí producen Gemas de Rayo. Aquí se pueden vender cartas de Gema de Flora.
card_stats/cFaerieCity3_Flavor,"Strangers to the Ninth, like you.","Forasteros en el Noveno, como tu."
card_stats/cFaerieCity4_Name,Faerie City,Ciudad Feérica
card_stats/cFaerieCity4_Desc,Merchants placed here produce Flora Glems. Lightning Glem cards may be sold here.,Los Mercaderes colocados aquí producen Gemas de Flora. Aquí se pueden vender cartas de Gema de Rayo.
card_stats/cFaerieCity4_Flavor,"Strangers to the Ninth, like you.","Forasteros en el Noveno, como tu."
card_stats/cFaerieCity5_Name,Faerie City,Ciudad Feérica
card_stats/cFaerieCity5_Desc,Merchants placed here produce Lightning Glems. Capri Horn cards may be sold here.,Los Mercaderes colocados aquí producen Gemas de Rayo. Aquí se pueden vender cartas de Cuerno de Capri.
card_stats/cFaerieCity5_Flavor,"Strangers to the Ninth, like you.","Forasteros en el Noveno, como tu."
card_stats/cFaerieCapital_Name,Caer Caru,Caer Caru
card_stats/cFaerieCapital_Desc,Faerie Capital. Merchants placed here produce Bone cards. Multi Glem cards may be sold here.,Capital Feérica. Los Mercaderes colocados aquí producen cartas de Hueso. Aquí se pueden vender cartas de Gema Múltiple.
card_stats/cFaerieCapital_Flavor,"Strangers to the Ninth, like you.","Forasteros en el Noveno, como tu."
card_stats/cBone_Name,Bone,Hueso
card_stats/cBone_Desc,Better to have more than you need than not have enough.,Mejor tener más de lo que necesitas que no tener suficiente.
card_stats/cBone_Flavor,Light pours through small cracks in the surface.,La luz se filtra por pequeñas grietas en la superficie.
card_stats/cFamiliarHome_Name,Familiar Home,Hogar de Familiares
card_stats/cFamiliarHome_Desc,Increases your Familiar Cap by 2. Must be slotted into a village.,Aumenta tu Límite de Familiares en 2. Debe colocarse en una aldea.
card_stats/cFamiliarHome_Flavor,Small homes for small friends.,Pequeños hogares para pequeños amigos.
card_stats/cFamiliarHomeBlueprint_Name,Familiar Home Spell,Hechizo Hogar de Familiares
card_stats/cFamiliarHomeBlueprint_Flavor,Familiar Homes increase your Familiar Cap by 2.,Los Hogares de Familiares aumentan tu Límite de Familiares en 2.
card_stats/cChaosSkull_Name,Chaos Skull,Cráneo del Caos
card_stats/cChaosSkull_Desc,A special resource used by Chaos Witches of the Sixth Realm.,Un recurso especial usado por las Brujas del Caos del Sexto Reino.
card_stats/cChaosSkull_Flavor,"While chaos is present in all things, some exhibit a marked higher level of disdain for the rules of fate.","Aunque el caos está presente en todas las cosas, algunas exhiben un desdén marcadamente mayor por las reglas del destino."
card_stats/cCelestialLink_Name,Celestial Link,Enlace Celestial
card_stats/cCelestialLink_Desc,"Connects to Celestial Links in other villages, increasing village resource production. Must be slotted into a village.","Se conecta con Enlaces Celestiales en otras aldeas, aumentando la producción de recursos de la aldea. Debe colocarse en una aldea."
card_stats/cCelestialLink_Flavor,"As the stars in the sky are connected, so are we.","Así como las estrellas en el cielo están conectadas, también lo estamos nosotras."
card_stats/cCelestialLinkBlueprint_Name,Celestial Link Spell,Hechizo Enlace Celestial
card_stats/cCelestialLinkBlueprint_Flavor,"A Celestial Link connects villages together, empowering their production.","Un Enlace Celestial conecta aldeas entre si, potenciando su producción."
card_stats/cCelestialDew_Name,Celestial Dew,Rocio Celestial
card_stats/cCelestialDew_Desc,A special resource used by Celestial Witches of the First Realm.,Un recurso especial usado por las Brujas Celestiales del Primer Reino.
card_stats/cCelestialDew_Flavor,Believed to originate from a long-dead star.,Se cree que proviene de una estrella muerta hace mucho tiempo.
card_stats/cCapri_Name,Capri,Capri
card_stats/cCapri_Desc,"These natural inhabitants of the Ninth are 50% goat, 50% fish, 100% cutie.","Estos habitantes naturales del Noveno son 50% cabra, 50% pez, 100% adorables."
card_stats/cCapri_Flavor,Not pants.,No son pantalones.
card_stats/cCapriHorn_Name,Capri Horn,Cuerno de Capri
card_stats/cCapriHorn_Desc,An uncommon resource.,Un recurso poco común.
card_stats/cCapriHorn_Flavor,"Capris shed their horns often, but only when they feel loved. Used for trade and casting spells.","Los Capri mudan sus cuernos con frecuencia, pero solo cuando se sienten amados. Se usan para comerciar y lanzar hechizos."
card_stats/cCapriPenBlueprint_Name,Capri Pen Spell,Hechizo Corral de Capri
card_stats/cCapriPenBlueprint_Flavor,A Capri Pen is a cozy home for a Capri.,Un Corral de Capri es un hogar acogedor para un Capri.
card_stats/cCapriPen_Name,Capri Pen,Corral de Capri
card_stats/cCapriPen_Desc,Bring a Capri here to give them a loving home. Must be slotted into a village.,Trae un Capri aquí para darle un hogar amoroso. Debe colocarse en una aldea.
card_stats/cCapriPen_Flavor,Smells like the ocean.,Huele al océano.
card_stats/cFirstWaypointBlueprint_Name,Waypoint: First Spell,Hechizo Punto de Ruta: Primero
card_stats/cFirstWaypointBlueprint_Flavor,"Waypoint: First upgrades purchased Explore cards to level 1, granting access to new cards.","Punto de Ruta: Primero mejora las cartas de Explorar compradas a nivel 1, otorgando acceso a cartas nuevas."
card_stats/cFirstWaypoint_Name,Waypoint: First,Punto de Ruta: Primero
card_stats/cFirstWaypoint_Desc,Upgrades purchased Explore cards to Level 1. Must be slotted into a village.,Mejora las cartas de Explorar compradas a Nivel 1. Debe colocarse en una aldea.
card_stats/cFirstWaypoint_Flavor,The council warned that navigating the Ninth would be difficult.,El consejo advirtió que navegar el Noveno seria difícil.
card_stats/cFamiliarApprentice_Name,Apprentice,Aprendiz
card_stats/cFamiliarApprentice_Desc,A familiar trained in the Witch's ways. Able to cast spells.,Un familiar entrenado en las artes de la Bruja. Capaz de lanzar hechizos.
card_stats/cFamiliarApprentice_Flavor,They're thinking about going back for their doctorate.,Están pensando en volver para hacer un doctorado.
card_stats/cSorcerersSchoolBlueprint_Name,Sorcerer's School Spell,Hechizo Escuela de Hechiceria
card_stats/cSorcerersSchoolBlueprint_Flavor,"A Sorcerer's School trains familiars into Apprentices, who are able to cast spells.","Una Escuela de Hechiceria entrena familiares como Aprendices, capaces de lanzar hechizos."
card_stats/cSorcerersSchool_Name,Sorcerer's School,Escuela de Hechiceria
card_stats/cSorcerersSchool_Desc,Combine with a Familiar and a Mana to create an Apprentice. Apprentices are able to cast spells. Must be slotted into a village.,Combina con un Familiar y un Mana para crear un Aprendiz. Los Aprendices pueden lanzar hechizos. Debe colocarse en una aldea.
card_stats/cSorcerersSchool_Flavor,"It is a difficult thing to teach a cat the dexterity required for casting even the most basic spell. The teachers here are very, very good.","Es difícil enseñarle a un gato la destreza necesaria para lanzar incluso el hechizo más basico. Los maestros de aquí son muy, muy buenos."
card_stats/cRuins_Name,Ruins,Ruinas
card_stats/cRuins_Desc,Contains forgotten treasures.,Contienen tesoros olvidados.
card_stats/cRuins_Flavor,The structures here are ancient yet unmistakably of witch origin.,Las estructuras de aquí son antiguas pero inconfundiblemente de origen brujeril.
card_stats/cStorageChestBlueprint_Name,Storage Chest Spell,Hechizo Cofre de Almacenamiento
card_stats/cStorageChestBlueprint_Flavor,A storage chest stores up to 60 of a single kind of resource card.,Un cofre de almacenamiento guarda hasta 60 cartas de un mismo tipo de recurso.
card_stats/cStorageChest_Name,Storage Chest,Cofre de Almacenamiento
card_stats/cStorageChest_Desc,"Stores up to 60 of a single kind of resource card. Click to withdraw 1 card, Shift+Click to withdraw 5 cards.

Locked chests remember their assigned resource when empty.","Guarda hasta 60 cartas de un mismo tipo de recurso. Haz clic para retirar 1 carta, Shift+Clic para retirar 5 cartas. Los cofres bloqueados recuerdan su recurso asignado cuando están vacios."
card_stats/cSummonFamiliarFated_Name,Summoning Familiar,Invocando Familiar
card_stats/cSummonFamiliarFated_Desc,A Familiar is on its way...,Un Familiar esta en camino...
card_stats/cFamiliarFated_Name,Fated Familiar,Familiar del Destino
card_stats/cFamiliarFated_Desc,A familiar with glorious purpose. Sent by the Council of Fates.,Un familiar con un proposito glorioso. Enviado por el Consejo de los Destinos.
card_stats/cFamiliarFated_Flavor,"Handpicked by the council itself, this elite familiar is one of the council's many tools used to correct the direction of fate.","Elegido a mano por el propio consejo, este familiar de elite es una de las muchas herramientas del consejo usadas para corregir el rumbo del destino."
card_stats/cSummonVoid_Name,Void Rift,Grieta del Vacio
card_stats/cSummonVoid_Desc,Something is about to emerge...,Algo está a punto de emerger...
card_stats/cFamiliarHealBlueprint_Name,Healing Wave,Ola Sanadora
card_stats/cFamiliarHealBlueprint_Flavor,Restores 1 health to all familiars.,Restaura 1 de salud a todos los familiares.
card_stats/cSuperFamiliarHealBlueprint_Name,Healing Torrent,Torrente Sanador
card_stats/cSuperFamiliarHealBlueprint_Flavor,Restores 3 health to all familiars.,Restaura 3 de salud a todos los familiares.
card_stats/cFamiliarEnvoy_Name,Envoy,Enviado
card_stats/cFamiliarEnvoy_Desc,A familiar able to improve relations with Faerie Cities. Defeated enemy Faerie units are instead befriended.,Un familiar capaz de mejorar las relaciones con las Ciudades Feéricas. Las unidades Feéricas enemigas derrotadas se vuelven amistosas en su lugar.
card_stats/cFamiliarEnvoy_Flavor,Dealings with the Faeries are often unpredictable. This familiar's job is to increase the chances of a favorable outcome.,Los tratos con las Hadas suelen ser impredecibles. El trabajo de este familiar es aumentar las probabilidades de un resultado favorable.
card_stats/cEmbassyBlueprint_Name,Embassy Spell,Hechizo Embajada
card_stats/cEmbassyBlueprint_Flavor,"An Embassy trains familiars into Envoys, who are able to improve relations with Faerie Cities.","Una Embajada entrena familiares como Enviados, capaces de mejorar las relaciones con las Ciudades Feéricas."
card_stats/cEmbassy_Name,Embassy,Embajada
card_stats/cEmbassy_Desc,Combine with a Familiar and a Mana to create an Envoy. Envoys are able to improve relations with Faerie Cities. Must be slotted into a village.,Combina con un Familiar y un Mana para crear un Enviado. Los Enviados pueden mejorar las relaciones con las Ciudades Feéricas. Debe colocarse en una aldea.
card_stats/cEmbassy_Flavor,"Relations between the nine realms are best described as ""uncertain,"" much to the annoyance of the Council of Fates.","Las relaciones entre los nueve reinos se describen mejor como «inciertas», para gran molestia del Consejo de los Destinos."
card_stats/cFamiliarFaerieFighter_Name,Faerie Fighter,Luchador Feérico
card_stats/cFamiliarFaerieFighter_Desc,A befriended Faerie.,Un Hada que se ha vuelto amistosa.
card_stats/cFamiliarFaerieFighter_Flavor,A being of darkened light. Has taken a liking to you.,Un ser de luz oscurecida. Le has caído bien.
card_stats/cGemDeposit_Name,Gem Deposit,Yacimiento de Gemas
card_stats/cGemDeposit_Desc,Combine with a Witch to mine what's inside.,Combina con una Bruja para extraer lo que hay dentro.
card_stats/cGemDeposit_Flavor,A Witch often prefers a personal touch when it comes to resource procurement.,Una Bruja suele preferir un toque personal a la hora de conseguir recursos.
card_stats/cGemShard_Name,Gem Shard,Fragmento de Gema
card_stats/cGemShard_Desc,An uncommon resource.,Un recurso poco común.
card_stats/cGemShard_Flavor,Not usable in this shattered state.,No se puede usar en este estado quebrado.
card_stats/cGemHeart_Name,Gem Heart,Corazón de Gema
card_stats/cGemHeart_Desc,A refined uncommon resource.,Un recurso refinado y poco común.
card_stats/cGemHeart_Flavor,"Used in creating higher-tier buildings. Valuable, fragile, and rarely allowed in the hands of an apprentice -- or the chaotic hands of witches of the Sixth.","Se usa para crear edificios de mayor nivel. Valioso, frágil, y raramente permitido en manos de un aprendiz, o en las caóticas manos de las brujas del Sexto."
card_stats/cGemForgeBlueprint_Name,Gem Forge Spell,Hechizo Forja de Gemas
card_stats/cGemForgeBlueprint_Flavor,A Gem Forge assembles Gem Shards into Gem Hearts.,Una Forja de Gemas ensambla Fragmentos de Gema en Corazones de Gema.
card_stats/cGemForge_Name,Gem Forge,Forja de Gemas
card_stats/cGemForge_Desc,Combine with Gem Shards x 3 to create 1 Gem Heart. Must be slotted into a village.,Combina con Fragmento de Gema x 3 para crear 1 Corazón de Gema. Debe colocarse en una aldea.
card_stats/cGemForge_Flavor,"Reassembling the shards of a gem heart is a precise, exacting art. Gem forges are built largely underground, to better contain explosive mistakes.","Reensamblar los fragmentos de un corazón de gema es un arte preciso y exigente. Las forjas de gemas se construyen mayormente bajo tierra, para contener mejor los errores explosivos."
card_stats/cRuinsVillage_Name,Renewed Village,Aldea Renacida
card_stats/cRuinsVillage_Desc,Built on the ruins of a lost witch civilization.,Construida sobre las ruinas de una civilización de brujas perdida.
card_stats/cRuinsVillage_Flavor,Witches amongst history.,Brujas entre la historia.
card_stats/cFamiliarFrostweaver_Name,Frostweaver,Tejegielos
card_stats/cFamiliarFrostweaver_Desc,Freezes enemies. Frozen units unfreeze at the beginning of the next day.,Congela enemigos. Las unidades congeladas se descongelan al comienzo del próximo día.
card_stats/cFamiliarFrostweaver_Flavor,Ice magic has risen in popularity in recent years. Fire users claim that it's just a fad. Water users are happy to be a part of something for once.,"La magia de hielo ha ganado popularidad en los ultimos años. Los usuarios de fuego dicen que es solo una moda pasajera. Los usuarios de agua están felices de ser parte de algo, por una vez."
card_stats/cFrostCrystal_Name,Frost Crystal,Cristal de Escarcha
card_stats/cFrostCrystal_Desc,Combine with a Familiar to create a Frostweaver.,Combina con un Familiar para crear un Tejegielos.
card_stats/cFrostCrystal_Flavor,A blizzard rages within.,Una tormenta de nieve ruge en su interior.
card_stats/cBottleVillage_Name,Village in a Bottle,Aldea en Botella
card_stats/cBottleVillage_Desc,Buildings slotted here cannot produce cards. Familiar Homes slotted here grant +1 Familiar Cap.,Los edificios colocados aquí no pueden producir cartas. Los Hogares de Familiares colocados aquí otorgan +1 al Límite de Familiares.
card_stats/cBottleVillage_Flavor,Witches in an itty bitty living space.,Brujas en un espacio de vida diminuto.
card_stats/cBottleVillageBlueprint_Name,Village in a Bottle Spell,Hechizo Aldea en Botella
card_stats/cBottleVillageBlueprint_Flavor,A Village in a Bottle starts with 4 building slots. Buildings slotted into it do not produce cards. Familiar Homes slotted here grant +1 Familiar Cap.,Una Aldea en Botella comienza con 4 ranuras de edificios. Los edificios colocados en ella no producen cartas. Los Hogares de Familiares colocados aquí otorgan +1 al Límite de Familiares.
card_stats/cVoidNest_Name,Void Nest,Nido del Vacio
card_stats/cVoidNest_Desc,Creates a haze that only Witches and Familiars may pass through. Will create enemies until destroyed by a Warrior.,Crea una bruma que solo Brujas y Familiares pueden atravesar. Creara enemigos hasta que sea destruido por un Guerrero.
card_stats/cVoidNest_Flavor,"It's difficult to move in the haze created by the void beings. Until recently, it covered the entirety of the Ninth Realm. Your expedition was not possible before the haze receded. ","Es difícil moverse en la bruma creada por los seres del vacio. Hasta hace poco, cubría todo el Noveno Reino. Tu expedición no habria sido posible antes de que la bruma retrocediera."
card_stats/cVoidHive_Name,Void Hive,Colmena del Vacio
card_stats/cVoidHive_Desc,Creates a haze that only Witches and Familiars may pass through. Will create enemies until destroyed by a Warrior.,Crea una bruma que solo Brujas y Familiares pueden atravesar. Creara enemigos hasta que sea destruida por un Guerrero.
card_stats/cVoidHive_Flavor,"A hive like this hasn't been seen since the second age, when the bastion city of the Eighth Realm fell to the void.","No se veia una colmena así desde la segunda era, cuando la ciudad bastion del Octavo Reino cayó ante el vacio."
card_stats/cFortuneTeller_Name,Fortune Teller,Adivina
card_stats/cFortuneTeller_Desc,"Expands your playing space, for a price. Payment accepted through the Fortune Chest. May draw the attention of the void...","Expande tu espacio de juego, a un precio. Los pagos se aceptan a través del Cofre de la Fortuna. Puede llamar la atención del vacio..."
card_stats/cFortuneTeller_Flavor,"No longer employed by the Council of Fates for foretelling futures that didn't align with the council's goals, she now specializes in finding the unfindable. By piercing the veil of possibilities, she's able to see what others often overlook.","Ya no trabaja para el Consejo de los Destinos prediciendo futuros que no se alineaban con los objetivos del consejo; ahora se especializa en encontrar lo inencontrable. Al atravesar el velo de las posibilidades, puede ver lo que otros suelen pasar por alto."
card_stats/cFortuneChest_Name,Fortune Chest,Cofre de la Fortuna
card_stats/cFortuneChest_Desc,"Store Stardrop Coins here as payment to the Fortune Teller. Click to withdraw 1 card, Shift+Click to withdraw 5 cards.","Guarda Monedas Estelares aquí como pago para la Adivina. Haz clic para retirar 1 carta, Shift+Clic para retirar 5 cartas."
card_stats/cMagnet_Name,Magnet,Iman
card_stats/cMagnet_Desc,A card stacked here will pull newly created cards of the same name.,Una carta apilada aquí atraera las cartas nuevas creadas con el mismo nombre.
card_stats/cMagnet_Flavor,"Witches typically bind magnet spells to literal magnets, but this is not strictly necessary. Some witches prefer to make getting groceries easier by casting it on their refrigerator. However, accidentally placing a spellbound magnet on a spellbound fridge creates a feedback loop that spoils your milk, making this practice uncommon.","Las brujas suelen atar hechizos de iman a imanes literales, pero esto no es estrictamente necesario. Algunas brujas prefieren facilitar las compras lanzandolo sobre su heladera. Sin embargo, colocar accidentalmente un iman hechizado sobre una heladera hechizada crea un bucle de retroalimentación que echa a perder la leche, por lo que esta práctica es poco común."
card_stats/cMagnetBlueprint_Name,Magnet Spell,Hechizo Iman
card_stats/cMagnetBlueprint_Flavor,A Magnet pulls newly created cards of the same name to it.,Un Iman atrae hacia si las cartas nuevas creadas con el mismo nombre.
card_stats/cMagnetLand_Name,Magnet: Land,Iman: Tierra
card_stats/cMagnetLand_Desc,Newly created land cards will be pulled here.,Las cartas de tierra recien creadas se atraeran aquí.
card_stats/cMagnetLand_Flavor,Don't ask how it works.,No preguntes como funciona.
card_stats/cMagnetLandBlueprint_Name,Magnet: Land Spell,Hechizo Iman: Tierra
card_stats/cMagnetLandBlueprint_Flavor,Magnet: Land is a specialized Magnet that pulls land cards.,Iman: Tierra es un Iman especializado que atrae cartas de tierra.
card_stats/cMagnetFireball_Name,Magnet: Fireball,Iman: Bola de Fuego
card_stats/cMagnetFireball_Desc,Newly created attack spell cards will be pulled here.,Las cartas de hechizo de ataque recien creadas se atraeran aquí.
card_stats/cMagnetFireball_Flavor,A consolidation of power.,Una consolidación de poder.
card_stats/cMagnetFireballBlueprint_Name,Magnet: Fireball Spell,Hechizo Iman: Bola de Fuego
card_stats/cMagnetFireballBlueprint_Flavor,Magnet: Fireball is a specialized Magnet that pulls attack spell cards.,Iman: Bola de Fuego es un Iman especializado que atrae cartas de hechizo de ataque.
card_stats/cMagnetChest_Name,Magnet Chest,Cofre Iman
card_stats/cMagnetChest_Desc,"Pulls newly created cards of the stored resource. Stores up to 100 of a single kind of resource card. Click to withdraw 1 card, Shift+Click to withdraw 5 cards.

Locked chests remember their assigned resource when empty.","Atrae las cartas nuevas creadas del recurso almacenado. Guarda hasta 100 cartas de un mismo tipo de recurso. Haz clic para retirar 1 carta, Shift+Clic para retirar 5 cartas. Los cofres bloqueados recuerdan su recurso asignado cuando están vacios."
card_stats/cNexusVillage_Name,Nexus,Nexo
card_stats/cNexusVillage_Desc,Resources stored in the Nexus are usable by any building.,Los recursos almacenados en el Nexo pueden ser usados por cualquier edificio.
card_stats/cNexusVillage_Flavor,"Getting reagents from plains for magic supply chains, that's logistics.","Conseguir reactivos de las llanuras para las cadenas de suministro mágico, eso es logística."
card_stats/cNexusVillageBlueprint_Name,Nexus Spell,Hechizo Nexo
card_stats/cNexusVillageBlueprint_Flavor,Resources stored in a Nexus are usable by any building.,Los recursos almacenados en un Nexo pueden ser usados por cualquier edificio.
card_stats/cNexusChest_Name,Nexus Chest,Cofre del Nexo
card_stats/cNexusChest_Desc,"Buildings will automatically use the resources stored here. Functions as a Magnet Chest. Stores up to 200 of a single kind of resource card. Click to withdraw 1 card, Shift+Click to withdraw 5 cards.

Locked chests remember their assigned resource when empty.","Los edificios usarán automáticamente los recursos almacenados aquí. Funciona como un Cofre Iman. Guarda hasta 200 cartas de un mismo tipo de recurso. Haz clic para retirar 1 carta, Shift+Clic para retirar 5 cartas. Los cofres bloqueados recuerdan su recurso asignado cuando están vacios."
card_stats/cWatchtower_Name,Watchtower,Atalaya
card_stats/cWatchtower_Desc,Familiars placed here will automatically attack enemies.,Los familiares colocados aquí atacaran automáticamente a los enemigos.
card_stats/cWatchtower_Flavor,"Having defended the realms from the void for generations, the Witches of the Watch are eager to finally go on the offensive.","Tras defender los reinos del vacio durante generaciones, las Brujas de la Vigilia están ansiosas por finalmente pasar a la ofensiva."
card_stats/cWatchtowerBlueprint_Name,Watchtower Spell,Hechizo Atalaya
card_stats/cWatchtowerBlueprint_Flavor,Familiars placed on a Watchtower will automatically attack enemies.,Los familiares colocados en una Atalaya atacaran automáticamente a los enemigos.
card_stats/cChaosWatchtower_Name,Watchtower,Atalaya
card_stats/cChaosWatchtower_Desc,"When your Chaos Witch is placed here, they will automatically attack enemies.","Cuando tu Bruja del Caos se coloca aquí, atacara automáticamente a los enemigos."
card_stats/cChaosWatchtower_Flavor,"Having defended the realms from the void for generations, the Witches of the Watch are eager to finally go on the offensive.","Tras defender los reinos del vacio durante generaciones, las Brujas de la Vigilia están ansiosas por finalmente pasar a la ofensiva."
card_stats/cChaosWatchtowerBlueprint_Name,Watchtower Spell,Hechizo Atalaya
card_stats/cChaosWatchtowerBlueprint_Flavor,"When your Chaos Witch is placed on a Watchtower, they will automatically attack enemies.","Cuando tu Bruja del Caos se coloca en una Atalaya, atacara automáticamente a los enemigos."
card_stats/cBog_Name,Bog,Pantano
card_stats/cBog_Desc,A potential home for a coven of witches?,¿Un posible hogar para un aquelarre de brujas?
card_stats/cBog_Flavor,Has an eternal stench. Reagents are easily found here.,Tiene un hedor eterno. Los Reactivos se encuentran facilmente aquí.
card_stats/cBogVillage_Name,Bog Village,Aldea del Pantano
card_stats/cBogVillage_Desc,Slotted buildings receive +10% Reagents production speed.,Los edificios colocados aquí reciben +10% de velocidad de producción de Reactivos.
card_stats/cBogVillage_Flavor,Witches in damp places.,Brujas en lugares húmedos.
card_stats/cSecondWaypointBlueprint_Name,Waypoint: Second Spell,Hechizo Punto de Ruta: Segundo
card_stats/cSecondWaypointBlueprint_Flavor,"Waypoint: Second upgrades purchased Explore cards to level 2, granting access to new cards.","Punto de Ruta: Segundo mejora las cartas de Explorar compradas a nivel 2, otorgando acceso a cartas nuevas."
card_stats/cSecondWaypoint_Name,Waypoint: Second,Punto de Ruta: Segundo
card_stats/cSecondWaypoint_Desc,Upgrades purchased Explore cards to Level 2. Must be slotted into a village.,Mejora las cartas de Explorar compradas a Nivel 2. Debe colocarse en una aldea.
card_stats/cSecondWaypoint_Flavor,The council warned that navigating the Ninth would be difficult.,El consejo advirtió que navegar el Noveno seria difícil.
card_stats/cSunAltarBlueprint_Name,Sun Altar Spell,Hechizo Altar Solar
card_stats/cSunAltarBlueprint_Flavor,A Sun Altar prevents your Witch's death 1 time.,Un Altar Solar evita la muerte de tu Bruja 1 vez.
card_stats/cSunAltar_Name,Sun Altar,Altar Solar
card_stats/cSunAltar_Desc,Prevents your Witch's death 1 time. Must be slotted into a village.,Evita la muerte de tu Bruja 1 vez. Debe colocarse en una aldea.
card_stats/cSunAltar_Flavor,"All celestial objects have their gifts to give, if you know how to ask.","Todos los cuerpos celestes tienen dones para dar, si sabes como pedirlos."
card_stats/cMoonAltarBlueprint_Name,Moon Altar Spell,Hechizo Altar Lunar
card_stats/cMoonAltarBlueprint_Flavor,A Moon Altar restores +1 health to your Witch at the end of every day.,Un Altar Lunar restaura +1 de salud a tu Bruja al final de cada día.
card_stats/cMoonAltar_Name,Moon Altar,Altar Lunar
card_stats/cMoonAltar_Desc,Restores +1 health to your Witch at the end of every day. Must be slotted into a village.,Restaura +1 de salud a tu Bruja al final de cada día. Debe colocarse en una aldea.
card_stats/cMoonAltar_Flavor,"All celestial objects have their gifts to give, if you know how to ask.","Todos los cuerpos celestes tienen dones para dar, si sabes como pedirlos."
card_stats/cVoidRuins_Name,Void Ruins,Ruinas del Vacio
card_stats/cVoidRuins_Desc,Contains a powerful evil.,Contienen un mal poderoso.
card_stats/cVoidRuins_Flavor,"While similar structures form during void incursions into the realms, these are unimaginably old.","Aunque estructuras similares se forman durante las incursiones del vacio en los reinos, estas son inimaginablemente antiguas."
card_stats/cSpellArchiveBlueprint_Name,Spell Archive Spell,Hechizo Archivo de Hechizos
card_stats/cSpellArchiveBlueprint_Flavor,A Spell Archive crafts Capri Horns into Spell Pages.,Un Archivo de Hechizos convierte Cuernos de Capri en Páginas de Hechizo.
card_stats/cSpellArchive_Name,Spell Archive,Archivo de Hechizos
card_stats/cSpellArchive_Desc,Combine with Capri Horn x 2 to create 1 Spell Page. Must be slotted into a village.,Combina con Cuerno de Capri x 2 para crear 1 Página de Hechizo. Debe colocarse en una aldea.
card_stats/cSpellArchive_Flavor,"Staffed by expert spellcrafters and archivists of the Second Realm, the halls of these archives lie in complete disarray. ""It helps the process"" they claim.","Atendidos por hechiceros expertos y archivistas del Segundo Reino, los pasillos de estos archivos están en completo desorden. «Ayuda al proceso», afirman."
card_stats/cSpellPage_Name,Spell Page,Página de Hechizo
card_stats/cSpellPage_Desc,Used to cast powerful attack spells.,Se usa para lanzar poderosos hechizos de ataque.
card_stats/cSpellPage_Flavor,Who left this here?,¿Quien dejo esto aquí?
card_stats/cFireballBlueprint_Name,Fireball Spell,Hechizo Bola de Fuego
card_stats/cFireballBlueprint_Flavor,Creates a Fireball that can be used to deal 3 damage.,Crea una Bola de Fuego que se puede usar para infligir 3 de daño.
card_stats/cFireball_Name,Fireball,Bola de Fuego
card_stats/cFireball_Desc,Deals 3 damage.,Inflige 3 de daño.
card_stats/cFireball_Flavor,A hands-off approach to setting your enemies on fire.,Un enfoque distante para prenderle fuego a tus enemigos.
card_stats/cRuinedFoundation_Name,Ruined Foundation,Cimiento en Ruinas
card_stats/cRuinedFoundation_Desc,A village once stood here.,Aquí una vez hubo una aldea.
card_stats/cRuinedFoundation_Flavor,The surviving foundations seem to be of ancient witch design. It'd be easy to make yourself at home here.,Los cimientos que sobreviven parecen ser de un antiguo diseño de brujas. Seria fácil sentirse como en casa aquí.
card_stats/cPathfindingBlueprint_Name,Pathfinding Spell,Hechizo Búsqueda de Ruta
card_stats/cPathfindingBlueprint_Flavor,Creates a random Land card.,Crea una carta de Tierra aleatoria.
card_stats/cMoonglade_Name,Moonglade,Claro de Luna
card_stats/cMoonglade_Desc,A potential home for a coven of witches?,¿Un posible hogar para un aquelarre de brujas?
card_stats/cMoonglade_Flavor,The gentle moonlight here is invigorating.,La suave luz de la luna aquí es vigorizante.
card_stats/cMoongladeVillage_Name,Moonglade Village,Aldea del Claro de Luna
card_stats/cMoongladeVillage_Desc,Slotted buildings receive +5% production speed.,Los edificios colocados aquí reciben +5% de velocidad de producción.
card_stats/cMoongladeVillage_Flavor,Witches under moonlight.,Brujas bajo la luz de la luna.
card_stats/cAutocaster_Name,Autocaster,Autolanzador
card_stats/cAutocaster_Desc,Spell cards slotted here will automatically pull the cards they need from a Nexus. A Witch is still required to cast the spell.,Las cartas de hechizo colocadas aquí atraeran automáticamente las cartas que necesitan desde un Nexo. Aún se necesita una Bruja para lanzar el hechizo.
card_stats/cAutocaster_Flavor,Full-time spellcasters are in high demand back in the realms. The certification process is intense but the salary and prestige is well worth it.,"Los hechiceros de tiempo completo tienen mucha demanda en los reinos. El proceso de certificación es intenso, pero el salario y el prestigio valen la pena."
card_stats/cAutocasterBlueprint_Name,Autocaster Spell,Hechizo Autolanzador
card_stats/cAutocasterBlueprint_Flavor,Spell cards slotted into an Autocaster will automatically pull the cards they need from a Nexus. A Witch is still required to cast the spell.,Las cartas de hechizo colocadas en un Autolanzador atraeran automáticamente las cartas que necesitan desde un Nexo. Aún se necesita una Bruja para lanzar el hechizo.
card_stats/cUmbralMana_Name,Umbral Mana,Mana Sombrio
card_stats/cUmbralMana_Desc,An invaluable resource.,Un recurso invaluable.
card_stats/cUmbralMana_Flavor,The essence of nothing.,La esencia de la nada.
card_stats/cVoidWorkshopBlueprint_Name,Void Workshop Spell,Hechizo Taller del Vacio
card_stats/cVoidWorkshopBlueprint_Flavor,A Void Workshop crafts Void Salts into Umbral Mana.,Un Taller del Vacio convierte Sales del Vacio en Mana Sombrio.
card_stats/cVoidWorkshop_Name,Void Workshop,Taller del Vacio
card_stats/cVoidWorkshop_Desc,Combine with Void Salts x 5 and Mana x 1 to create 1 Umbral Mana. Must be slotted into a village.,Combina con Sales del Vacio x 5 y Mana x 1 para crear 1 Mana Sombrio. Debe colocarse en una aldea.
card_stats/cVoidWorkshop_Flavor,"The Council of Fates has forbidden all experimentation with the void. But this is the Ninth, and the council isn't here.","El Consejo de los Destinos ha prohibido toda experimentación con el vacio. Pero esto es el Noveno, y el consejo no esta aquí."
card_stats/cBlacksmithBlueprint_Name,Blacksmith Spell,Hechizo Herreria
card_stats/cBlacksmithBlueprint_Flavor,"A Blacksmith creates Swords, used to increase damage.","Una Herreria crea Espadas, usadas para aumentar el daño."
card_stats/cBlacksmith_Name,Blacksmith,Herreria
card_stats/cBlacksmith_Desc,Combine with Umbral Mana x 1 and Reagents x 1 to create 1 Umbral Sword. Must be slotted into a village.,Combina con Mana Sombrio x 1 y Reactivos x 1 para crear 1 Espada Sombria. Debe colocarse en una aldea.
card_stats/cBlacksmith_Flavor,Giving swords to cats is never a bad idea.,Darles espadas a los gatos nunca es mala idea.
card_stats/cSword_Name,Umbral Sword,Espada Sombria
card_stats/cSword_Desc,Combine with a Familiar to grant it +1 attack. Consumed on use.,Combina con un Familiar para otorgarle +1 de ataque. Se consume al usarse.
card_stats/cSword_Flavor,Forged with ancient techniques predating recorded history.,Forjada con tecnicas ancestrales anteriores a la historia registrada.
card_stats/cArmoryBlueprint_Name,Armory Spell,Hechizo Armeria
card_stats/cArmoryBlueprint_Flavor,"An Armory creates Shields, used to add armor.","Una Armeria crea Escudos, usados para añadir armadura."
card_stats/cArmory_Name,Armory,Armeria
card_stats/cArmory_Desc,Combine with Umbral Mana x 1 and Reagents x 1 to create 1 Umbral Shield. Must be slotted into a village.,Combina con Mana Sombrio x 1 y Reactivos x 1 para crear 1 Escudo Sombrio. Debe colocarse en una aldea.
card_stats/cArmory_Flavor,"Armories such as this one have long equipped witches for combat with their enemies, be they void, fearie, or worse.","Armerias como esta han equipado durante mucho tiempo a las brujas para el combate contra sus enemigos, ya sean del vacio, feéricos, o algo peor."
card_stats/cShield_Name,Umbral Shield,Escudo Sombrio
card_stats/cShield_Desc,Combine with a Familiar to grant it +1 armor. Armor cannot exceed Familiar's max health. Consumed on use.,Combina con un Familiar para otorgarle +1 de armadura. La armadura no puede superar la salud máxima del Familiar. Se consume al usarse.
card_stats/cShield_Flavor,Forged with ancient techniques predating recorded history.,Forjado con tecnicas ancestrales anteriores a la historia registrada.
card_stats/cGemQuarryBlueprint_Name,Gem Quarry Spell,Hechizo Cantera de Gemas
card_stats/cGemQuarryBlueprint_Flavor,A gem quarry provides an unlimited supply of Gem Shards.,Una cantera de gemas ofrece un suministro ilimitado de Fragmentos de Gema.
card_stats/cGemQuarry_Name,Gem Quarry,Cantera de Gemas
card_stats/cGemQuarry_Desc,"A slow, constant source of Gem Shards. Must be slotted into a village.",Una fuente lenta y constante de Fragmentos de Gema. Debe colocarse en una aldea.
card_stats/cGemQuarry_Flavor,Like a crystal quarry but with more green.,"Como una cantera de cristal, pero más verde."
card_stats/cSoulTrainerBlueprint_Name,Soul Trainer Spell,Hechizo Entrenador de Almas
card_stats/cSoulTrainerBlueprint_Flavor,A Soul Trainer returns any trained Familiar to their base Familiar form.,Un Entrenador de Almas devuelve a cualquier Familiar entrenado a su forma base de Familiar.
card_stats/cSoulTrainer_Name,Soul Trainer,Entrenador de Almas
card_stats/cSoulTrainer_Desc,Combine with any trained Familiar to return them to their base Familiar form. Must be slotted into a village.,Combina con cualquier Familiar entrenado para devolverlo a su forma base de Familiar. Debe colocarse en una aldea.
card_stats/cSoulTrainer_Flavor,"Affectionately nicknamed the ""mid-life crisis,"" soul trainers help familiars chart a new course for themselves.","Apodado cariñosamente «la crisis de la mediana edad», el entrenador de almas ayuda a los familiares a trazar un nuevo rumbo para si mismos."
card_stats/cThirdWaypointBlueprint_Name,Waypoint: Third Spell,Hechizo Punto de Ruta: Tercero
card_stats/cThirdWaypointBlueprint_Flavor,"Waypoint: Third upgrades purchased Explore cards to level 3, granting access to new cards.","Punto de Ruta: Tercero mejora las cartas de Explorar compradas a nivel 3, otorgando acceso a cartas nuevas."
card_stats/cThirdWaypoint_Name,Waypoint: Third,Punto de Ruta: Tercero
card_stats/cThirdWaypoint_Desc,Upgrades purchased Explore cards to Level 3. Must be slotted into a village.,Mejora las cartas de Explorar compradas a Nivel 3. Debe colocarse en una aldea.
card_stats/cThirdWaypoint_Flavor,The council warned that navigating the Ninth would be difficult.,El consejo advirtió que navegar el Noveno seria difícil.
card_stats/cFamiliarScout_Name,Scout,Explorador
card_stats/cFamiliarScout_Desc,Explores twice as fast.,Explora el doble de rápido.
card_stats/cFamiliarScout_Flavor,Inseparable from their trusty steed.,Inseparable de su fiel corcel.
card_stats/cOutpostBlueprint_Name,Outpost Spell,Hechizo Puesto Avanzado
card_stats/cOutpostBlueprint_Flavor,"An Outpost trains familiars into Scouts, who explore twice as fast.","Un Puesto Avanzado entrena familiares como Exploradores, que exploran el doble de rápido."
card_stats/cOutpost_Name,Outpost,Puesto Avanzado
card_stats/cOutpost_Desc,Combine with a Familiar and a Mana to create a Scout. Scouts explore twice as fast. Must be slotted into a village.,Combina con un Familiar y un Mana para crear un Explorador. Los Exploradores exploran el doble de rápido. Debe colocarse en una aldea.
card_stats/cOutpost_Flavor,"During the Second Fae War, outposts like this one were used to train and supply familiars for long-duration recon missions. Familiar duos were commonly chosen for this lonely task.","Durante la Segunda Guerra de las Hadas, puestos avanzados como este se usaban para entrenar y abastecer familiares en misiones de reconocimiento de larga duración. Los duos de familiares eran los más elegidos para esta solitaria tarea."
card_stats/cFaerieGroves_Name,Faerie Groves,Bosquecillos Feéricos
card_stats/cFaerieGroves_Desc,The Faeries were quick to expand into the Ninth. Their forests have overtaken countless ruins that will take a lifetime to explore.,Las Hadas se expandieron rapidamente hacia el Noveno. Sus bosques han cubierto incontables ruinas que tomará una vida entera explorar.
card_stats/cVoidChasm_Name,Void Chasm,Abismo del Vacio
card_stats/cVoidChasm_Desc,Contains an immense evil.,Contiene un mal inmenso.
card_stats/cVoidChasm_Flavor,"During their incursions into the realms, the void would open chasms wide enough to swallow entire villages.","Durante sus incursiones en los reinos, el vacio abría abismos lo bastante anchos como para tragarse aldeas enteras."
card_stats/cSilverLight_Name,Silver Light,Luz de Plata
card_stats/cSilverLight_Desc,Contains untold restorative properties.,Contiene propiedades restaurativas indescriptibles.
card_stats/cSilverLight_Flavor,"""All things are real, unless you dream they're not.""","«Todas las cosas son reales, a menos que suenes que no lo son.»"
card_stats/cCorpse_Name,Corpse,Cadaver
card_stats/cCorpse_Desc,They will be missed.,Será extrañado.
card_stats/cRevivalBlueprint_Name,Revival Spell,Hechizo Reanimación
card_stats/cRevivalBlueprint_Flavor,Breathes new life into a fallen familiar.,Devuelve la vida a un familiar caído.
card_stats/cSummonFamiliarRevival_Name,Reviving,Reviviendo
card_stats/cSummonFamiliarRevival_Desc,A Familiar is on its way...,Un Familiar esta en camino...
card_stats/cFamiliarNeighborhoodBlueprint_Name,Neighborhood Spell,Hechizo Vecindario
card_stats/cFamiliarNeighborhoodBlueprint_Flavor,Neighborhoods increase your Familiar Cap by 5.,Los Vecindarios aumentan tu Límite de Familiares en 5.
card_stats/cFamiliarNeighborhood_Name,Neighborhood,Vecindario
card_stats/cFamiliarNeighborhood_Desc,Increases your Familiar Cap by 5. Must be slotted into a village.,Aumenta tu Límite de Familiares en 5. Debe colocarse en una aldea.
card_stats/cFamiliarNeighborhood_Flavor,Many small homes for many small friends.,Muchos hogares pequeños para muchos amigos pequeños.
card_stats/cAncientEmpire_Name,Ancient Empire,Imperio Antiguo
card_stats/cAncientEmpire_Desc,Envoys placed here will slowly improve relations over time.,Los Enviados colocados aquí mejoraran lentamente las relaciones con el tiempo.
card_stats/cAncientEmpire_Flavor,Survivors of another age.,Sobrevivientes de otra era.
card_stats/cAncientEmpireFriendly_Name,Ancient Empire,Imperio Antiguo
card_stats/cAncientEmpireFriendly_Desc,Has taken a slight interest in you.,Ha mostrado un ligero interés en ti.
card_stats/cAncientEmpireFriendly_Flavor,Survivors of another age.,Sobrevivientes de otra era.
card_stats/cAncientQuest0_Name,Ancient Quest,Misión Antigua
card_stats/cAncientQuest0_Desc,Bring Moondrop x 2 here to improve relations with the Ancient Empire.,Trae Gota de Luna x 2 aquí para mejorar las relaciones con el Imperio Antiguo.
card_stats/cAncientQuest0_Flavor,The Ancient Empire is curious to see what you hope to accomplish here in the Ninth.,El Imperio Antiguo tiene curiosidad por ver que esperas lograr aquí en el Noveno.
card_stats/cAncientQuest1_Name,Ancient Quest,Misión Antigua
card_stats/cAncientQuest1_Desc,Create a Waypoint: First to improve relations with the Ancient Empire.,Crea un Punto de Ruta: Primero para mejorar las relaciones con el Imperio Antiguo.
card_stats/cAncientQuest1_Flavor,The Ancient Empire is curious to see what you hope to accomplish here in the Ninth.,El Imperio Antiguo tiene curiosidad por ver que esperas lograr aquí en el Noveno.
card_stats/cAncientQuest2_Name,Ancient Quest,Misión Antigua
card_stats/cAncientQuest2_Desc,Create a Village to improve relations with the Ancient Empire.,Crea una Aldea para mejorar las relaciones con el Imperio Antiguo.
card_stats/cAncientQuest2_Flavor,The Ancient Empire is curious to see what you hope to accomplish here in the Ninth.,El Imperio Antiguo tiene curiosidad por ver que esperas lograr aquí en el Noveno.
card_stats/cAncientSentinel_Name,Ancient Sentinel,Centinela Antiguo
card_stats/cAncientSentinel_Desc,Tireless defender of what remains of a once mighty empire.,Defensor incansable de lo que queda de un imperio alguna vez poderoso.
card_stats/cAncientSentinel_Flavor,"Aware of your presence, but could not be less interested.","Consciente de tu presencia, pero no podria interesarle menos."
card_stats/cCardPackAncient_Name,Ancient Gift,Regalo Antiguo
card_stats/cCardPackAncient_Desc,Click to open.,Haz clic para abrir.
card_stats/cCardPackAncient_Flavor,A gift from the Ancient Empire.,Un regalo del Imperio Antiguo.
card_stats/cSummonFamiliarAncient_Name,Summoning Familiar,Invocando Familiar
card_stats/cSummonFamiliarAncient_Desc,A Familiar is on its way...,Un Familiar esta en camino...
card_stats/cFamiliarAncient_Name,Ancient Familiar,Familiar Antiguo
card_stats/cFamiliarAncient_Desc,Beeps when happy. A gift from the Ancient Empire.,Emite pitidos cuando está feliz. Un regalo del Imperio Antiguo.
card_stats/cFamiliarAncient_Flavor,A secret magic has allowed the Ancient Empire to survive in the Ninth for all these years. This familiar is infused with a small piece of that magic.,Una magia secreta ha permitido que el Imperio Antiguo sobreviva en el Noveno durante todos estos años. Este familiar está imbuido con un pequeño fragmento de esa magia.
card_stats/cCelestialSanctum_Name,Celestial Sanctum,Santuario Celestial
card_stats/cCelestialSanctum_Desc,Every witch needs one.,Toda bruja necesita uno.
card_stats/cCelestialSanctum_Flavor,"Celestial Witches of the First Realm draw their magic from the celestial bodies of the heavens. Sanctums like this one allow them to further align themselves with the stars, increasing their mastery over fate.","Las Brujas Celestiales del Primer Reino extraen su magia de los cuerpos celestes de los cielos. Santuarios como este les permiten alinearse aún más con las estrellas, aumentando su dominio sobre el destino."
card_stats/cCelestialSanctumBlueprint_Name,Celestial Sanctum Spell,Hechizo Santuario Celestial
card_stats/cCelestialSanctumBlueprint_Flavor,A Celestial Sanctum is able to empower your Witch.,Un Santuario Celestial puede potenciar a tu Bruja.
card_stats/cWitchsSanctumArmor_Name,Empower Armor,Potenciar Armadura
card_stats/cWitchsSanctumArmor_Desc,Combine with your Witch and Celestial Dew x 10 to grant them +1 armor. Armor cannot exceed Witch's max health.,Combina con tu Bruja y Rocio Celestial x 10 para otorgarle +1 de armadura. La armadura no puede superar la salud máxima de la Bruja.
card_stats/cWitchsSanctumAttack_Name,Empower Attack,Potenciar Ataque
card_stats/cWitchsSanctumAttack_Desc,Combine with your Witch and Celestial Dew x 10 to grant them +1 attack.,Combina con tu Bruja y Rocio Celestial x 10 para otorgarle +1 de ataque.
card_stats/cCelestialSourceBlueprint_Name,Celestial Source Spell,Hechizo Fuente Celestial
card_stats/cCelestialSourceBlueprint_Flavor,A Celestial Source produces Celestial Dew.,Una Fuente Celestial produce Rocio Celestial.
card_stats/cCelestialSource_Name,Celestial Source,Fuente Celestial
card_stats/cCelestialSource_Desc,"A slow, constant source of Celestial Dew. Must be slotted into a village.",Una fuente lenta y constante de Rocio Celestial. Debe colocarse en una aldea.
card_stats/cCelestialSource_Flavor,"Collecting the droplets of long-dead stars is easier than you might think, as long as you've been trained since birth to do so.","Recolectar las gotas de estrellas muertas hace mucho es más fácil de lo que crees, siempre que hayas sido entrenada para hacerlo desde el nacimiento."
card_stats/cFamiliarAstrologian_Name,Astrologian,Astrólogo
card_stats/cFamiliarAstrologian_Desc,Improves a village's production speed by +20%. Must be slotted into a village.,Mejora la velocidad de producción de una aldea en +20%. Debe colocarse en una aldea.
card_stats/cFamiliarAstrologian_Flavor,Specially trained to channel magic from celestial bodies into entire villages.,Entrenado especialmente para canalizar magia de los cuerpos celestes hacia aldeas enteras.
card_stats/cAstrolabeBlueprint_Name,Astrolabe Spell,Hechizo Astrolabio
card_stats/cAstrolabeBlueprint_Flavor,"An Astrolabe trains familiars into Astrologians, who improve the production speed of a village they are slotted into.","Un Astrolabio entrena familiares como Astrólogos, que mejoran la velocidad de producción de la aldea en la que se colocan."
card_stats/cAstrolabe_Name,Astrolabe,Astrolabio
card_stats/cAstrolabe_Desc,Combine with a Familiar and a Mana to create an Astrologian. Astrologians improve a village's production speed by +20%. Must be slotted into a village.,Combina con un Familiar y un Mana para crear un Astrólogo. Los Astrólogos mejoran la velocidad de producción de una aldea en +20%. Debe colocarse en una aldea.
card_stats/cAstrolabe_Flavor,Knowing the positions of the stars is the first step to drawing power from them.,Conocer las posiciones de las estrellas es el primer paso para extraer poder de ellas.
card_stats/cFamiliarBramblepelt_Name,Bramblepelt,Pellejo Espinoso
card_stats/cFamiliarBramblepelt_Desc,Pet with caution.,Acariciar con cuidado.
card_stats/cThornsCrystal_Name,Thorns Crystal,Cristal de Espinas
card_stats/cThornsCrystal_Desc,Combine with a Familiar to create a Bramblepelt.,Combina con un Familiar para crear un Pellejo Espinoso.
card_stats/cThornsCrystal_Flavor,The dark brambles inside twist and turn without end.,Las oscuras zarzas de su interior se retuercen y giran sin fin.
card_stats/cAncientWaypointBlueprint_Name,Waypoint: Ancient Spell,Hechizo Punto de Ruta: Antiguo
card_stats/cAncientWaypointBlueprint_Flavor,Waypoint: Ancient alters the course of fate.,Punto de Ruta: Antiguo altera el rumbo del destino.
card_stats/cAncientWaypoint_Name,Waypoint: Ancient,Punto de Ruta: Antiguo
card_stats/cAncientWaypoint_Desc,Activates during the Witching Hour. Must be slotted into a village. Are you prepared for what will be unleashed?,Se activa durante la Hora de las Brujas. Debe colocarse en una aldea. ¿Estas preparado para lo que se desatara?
card_stats/cAncientWaypoint_Flavor,"Imbued with both the essence of the void and a magic older than time. You are not the first to build this, and you won't be the last. ","Imbuido tanto con la esencia del vacio como con una magia más antigua que el tiempo. No eres el primero en construir esto, y no seras el último."
card_stats/cTradeHub_Name,Trade Hub,Centro de Comercio
card_stats/cTradeHub_Desc,Sells a variety of resources. Resources for sale change daily.,Vende una variedad de recursos. Los recursos en venta cambian a diario.
card_stats/cTradeHub_Flavor,"Moving anything of any significant size through the portal system requires large, permanent installations. Even with this limitation, instantaneous travel throughout the realms has made a tremendous impact on all aspects of witch life.","Mover cualquier cosa de tamaño considerable a través del sistema de portales requiere instalaciones grandes y permanentes. Aún con esta limitación, el viaje instantáneo a través de los reinos ha tenido un impacto tremendo en todos los aspectos de la vida de las brujas."
card_stats/cTradeHubBlueprint_Name,Trade Hub Spell,Hechizo Centro de Comercio
card_stats/cTradeHubBlueprint_Flavor,Trade Hubs sell a variety of resources.,Los Centros de Comercio venden una variedad de recursos.
card_stats/cTradeHubSlot_Name,Trade Hub Slot,Ranura del Centro de Comercio
card_stats/cTradeHubSlot_Desc,Bring Stardrop Coins here to make a purchase. Shift+Click to auto-purchase with existing Stardrop Coins.,Trae Monedas Estelares aquí para hacer una compra. Shift+Clic para comprar automáticamente con las Monedas Estelares existentes.
card_stats/cAutosorter_Name,Autosorter,Autoclasificador
card_stats/cAutosorter_Desc,Resource cards placed here are automatically sorted into available Nexus chests.,Las cartas de recurso colocadas aquí se clasifican automáticamente en los cofres del Nexo disponibles.
card_stats/cAutosorter_Flavor,"If you're not using magic to make lives easier, why even have magic?","Si no estas usando magia para facilitar la vida, ¿para que tener magia?"
card_stats/cAutosorterBlueprint_Name,Autosorter Spell,Hechizo Autoclasificador
card_stats/cAutosorterBlueprint_Flavor,Resource cards placed on an Autosorter are automatically sorted into available Nexus chests.,Las cartas de recurso colocadas en un Autoclasificador se clasifican automáticamente en los cofres del Nexo disponibles.
card_stats/cBarrens_Name,Barrens,Yermo
card_stats/cBarrens_Desc,A potential home for a coven of witches?,¿Un posible hogar para un aquelarre de brujas?
card_stats/cBarrens_Flavor,The perfect place to train.,El lugar perfecto para entrenar.
card_stats/cBarrensVillage_Name,Barrens Village,Aldea del Yermo
card_stats/cBarrensVillage_Desc,Slotted familiar training buildings receive +100% production speed. Familiars trained here gain +1 armor. Armor cannot exceed Familiar's max health.,Los edificios de entrenamiento de familiares colocados aquí reciben +100% de velocidad de producción. Los familiares entrenados aquí ganan +1 de armadura. La armadura no puede superar la salud máxima del Familiar.
card_stats/cBarrensVillage_Flavor,Witches and rocks.,Brujas y rocas.
card_stats/cDarkRitualBlueprint_Name,Dark Ritual Spell,Hechizo Ritual Oscuro
card_stats/cDarkRitualBlueprint_Flavor,A Dark Ritual permanently destroys a village.,Un Ritual Oscuro destruye permanentemente una aldea.
card_stats/cDarkRitual_Name,Dark Ritual,Ritual Oscuro
card_stats/cDarkRitual_Desc,Permanently destroys a village. Creates Moondrop x 2. Creates Bone x 2 per slot. Must be slotted into a village.,Destruye permanentemente una aldea. Crea Gota de Luna x 2. Crea Hueso x 2 por ranura. Debe colocarse en una aldea.
card_stats/cDarkRitual_Flavor,Sometimes what you need is a fresh start.,A veces lo que necesitas es un comienzo nuevo.
card_stats/cDemoEnd_Name,Jon,Jon
card_stats/cDemoEnd_Desc,Thank you for playing my game.,Gracias por jugar mi juego.
card_stats/cDemoEnd_Flavor,"""Like and subscribe!""",«¡Dale like y suscríbete!»
card_stats/cWeakenBlueprint_Name,Weaken Spell,Hechizo Debilitar
card_stats/cWeakenBlueprint_Flavor,"Creates a Weaken card that can be used to inflict an enemy with Weakened.

Weakened: -1 attack. Removed on taking damage.",Crea una carta de Debilitar que se puede usar para infligir Debilitado a un enemigo. Debilitado: -1 de ataque. Se elimina al recibir daño.
card_stats/cWeaken_Name,Weaken,Debilitar
card_stats/cWeaken_Desc,Inflicts an enemy with Weakened: -1 attack. Removed on taking damage.,Inflige Debilitado a un enemigo: -1 de ataque. Se elimina al recibir daño.
card_stats/cWeaken_Flavor,For when you don't want to be hit as hard.,Para cuando no quieres que te golpeen tan fuerte.
card_stats/cWitchsMarkBlueprint_Name,Witch's Mark Spell,Hechizo Marca de Bruja
card_stats/cWitchsMarkBlueprint_Flavor,"Creates a Witch's Mark card that can be used to inflict an enemy with Marked.

Marked: Receives x2 damage. Removed on taking damage.",Crea una carta de Marca de Bruja que se puede usar para infligir Marcado a un enemigo. Marcado: recibe el doble de daño. Se elimina al recibir daño.
card_stats/cWitchsMark_Name,Witch's Mark,Marca de Bruja
card_stats/cWitchsMark_Desc,Inflicts an enemy with Marked: Receives x2 damage. Removed on taking damage.,Inflige Marcado a un enemigo: recibe el doble de daño. Se elimina al recibir daño.
card_stats/cWitchsMark_Flavor,For when you want to hit something twice as hard.,Para cuando quieres golpear algo el doble de fuerte.
card_stats/cRecursiveArmor1_Name,Recursive Armor,Armadura Recursiva
card_stats/cRecursiveArmor1_Flavor,Recursive Armor increases the armor cap to double the Witch or Familiar's max health.,La Armadura Recursiva aumenta el límite de armadura al doble de la salud máxima de la Bruja o Familiar.
card_stats/cRecursiveArmor2_Name,Recursive Armor,Armadura Recursiva
card_stats/cRecursiveArmor2_Flavor,Recursive Armor increases the armor cap to double the Witch or Familiar's max health.,La Armadura Recursiva aumenta el límite de armadura al doble de la salud máxima de la Bruja o Familiar.
card_stats/cRecursiveArmor3_Name,Recursive Armor,Armadura Recursiva
card_stats/cRecursiveArmor3_Desc,Armor cap increased to double the Witch or Familiar's max health.,Límite de armadura aumentado al doble de la salud máxima de la Bruja o Familiar.
card_stats/cLunatorium1_Name,Lunatorium,Lunatorio
card_stats/cLunatorium1_Flavor,The Lunatorium grants +1 choice options when learning a new spell.,El Lunatorio otorga +1 opciones para elegir al aprender un nuevo hechizo.
card_stats/cLunatorium2_Name,Lunatorium,Lunatorio
card_stats/cLunatorium2_Flavor,The Lunatorium grants +1 choice options when learning a new spell.,El Lunatorio otorga +1 opciones para elegir al aprender un nuevo hechizo.
card_stats/cLunatorium3_Name,Lunatorium,Lunatorio
card_stats/cLunatorium3_Desc,Grants +1 choice options when learning a new spell.,Otorga +1 opciones para elegir al aprender un nuevo hechizo.
card_stats/cFatedHourglass1_Name,Fated Hourglass,Reloj de Arena del Destino
card_stats/cFatedHourglass1_Flavor,The Fated Hourglass grants +1 quest cards each day.,El Reloj de Arena del Destino otorga +1 carta de misión cada día.
card_stats/cFatedHourglass2_Name,Fated Hourglass,Reloj de Arena del Destino
card_stats/cFatedHourglass2_Flavor,The Fated Hourglass grants +1 quest cards each day.,El Reloj de Arena del Destino otorga +1 carta de misión cada día.
card_stats/cFatedHourglass3_Name,Fated Hourglass,Reloj de Arena del Destino
card_stats/cFatedHourglass3_Desc,Grants +1 quest cards each day. Can be toggled on/off.,Otorga +1 carta de misión cada día. Se puede activar o desactivar.
card_stats/cVault1_Name,Vault,Bóveda
card_stats/cVault1_Flavor,The Vault increases all chests' storage capacity to 1000.,La Bóveda aumenta la capacidad de almacenamiento de todos los cofres a 1000.
card_stats/cVault2_Name,Vault,Bóveda
card_stats/cVault2_Flavor,The Vault increases all chests' storage capacity to 1000.,La Bóveda aumenta la capacidad de almacenamiento de todos los cofres a 1000.
card_stats/cVault3_Name,Vault,Bóveda
card_stats/cVault3_Desc,All chests have their storage capacity increased to 1000.,Todos los cofres tienen su capacidad de almacenamiento aumentada a 1000.
card_stats/cMysticWorkflow1_Name,Mystic Workflow,Flujo Místico
card_stats/cMysticWorkflow1_Flavor,Mystic Workflow automatically stacks unoccupied Familiars onto available Explore and Deposit cards.,El Flujo Místico apila automáticamente los Familiares desocupados sobre las cartas de Explorar y Yacimiento disponibles.
card_stats/cMysticWorkflow2_Name,Mystic Workflow,Flujo Místico
card_stats/cMysticWorkflow2_Flavor,Mystic Workflow automatically stacks unoccupied Familiars onto available Explore and Deposit cards.,El Flujo Místico apila automáticamente los Familiares desocupados sobre las cartas de Explorar y Yacimiento disponibles.
card_stats/cMysticWorkflow3_Name,Mystic Workflow,Flujo Místico
card_stats/cMysticWorkflow3_Desc,Unoccupied Familiars automatically stack onto available Explore and Deposit cards. Only affects unstacked Familiars and Explore or Deposit cards. Can be toggled on/off.,Los Familiares desocupados se apilan automáticamente sobre las cartas de Explorar y Yacimiento disponibles. Solo afecta a Familiares sin apilar y a cartas de Explorar o Yacimiento. Se puede activar o desactivar.
card_stats/cGrandmasterAlchemist1_Name,Grandmaster Alchemist,Alquimista Maestro
card_stats/cGrandmasterAlchemist1_Flavor,The Grandmaster Alchemist creates a Reagents anytime a Potion is created.,El Alquimista Maestro crea un Reactivos cada vez que se crea una Poción.
card_stats/cGrandmasterAlchemist2_Name,Grandmaster Alchemist,Alquimista Maestro
card_stats/cGrandmasterAlchemist2_Flavor,The Grandmaster Alchemist creates a Reagents anytime a Potion is created.,El Alquimista Maestro crea un Reactivos cada vez que se crea una Poción.
card_stats/cGrandmasterAlchemist3_Name,Grandmaster Alchemist,Alquimista Maestro
card_stats/cGrandmasterAlchemist3_Desc,"Whenever a Potion is created, a Reagents is created as well. Can be toggled on/off.","Cada vez que se crea una Poción, también se crea un Reactivos. Se puede activar o desactivar."
card_stats/cRadiantBeacon1_Name,Radiant Beacon,Baliza Radiante
card_stats/cRadiantBeacon1_Flavor,The Radiant Beacon grants current and future villages +1 slot. Village slot cap increased to 7.,La Baliza Radiante otorga +1 ranura a las aldeas actuales y futuras. Límite de ranuras de aldea aumentado a 7.
card_stats/cRadiantBeacon2_Name,Radiant Beacon,Baliza Radiante
card_stats/cRadiantBeacon2_Flavor,The Radiant Beacon grants current and future villages +1 slot. Village slot cap increased to 7.,La Baliza Radiante otorga +1 ranura a las aldeas actuales y futuras. Límite de ranuras de aldea aumentado a 7.
card_stats/cRadiantBeacon3_Name,Radiant Beacon,Baliza Radiante
card_stats/cRadiantBeacon3_Desc,Current and future villages receive +1 slot. Village slot cap increased to 7.,Las aldeas actuales y futuras reciben +1 ranura. Límite de ranuras de aldea aumentado a 7.
card_stats/cMausoleum1_Name,Mausoleum,Mausoleo
card_stats/cMausoleum1_Flavor,The Mausoleum grants Familiar corpses a small chance to resurrect during the Witching Hour.,El Mausoleo otorga a los cadaveres de Familiares una pequeña probabilidad de resucitar durante la Hora de las Brujas.
card_stats/cMausoleum2_Name,Mausoleum,Mausoleo
card_stats/cMausoleum2_Flavor,The Mausoleum grants Familiar corpses a small chance to resurrect during the Witching Hour.,El Mausoleo otorga a los cadaveres de Familiares una pequeña probabilidad de resucitar durante la Hora de las Brujas.
card_stats/cMausoleum3_Name,Mausoleum,Mausoleo
card_stats/cMausoleum3_Desc,Familiar Corpses have a small chance to resurrect during the Witching Hour.,Los Cadaveres de Familiares tienen una pequeña probabilidad de resucitar durante la Hora de las Brujas.
card_stats/cVoidLantern1_Name,Void Lantern,Linterna del Vacio
card_stats/cVoidLantern1_Flavor,The Void Lantern empowers Void Rifts caused by the New Moon to be twice as strong. All enemies drop twice as many cards.,"La Linterna del Vacio potencia las Grietas del Vacio causadas por la Luna Nueva, haciendolas el doble de fuertes. Todos los enemigos sueltan el doble de cartas."
card_stats/cVoidLantern2_Name,Void Lantern,Linterna del Vacio
card_stats/cVoidLantern2_Flavor,The Void Lantern empowers Void Rifts caused by the New Moon to be twice as strong. All enemies drop twice as many cards.,"La Linterna del Vacio potencia las Grietas del Vacio causadas por la Luna Nueva, haciendolas el doble de fuertes. Todos los enemigos sueltan el doble de cartas."
card_stats/cVoidLantern3_Name,Void Lantern,Linterna del Vacio
card_stats/cVoidLantern3_Desc,Void Rifts caused by the New Moon are twice as strong. All enemies drop twice as many cards. Can be toggled on/off.,Las Grietas del Vacio causadas por la Luna Nueva son el doble de fuertes. Todos los enemigos sueltan el doble de cartas. Se puede activar o desactivar.
card_stats/cVoidLantern3_Flavor,Let them come.,Que vengan.
card_stats/cAcceleratedRites1_Name,Accelerated Rites,Ritos Acelerados
card_stats/cAcceleratedRites1_Flavor,Accelerated Rites reduces Temple of Rites cooldown to 2 days.,Los Ritos Acelerados reducen el tiempo de reutilización del Templo de los Ritos a 2 días.
card_stats/cAcceleratedRites2_Name,Accelerated Rites,Ritos Acelerados
card_stats/cAcceleratedRites2_Flavor,Accelerated Rites reduces Temple of Rites cooldown to 2 days.,Los Ritos Acelerados reducen el tiempo de reutilización del Templo de los Ritos a 2 días.
card_stats/cAcceleratedRites3_Name,Accelerated Rites,Ritos Acelerados
card_stats/cAcceleratedRites3_Desc,Reduces Temple of Rites cooldown to 2 days.,Reduce el tiempo de reutilización del Templo de los Ritos a 2 días.
card_stats/cTradeConnections1_Name,Trade Connections,Conexiones Comerciales
card_stats/cTradeConnections1_Flavor,Trade Connections allows the Trader to arrive more frequently and sell at a 25% discount.,Las Conexiones Comerciales permiten que el Comerciante llegue con más frecuencia y venda con un 25% de descuento.
card_stats/cTradeConnections2_Name,Trade Connections,Conexiones Comerciales
card_stats/cTradeConnections2_Flavor,Trade Connections allows the Trader to arrive more frequently and sell at a 25% discount.,Las Conexiones Comerciales permiten que el Comerciante llegue con más frecuencia y venda con un 25% de descuento.
card_stats/cTradeConnections3_Name,Trade Connections,Conexiones Comerciales
card_stats/cTradeConnections3_Desc,The Trader arrives more frequently and sells at a 25% discount.,El Comerciante llega con más frecuencia y vende con un 25% de descuento.
card_stats/cAdvancementSpell_Name,Harmonic Casting,Lanzamiento Armónico
card_stats/cAdvancementSpell_Desc,All spells cast +2% faster.,Todos los hechizos se lanzan +2% más rápido.
card_stats/cAdvancementSpell_Flavor,Truly masterful spellcasting has a certain musicality to it. A rythym that takes a lifetime of study to find.,El lanzamiento de hechizos verdaderamente magistral tiene cierta musicalidad. Un ritmo que toma toda una vida de estudio encontrar.
card_stats/cAdvancementBuilding_Name,Production Efficiency,Eficiencia de Producción
card_stats/cAdvancementBuilding_Desc,Improves all buildings' production speeds by +2%.,Mejora la velocidad de producción de todos los edificios en +2%.
card_stats/cAdvancementBuilding_Flavor,"Forges can burn hotter, wheels can turn faster, hammers can hit harder. The work is never over.","Las forjas pueden arder más caliente, las ruedas pueden girar más rápido, los martillos pueden golpear más fuerte. El trabajo nunca termina."
card_stats/cAdvancementStorage_Name,Expanded Interiors,Interiores Ampliados
card_stats/cAdvancementStorage_Desc,Grants all chests +10 storage capacity.,Otorga +10 de capacidad de almacenamiento a todos los cofres.
card_stats/cAdvancementStorage_Flavor,"Taking ""bigger on the inside"" to the extreme.",Llevar lo de «más grande por dentro» al extremo.
card_stats/cAdvancementRevive_Name,Rising Sunlight,Amanecer Naciente
card_stats/cAdvancementRevive_Desc,Familiar Corpses receive +2% chance to resurrect during the Witching Hour.,Los Cadaveres de Familiares reciben +2% de probabilidad de resucitar durante la Hora de las Brujas.
card_stats/cAdvancementRevive_Flavor,"The sun most often signals a new beginning. If asked of it, it may also undo an end.","El sol suele senalar un nuevo comienzo. Si se le pide, también puede deshacer un final."
card_stats/cFaeriesMark_Name,The Faerie's Mark,La Marca de las Hadas
card_stats/cFaeriesMark_Desc,Your actions against the Faeries have been noticed...,Tus acciones contra las Hadas no han pasado desapercibidas...
card_stats/cSickness_Name,Sickness,Enfermedad
card_stats/cSickness_Desc,Something dangerous seems to be stirring within the Faerie populations...,Algo peligroso parece estar agitandose entre las poblaciones Feéricas...
card_stats/cInkyMushroom_Name,Inky Mushroom,Hongo Tintado
card_stats/cInkyMushroom_Desc,A cooking ingredient.,Un ingrediente de cocina.
card_stats/cInkyMushroom_Flavor,"The ink from these mushrooms leaves a permanent stain, making it a favorite amongst archivists, vengeful lovers, and toddlers.","La tinta de estos hongos deja una mancha permanente, lo que los convierte en favoritos entre archivistas, amantes vengativos, y niños pequeños."
card_stats/cWitchsWheat_Name,Witch's Wheat,Trigo de Bruja
card_stats/cWitchsWheat_Desc,A cooking ingredient.,Un ingrediente de cocina.
card_stats/cWitchsWheat_Flavor,Not technically wheat.,Tecnicamente no es trigo.
card_stats/cPepberry_Name,Pepberry,Pimibaya
card_stats/cPepberry_Desc,A cooking ingredient.,Un ingrediente de cocina.
card_stats/cPepberry_Flavor,"Not quite a pepper, not quite a strawberry.","No del todo un pimiento, no del todo una frutilla."
card_stats/cGemFruit_Name,Gem Fruit,Fruta de Gema
card_stats/cGemFruit_Desc,A cooking ingredient.,Un ingrediente de cocina.
card_stats/cGemFruit_Flavor,Surprisingly soft on the inside.,Sorprendentemente blanda por dentro.
card_stats/cNinthHoney_Name,Ninth Honey,Miel del Noveno
card_stats/cNinthHoney_Desc,A cooking ingredient.,Un ingrediente de cocina.
card_stats/cNinthHoney_Flavor,You haven't seen any bees in the Ninth.,No has visto ni una sola abeja en el Noveno.
card_stats/cVeggiefish_Name,Veggiefish,Pezverdura
card_stats/cVeggiefish_Desc,A cooking ingredient.,Un ingrediente de cocina.
card_stats/cVeggiefish_Flavor,You are uncertain if this vegetable found in the water implies the existence of fish found in the dirt.,No estás seguro si esta verdura encontrada en el agua implica la existencia de peces encontrados en la tierra.
card_stats/cShieldNut_Name,Shield Nut,Nuez Escudo
card_stats/cShieldNut_Desc,A cooking ingredient.,Un ingrediente de cocina.
card_stats/cShieldNut_Flavor,As dense and hard as metal.,Tan densa y dura como el metal.
card_stats/cVoidSpice_Name,Void Spice,Especia del Vacio
card_stats/cVoidSpice_Desc,A cooking ingredient.,Un ingrediente de cocina.
card_stats/cVoidSpice_Flavor,"Visually identical to Void Salts, but is in a little jar and tastes way better.","Visualmente idéntica a las Sales del Vacio, pero viene en un frasquito y sabe mucho mejor."
card_stats/cFlameCake_Name,Flame Cake,Pastel de Fuego
card_stats/cFlameCake_Desc,Combine with a Familiar to grant it +1 attack. Consumed on use.,Combina con un Familiar para otorgarle +1 de ataque. Se consume al usarse.
card_stats/cFlameCake_Flavor,Made from Pepberry and Witch's Wheat.,Hecho con Pimibaya y Trigo de Bruja.
card_stats/cFlameCakeRecipe_Name,Recipe: Flame Cake,Receta: Pastel de Fuego
card_stats/cFriendlySoup_Name,Friendly Soup,Sopa Amistosa
card_stats/cFriendlySoup_Desc,Increases village resource production for a limited time. Must be slotted into a village. Only 1 Friendly Soup may be active per village.,Aumenta la producción de recursos de una aldea por tiempo limitado. Debe colocarse en una aldea. Solo puede haber 1 Sopa Amistosa activa por aldea.
card_stats/cFriendlySoup_Flavor,Made from Inky Mushroom and Ninth Honey.,Hecha con Hongo Tintado y Miel del Noveno.
card_stats/cFriendlySoupRecipe_Name,Recipe: Friendly Soup,Receta: Sopa Amistosa
card_stats/cArchivistsPasta_Name,Archivist's Pasta,Pasta del Archivista
card_stats/cArchivistsPasta_Desc,Improves a village's production speed by +30% for a limited time. Must be slotted into a village.,Mejora la velocidad de producción de una aldea en +30% por tiempo limitado. Debe colocarse en una aldea.
card_stats/cArchivistsPasta_Flavor,Made from Inky Mushroom and Witch's Wheat.,Hecha con Hongo Tintado y Trigo de Bruja.
card_stats/cArchivistsPastaRecipe_Name,Recipe: Archivist's Pasta,Receta: Pasta del Archivista
card_stats/cDiamondPie_Name,Diamond Pie,Tarta de Diamante
card_stats/cDiamondPie_Desc,Sells for a high price.,Se vende a un precio alto.
card_stats/cDiamondPie_Flavor,Made from Gem Fruit and Veggiefish.,Hecha con Fruta de Gema y Pezverdura.
card_stats/cDiamondPieRecipe_Name,Recipe: Diamond Pie,Receta: Tarta de Diamante
card_stats/cHoneyedTreat_Name,Honeyed Treat,Golosina de Miel
card_stats/cHoneyedTreat_Desc,Restores 2 health to a Witch or Familiar. Consumed on use.,Restaura 2 de salud a una Bruja o Familiar. Se consume al usarse.
card_stats/cHoneyedTreat_Flavor,Made from Gem Fruit and Ninth Honey.,Hecha con Fruta de Gema y Miel del Noveno.
card_stats/cHoneyedTreatRecipe_Name,Recipe: Honeyed Treat,Receta: Golosina de Miel
card_stats/cSpeedyRoast_Name,Speedy Roast,Asado Veloz
card_stats/cSpeedyRoast_Desc,"Grants a Witch or Familiar Haste: Crafting, casting, and combat speeds increased +50%.","Otorga Prisa a una Bruja o Familiar: velocidad de creación, lanzamiento y combate aumentada +50%."
card_stats/cSpeedyRoast_Flavor,Made from Ninth Honey and Veggiefish.,Hecho con Miel del Noveno y Pezverdura.
card_stats/cSpeedyRoastRecipe_Name,Recipe: Speedy Roast,Receta: Asado Veloz
card_stats/cArmoredSmoothie_Name,Armored Smoothie,Batido Blindado
card_stats/cArmoredSmoothie_Desc,Combine with a Familiar to grant it +1 armor. Armor cannot exceed Familiar's max health. Consumed on use.,Combina con un Familiar para otorgarle +1 de armadura. La armadura no puede superar la salud máxima del Familiar. Se consume al usarse.
card_stats/cArmoredSmoothie_Flavor,Made from Shield Nut and Veggiefish.,Hecho con Nuez Escudo y Pezverdura.
card_stats/cArmoredSmoothieRecipe_Name,Recipe: Armored Smoothie,Receta: Batido Blindado
card_stats/cExplosiveBerrySalad_Name,Explosive Berry Salad,Ensalada de Bayas Explosivas
card_stats/cExplosiveBerrySalad_Desc,Deals 2 damage.,Inflige 2 de daño.
card_stats/cExplosiveBerrySalad_Flavor,Made from Pepberry and Void Spice.,Hecha con Pimibaya y Especia del Vacio.
card_stats/cExplosiveBerrySaladRecipe_Name,Recipe: Explosive Berry Salad,Receta: Ensalada de Bayas Explosivas
card_stats/cCookingToken_Name,Cooking Token,Ficha de Cocina
card_stats/cCookingToken_Desc,The currency of the Culinary Witches of the Fourth Realm.,La moneda de las Brujas Culinarias del Cuarto Reino.
card_stats/cCookingToken_Flavor,The value of a Cooking Token is difficult to convert directly into Stardrop Coins as its worth is tied to that of the Witch who holds it.,"El valor de una Ficha de Cocina es difícil de convertir directamente a Monedas Estelares, ya que su valor está ligado al de la Bruja que la posee."
card_stats/cCauldron_Name,Cauldron,Caldero
card_stats/cCauldron_Desc,Bring two unique ingredients and a Witch here to cook a meal.,Trae dos ingredientes únicos y una Bruja aquí para cocinar una comida.
card_stats/cCauldron_Flavor,"A unique design of the Culinary Witches of the Fourth Realm. Many meals have been prepared in cauldrons like this one, most of them edible.","Un diseño único de las Brujas Culinarias del Cuarto Reino. Muchas comidas se han preparado en calderos como este, la mayoria de ellas comestibles."
card_stats/cCauldronBlueprint_Name,Cauldron Spell,Hechizo Caldero
card_stats/cCauldronBlueprint_Flavor,A Cauldron is required to cook meals.,Se necesita un Caldero para cocinar comidas.
card_stats/cFoodProcessor_Name,Food Processor,Procesador de Alimentos
card_stats/cFoodProcessor_Desc,Processes any ingredient into a Cooking Token.,Procesa cualquier ingrediente en una Ficha de Cocina.
card_stats/cFoodProcessor_Flavor,Even unwanted ingredients have their use.,Hasta los ingredientes no deseados tienen su utilidad.
card_stats/cFoodProcessorBlueprint_Name,Food Processor Spell,Hechizo Procesador de Alimentos
card_stats/cFoodProcessorBlueprint_Flavor,A Food Processor processes ingredients into Cooking Tokens.,Un Procesador de Alimentos procesa ingredientes en Fichas de Cocina.
card_stats/cCulinarySanctum_Name,Culinary Sanctum,Santuario Culinario
card_stats/cCulinarySanctum_Desc,Every witch needs one.,Toda bruja necesita uno.
card_stats/cCulinarySanctum_Flavor,Culinary Witches of the Fourth Realm draw their magic from the creation and consumption of a delicious meal. Sanctums like this one allow them to practice their craft without distraction.,Las Brujas Culinarias del Cuarto Reino extraen su magia de la creación y el consumo de una comida deliciosa. Santuarios como este les permiten practicar su oficio sin distracciones.
card_stats/cCulinarySanctumBlueprint_Name,Culinary Sanctum Spell,Hechizo Santuario Culinario
card_stats/cCulinarySanctumBlueprint_Flavor,A Culinary Sanctum is able to empower your Witch.,Un Santuario Culinario puede potenciar a tu Bruja.
card_stats/cChefSanctumArmor_Name,Empower Armor,Potenciar Armadura
card_stats/cChefSanctumArmor_Desc,Combine with your Witch and Cooking Token x 10 to grant them +1 armor. Armor cannot exceed Witch's max health.,Combina con tu Bruja y Ficha de Cocina x 10 para otorgarle +1 de armadura. La armadura no puede superar la salud máxima de la Bruja.
card_stats/cChefSanctumAttack_Name,Empower Attack,Potenciar Ataque
card_stats/cChefSanctumAttack_Desc,Combine with your Witch and Cooking Token x 10 to grant them +1 attack.,Combina con tu Bruja y Ficha de Cocina x 10 para otorgarle +1 de ataque.
card_stats/cGreenhouse_Name,Greenhouse,Invernadero
card_stats/cGreenhouse_Desc,"A slow, constant source of cooking ingredients. Must be slotted into a village.",Una fuente lenta y constante de ingredientes de cocina. Debe colocarse en una aldea.
card_stats/cGreenhouse_Flavor,"A gift from the Hedge Witches of the Third Realm, this greenhouse has been customized to perfectly recreate the unique growing conditions of the Ninth.","Un regalo de las Brujas de Seto del Tercer Reino, este invernadero ha sido personalizado para recrear a la perfección las condiciones de cultivo únicas del Noveno."
card_stats/cGreenhouseBlueprint_Name,Greenhouse Spell,Hechizo Invernadero
card_stats/cGreenhouseBlueprint_Flavor,A Greenhouse produces random cooking ingredients.,Un Invernadero produce ingredientes de cocina aleatorios.
card_stats/cIngredientStore_Name,Ingredient Store,Tienda de Ingredientes
card_stats/cIngredientStore_Desc,Sells a variety of cooking ingredients. Ingredients for sale change daily.,Vende una variedad de ingredientes de cocina. Los ingredientes en venta cambian a diario.
card_stats/cIngredientStore_Flavor,"Connected to the larders of other Culinary Witches to provide greater access to ingredients. At a fair price, of course.","Conectada a las despensas de otras Brujas Culinarias para dar mayor acceso a ingredientes. A un precio justo, por supuesto."
card_stats/cIngredientStoreBlueprint_Name,Ingredient Store Spell,Hechizo Tienda de Ingredientes
card_stats/cIngredientStoreBlueprint_Flavor,An Ingredient Store sells a variety of cooking ingredients.,Una Tienda de Ingredientes vende una variedad de ingredientes de cocina.
card_stats/cIngredientStoreSlot_Name,Ingredient Store Slot,Ranura de la Tienda de Ingredientes
card_stats/cIngredientStoreSlot_Desc,Bring Cooking Token cards here to make a purchase. Shift+Click to auto-purchase with existing Cooking Tokens.,Trae cartas de Ficha de Cocina aquí para hacer una compra. Shift+Clic para comprar automáticamente con las Fichas de Cocina existentes.
card_stats/cChefsBlock_Name,Chef's Block,Tabla del Chef
card_stats/cChefsBlock_Desc,Combine with a Familiar and a Mana to create a Chef. Chefs cook twice as fast.,Combina con un Familiar y un Mana para crear un Chef. Los Chefs cocinan el doble de rápido.
card_stats/cChefsBlock_Flavor,"With the Culinary Witch's favored familiar being a bat, you might wonder how they could be trained to hold a knife. The answer, of course, is bat-sized knives, patience, and a healthy stock of bandages.","Como el familiar favorito de la Bruja Culinaria es un murcielago, te preguntaras como podrian entrenarlo para sostener un cuchillo. La respuesta, claro, son cuchillos del tamaño de un murcielago, paciencia, y una buena provisión de vendas."
card_stats/cChefsBlockBlueprint_Name,Chef's Block Spell,Hechizo Tabla del Chef
card_stats/cChefsBlockBlueprint_Flavor,"A Chef's Blocks trains Familiars into Chefs, who cook twice as fast.","Una Tabla del Chef entrena Familiares como Chefs, que cocinan el doble de rápido."
card_stats/cFamiliarChef_Name,Chef,Chef
card_stats/cFamiliarChef_Desc,Cooks twice as fast.,Cocina el doble de rápido.
card_stats/cFamiliarChef_Flavor,You'd probably cook faster too if you had wings and echolocation.,Probablemente tu también cocinarías más rápido si tuvieras alas y ecolocalización.
card_stats/cMagnetIngredient_Name,Magnet: Ingredient,Iman: Ingrediente
card_stats/cMagnetIngredient_Desc,Newly created cooking ingredient cards will be pulled here.,Las cartas de ingrediente de cocina recien creadas se atraeran aquí.
card_stats/cMagnetIngredient_Flavor,Leave any magnet in a chef's kitchen long enough and it will naturally develop a refined palette.,Deja cualquier iman en la cocina de un chef el tiempo suficiente y desarrollara naturalmente un paladar refinado.
card_stats/cMagnetIngredientBlueprint_Name,Magnet: Ingredient Spell,Hechizo Iman: Ingrediente
card_stats/cMagnetIngredientBlueprint_Flavor,Magnet: Ingredient is a specialized Magnet that pulls cooking ingredient cards.,Iman: Ingrediente es un Iman especializado que atrae cartas de ingrediente de cocina.
card_stats/cFreezeBlueprint_Name,Freeze Spell,Hechizo Congelar
card_stats/cFreezeBlueprint_Flavor,"Creates a Freeze card that can be used to inflict an enemy with Frozen.

Frozen: Unable to act. Will unfreeze at the beginning of the next day or upon taking damage.",Crea una carta de Congelar que se puede usar para infligir Congelado a un enemigo. Congelado: no puede actuar. Se descongelara al comienzo del próximo día o al recibir daño.
card_stats/cFreeze_Name,Freeze,Congelar
card_stats/cFreeze_Desc,Inflicts an enemy with Frozen: Unable to act. Will unfreeze at the beginning of the next day or upon taking damage.,Inflige Congelado a un enemigo: no puede actuar. Se descongelara al comienzo del próximo día o al recibir daño.
card_stats/cFreeze_Flavor,You can get out of a lot of awkward or otherwise unpleasant interactions by simply freezing the other party.,Puedes salir de muchas interacciones incómodas o desagradables simplemente congelando a la otra parte.
card_stats/cFaerieBribe_Name,Faerie Bribe,Soborno Feérico
card_stats/cFaerieBribe_Desc,Place in a Faerie City slot to convince that city to leave. City must not be Hostile.,Coloca en una ranura de Ciudad Feérica para convencer a esa ciudad de irse. La ciudad no debe ser Hostil.
card_stats/cFaerieBribe_Flavor,"While the Faerie's motivation for being in the Ninth is unclear, their fascination with the Witch's currency remains as true as ever.","Aunque la motivación de las Hadas para estar en el Noveno no está clara, su fascinación por la moneda de las Brujas sigue siendo tan real como siempre."
card_stats/cFaerieBribeBlueprint_Name,Faerie Bribe Spell,Hechizo Soborno Feérico
card_stats/cFaerieBribeBlueprint_Flavor,A Faerie Bribe convinces a Faerie City to leave. City must not be Hostile.,Un Soborno Feérico convence a una Ciudad Feérica de irse. La ciudad no debe ser Hostil.
card_stats/cRequestFaerieSupport_Name,Request Faerie Support,Solicitar Apoyo Feérico
card_stats/cRequestFaerieSupport_Desc,Place in a Faerie City slot to exchange some of its friendship meter for a Faerie unit. City must be Friendly.,Coloca en una ranura de Ciudad Feérica para intercambiar parte de su medidor de amistad por una unidad Feérica. La ciudad debe ser Amistosa.
card_stats/cRequestFaerieSupport_Flavor,Alliances between the Witch and Faerie peoples are rare and often short-lived but can be very beneficial.,"Las alianzas entre el pueblo de las Brujas y el de las Hadas son raras y a menudo breves, pero pueden ser muy beneficiosas."
card_stats/cRequestFaerieSupportBlueprint_Name,Request Faerie Support Spell,Hechizo Solicitar Apoyo Feérico
card_stats/cRequestFaerieSupportBlueprint_Flavor,Request Faerie Support can be used to exchange some of a Faerie City's friendship meter for a Faerie unit. City must be Friendly.,Solicitar Apoyo Feérico se puede usar para intercambiar parte del medidor de amistad de una Ciudad Feérica por una unidad Feérica. La ciudad debe ser Amistosa.
card_stats/cSummonFamiliarFaerieChampion_Name,Summoning Faerie,Invocando Hada
card_stats/cSummonFamiliarFaerieChampion_Desc,A Faerie is on its way...,Un Hada esta en camino...
card_stats/cFamiliarFaerieChampion_Name,Faerie Champion,Campeón Feérico
card_stats/cFamiliarFaerieChampion_Desc,"When created, grants all Familiars +1 armor. Armor cannot exceed Familiar's max health.","Al ser creado, otorga +1 de armadura a todos los Familiares. La armadura no puede superar la salud máxima del Familiar."
card_stats/cFamiliarFaerieChampion_Flavor,Sworn to fight for an ally of the Faerie people.,Jurado a luchar por un aliado del pueblo Feérico.
card_stats/cFamiliarFaerieChampionChaos_Name,Faerie Champion,Campeón Feérico
card_stats/cFamiliarFaerieChampionChaos_Desc,Sworn to fight for an ally of the Faerie people.,Jurado a luchar por un aliado del pueblo Feérico.
card_stats/cTempleOfRites_Name,Temple of Rites,Templo de los Ritos
card_stats/cTempleOfRites_Desc,Slotted Rite cards are sacrificed to perform Rites. The Temple of Rites must cool down before another Rite may be performed.,Las cartas de Rito colocadas aquí se sacrifican para realizar Ritos. El Templo de los Ritos debe enfriarse antes de poder realizar otro Rito.
card_stats/cTempleOfRites_Flavor,Rites are old and powerful magic. Their usage across the Realms is strictly monitored as to not upset the balance between space and time.,Los Ritos son magia antigua y poderosa. Su uso en los Reinos está estrictamente vigilado para no alterar el equilibrio entre el espacio y el tiempo.
card_stats/cTempleOfRitesBlueprint_Name,Temple of Rites Spell,Hechizo Templo de los Ritos
card_stats/cTempleOfRitesBlueprint_Flavor,The Temple of Rites is used to perform Rites.,El Templo de los Ritos se usa para realizar Ritos.
card_stats/cRiteOfIron_Name,Rite of Iron,Rito de Hierro
card_stats/cRiteOfIron_Desc,"Grants all Familiars +1 armor. Armor cannot exceed Familiar's max health.

Place this Rite, a Bone, and a Familiar into the Temple of Rites to sacrifice them and perform the Rite.","Otorga +1 de armadura a todos los Familiares. La armadura no puede superar la salud máxima del Familiar. Coloca este Rito, un Hueso, y un Familiar en el Templo de los Ritos para sacrificarlos y realizar el Rito."
card_stats/cRiteOfRescue_Name,Rite of Rescue,Rito de Rescate
card_stats/cRiteOfRescue_Desc,"Restores 2 health to all Familiars.

Place this Rite, a Bone, and a Familiar into the Temple of Rites to sacrifice them and perform the Rite.","Restaura 2 de salud a todos los Familiares. Coloca este Rito, un Hueso, y un Familiar en el Templo de los Ritos para sacrificarlos y realizar el Rito."
card_stats/cRiteOfCourage_Name,Rite of Courage,Rito de Valor
card_stats/cRiteOfCourage_Desc,"All Familiars receive a temporary +1 attack bonus.

Place this Rite, a Bone, and a Familiar into the Temple of Rites to sacrifice them and perform the Rite.","Todos los Familiares reciben un bono temporal de +1 de ataque. Coloca este Rito, un Hueso, y un Familiar en el Templo de los Ritos para sacrificarlos y realizar el Rito."
card_stats/cRiteOfWealth_Name,Rite of Wealth,Rito de Riqueza
card_stats/cRiteOfWealth_Desc,"Creates 20 Stardrop Coins.

Place this Rite, a Bone, and a Familiar into the Temple of Rites to sacrifice them and perform the Rite.","Crea 20 Monedas Estelares. Coloca este Rito, un Hueso, y un Familiar en el Templo de los Ritos para sacrificarlos y realizar el Rito."
card_stats/cRiteOfFate_Name,Rite of Fate,Rito del Destino
card_stats/cRiteOfFate_Desc,"Your Witch is shielded from all end of day damage for 1 Witching Hour.

Place this Rite, a Bone, and a Familiar into the Temple of Rites to sacrifice them and perform the Rite.","Tu Bruja queda protegida de todo daño de final de día durante 1 Hora de las Brujas. Coloca este Rito, un Hueso, y un Familiar en el Templo de los Ritos para sacrificarlos y realizar el Rito."
card_stats/cRiteOfAbundance_Name,Rite of Abundance,Rito de Abundancia
card_stats/cRiteOfAbundance_Desc,"Temporarily improves all buildings' production speeds by +20%.

Place this Rite, a Bone, and a Familiar into the Temple of Rites to sacrifice them and perform the Rite.","Mejora temporalmente la velocidad de producción de todos los edificios en +20%. Coloca este Rito, un Hueso, y un Familiar en el Templo de los Ritos para sacrificarlos y realizar el Rito."
card_stats/cRiteOfTheHunt_Name,Rite of the Hunt,Rito de la Cacería
card_stats/cRiteOfTheHunt_Desc,"Summons a Faerie City.

Place this Rite, a Bone, and a Familiar into the Temple of Rites to sacrifice them and perform the Rite.","Invoca una Ciudad Feérica. Coloca este Rito, un Hueso, y un Familiar en el Templo de los Ritos para sacrificarlos y realizar el Rito."
card_stats/cRiteOfTheNewMoon_Name,Rite of the New Moon,Rito de la Luna Nueva
card_stats/cRiteOfTheNewMoon_Desc,"Creates a Void Rift. Use with caution.

Place this Rite, a Bone, and a Familiar into the Temple of Rites to sacrifice them and perform the Rite.","Crea una Grieta del Vacio. Usar con precaución. Coloca este Rito, un Hueso, y un Familiar en el Templo de los Ritos para sacrificarlos y realizar el Rito."
card_stats/cShackle_Name,Shackle,Grillete
card_stats/cShackle_Desc,"Deals 1 damage. If this spell defeats an enemy, it becomes shackled.","Inflige 1 de daño. Si este hechizo derrota a un enemigo, este queda encadenado."
card_stats/cShackle_Flavor,Sacrifices for the Temple of Rites may come from many sources.,Los sacrificios para el Templo de los Ritos pueden venir de muchas fuentes.
card_stats/cShackleBlueprint_Name,Shackle Spell,Hechizo Grillete
card_stats/cShackleBlueprint_Flavor,Creates a Shackle card that can be used to create shackled enemies.,Crea una carta de Grillete que se puede usar para crear enemigos encadenados.
card_stats/cShackledFaerie_Name,Shackled Faerie,Hada Encadenada
card_stats/cShackledFaerie_Desc,May be sacrificed as part of a Rite at the Temple of Rites.,Puede sacrificarse como parte de un Rito en el Templo de los Ritos.
card_stats/cShackledVoid_Name,Shackled Void,Vacio Encadenado
card_stats/cShackledVoid_Desc,May be sacrificed as part of a Rite at the Temple of Rites.,Puede sacrificarse como parte de un Rito en el Templo de los Ritos.
card_stats/cAbandonedLibrary_Name,Abandoned Library,Biblioteca Abandonada
card_stats/cAbandonedLibrary_Desc,Combine with a Witch to retrieve what's inside.,Combina con una Bruja para recuperar lo que hay dentro.
card_stats/cAbandonedLibrary_Flavor,Further proof that you are not the first Witch to enter the Ninth.,Otra prueba más de que no eres la primera Bruja en entrar al Noveno.
card_stats/cFatedJudge_Name,Fated Judge,Juez del Destino
card_stats/cFatedJudge_Desc,Creates quests. Prevents Familiar summoning.,Crea misiones. Impide la invocación de Familiares.
card_stats/cFatedJudge_Flavor,Carries with them the full authority of the Council of Fates. Any who are deemed unworthy are swiftly and firmly dealt with.,Lleva consigo toda la autoridad del Consejo de los Destinos. Cualquiera considerado indigno es tratado con rapidez y firmeza.
card_stats/cFatedJudgeQuest0_Name,Judgment,Juicio
card_stats/cFatedJudgeQuest0_Desc,"Defeat 50 enemies to pass judgment. If this quest is failed, a village becomes frozen.","Derrota a 50 enemigos para pasar el juicio. Si esta misión falla, una aldea queda congelada."
card_stats/cFatedJudgeQuest1_Name,Judgment,Juicio
card_stats/cFatedJudgeQuest1_Desc,"Summon 25 new Familiars to pass judgment. If this quest is failed, a village becomes frozen.","Invoca a 25 Familiares nuevos para pasar el juicio. Si esta misión falla, una aldea queda congelada."
card_stats/cFatedJudgeQuest2_Name,Judgment,Juicio
card_stats/cFatedJudgeQuest2_Desc,"Combine with Stardrop Coin x1,000,000 to pass judgment. If this quest is failed, a village becomes frozen.","Combina con Moneda Estelar x1.000.000 para pasar el juicio. Si esta misión falla, una aldea queda congelada."
card_stats/cMessage_Name,Message,Mensaje
card_stats/cMessage_Desc,Click to open.,Haz clic para abrir.
card_stats/cReturnOrders_Name,Return Orders,Órdenes de Regreso
card_stats/cReturnOrders_Desc,Combine with a Fated Judge to remove them.,Combina con un Juez del Destino para eliminarlo.
card_stats/cReturnOrders_Flavor,"""By authority of the Council of Fates, any and all agents of the council are hereby ordered to cease all action in the Ninth Realm.""","«Por autoridad del Consejo de los Destinos, todos y cada uno de los agentes del consejo tienen la orden de cesar toda acción en el Noveno Reino.»"
card_stats/cCelestialLetter1_Name,Letter from the First,Carta de la Primera
card_stats/cCelestialLetter1_Desc,"Dearest sibling,

The fate dictated by the stars must not come to pass. If your expedition into the Ninth Realm is not successful, I fear there will not be a home for you to return to.

We will do what we can, but the council, in their wisdom, is restricting our ability to aid you. They will require convincing.

Until then, you must build your strength. It will surely not be long before your presence is noticed...","Querido hermano,

El destino dictado por las estrellas no debe cumplirse. Si tu expedición al Noveno Reino no tiene éxito, temo que no quedara hogar al cual regresar.

Haremos lo que podamos, pero el consejo, en su sabiduría, está restringiendo nuestra capacidad de ayudarte. Necesitarán ser convencidos.

Hasta entonces, debes fortalecerte. Seguramente no falte mucho para que noten tu presencia..."
card_stats/cCelestialLetter2_Name,Letter from the First,Carta de la Primera
card_stats/cCelestialLetter2_Desc,"Dearest sibling,

The realms are quiet. The Bastion Witches of the Eighth Realm have not reported a single void attack since your expedition began.

News would also suggest that the Faeries have turned their attention fully to the Ninth.

I fear this may simply be the calm before the coming storm, with you in the center.","Querido hermano,

Los reinos están tranquilos. Las Brujas Bastion del Octavo Reino no han reportado ni un solo ataque del vacio desde que comenzó tu expedición.

Las noticias también sugieren que las Hadas han dirigido toda su atención hacia el Noveno.

Temo que esto pueda ser simplemente la calma antes de la tormenta que se avecina, contigo en el centro."
card_stats/cCelestialLetter3_Name,Letter from the First,Carta de la Primera
card_stats/cCelestialLetter3_Desc,"Dearest sibling,

There are rumors that your continued survival in the Ninth has become a problem for the council. I believe you are making them nervous. You were not meant to survive an expedition into the home of our oldest enemy. And how would the council justify their army without the constant threat of the void?

Continue your search deeper into the Ninth. The source of the void, and the end of days, draws near.","Querido hermano,

Hay rumores de que tu continua supervivencia en el Noveno se ha vuelto un problema para el consejo. Creo que los estas poniendo nerviosos. No estabas destinado a sobrevivir una expedición al hogar de nuestro enemigo más antiguo. ¿Y como justificaría el consejo a su ejército sin la amenaza constante del vacio?

Continua tu búsqueda más adentro del Noveno. El origen del vacio, y el fin de los días, se acerca."
card_stats/cCelestialLetter4_Name,Letter from the First,Carta de la Primera
card_stats/cCelestialLetter4_Desc,"Dearest sibling,

A Judge is coming.

If you do not do what they say, they are authorized to put an end to your expedition. This must not occur.

However, you cannot interfere with an official agent of the Council of Fates. At least, not directly.

Find a way to deal with them or otherwise survive their judgment.","Querido hermano,

Un Juez viene en camino.

Si no haces lo que te dice, tiene autorización para poner fin a tu expedición. Esto no debe ocurrir.

Sin embargo, no puedes interferir con un agente oficial del Consejo de los Destinos. Al menos, no directamente.

Encuentra una manera de lidiar con el, o de sobrevivir a su juicio de otra forma."
card_stats/cCelestialLetter5_Name,Letter from the First,Carta de la Primera
card_stats/cCelestialLetter5_Desc,"Dearest sibling,

The governors have been informed of the council's attempt to halt your progress. They've ordered that a full investigation be made. The council will not dare take action against you now.

This will be my final communication with you. I cannot risk becoming a part of the investigation.

The course of fate hangs by a thread. Defeat the void. Cut the thread. Ensure that there will be another day for the witches of the realms.","Querido hermano,

Se ha informado a los gobernadores del intento del consejo de detener tu progreso. Han ordenado que se haga una investigación completa. El consejo no se atreverá a actuar contra ti ahora.

Esta será mi última comunicación contigo. No puedo arriesgarme a formar parte de la investigación.

El rumbo del destino pende de un hilo. Derrota al vacio. Corta el hilo. Asegurate de que haya otro día para las brujas de los reinos."
card_stats/cChefLetter1_Name,Letter from the Fourth,Carta de la Cuarta
card_stats/cChefLetter1_Desc,"Chef! 

How is the Ninth Realm treating you?

Better question: how's the FOOD?

I bet you've already gathered countless new ingredients and cooked meals I could never even dream of. Yes! I'm jealous, okay!

Oh, yeah, and make sure you defeat the void or whatever it is the council wants. Just tack that on the end of your grocery list. You got cooking to do!","¡Chef!

¿Como te esta tratando el Noveno Reino? Mejor pregunta: ¿como esta la COMIDA?

Apuesto a que ya has reunido incontables ingredientes nuevos y cocinado platos que ni yo podria sonar. ¡Si! ¡Estoy celosa, listo!

Ah, si, y asegurate de derrotar al vacio o lo que sea que quiera el consejo. Solo agregalo al final de tu lista de compras. ¡Tienes cosas que cocinar!"
card_stats/cChefLetter2_Name,Letter from the Fourth,Carta de la Cuarta
card_stats/cChefLetter2_Desc,"Chef!

The kitchen's been quiet since you left on your expedition. Usually, not a day goes by that the Bastion Witches aren't complaining about some minor void incursion, but not a peep.

Same for the Faeries. Seems like they've also taken an interest in the Ninth. Can't blame 'em! The ingredients you're finding there are the most excitement the realms have seen in an age.

Hope the void aren't giving you too much trouble. If they do, serve them up some pain. Just like old times.","¡Chef!

La cocina ha estado tranquila desde que te fuiste de expedición. Normalmente no pasa un día sin que las Brujas Bastion se quejen de alguna incursión menor del vacio, pero ni un ruido.

Lo mismo con las Hadas. Parece que ellas también se interesaron en el Noveno. ¡No las culpo! Los ingredientes que estas encontrando ahí son lo más emocionante que han visto los reinos en una era.

Espero que el vacio no te este dando demasiados problemas. Si lo hacen, sirveles una buena ración de dolor. Como en los viejos tiempos."
card_stats/cChefLetter3_Name,Letter from the Fourth,Carta de la Cuarta
card_stats/cChefLetter3_Desc,"Chef!

Okay, so, you know how the Council of Fates love their big fancy army? Well, it turns out that you defeating the void (bottom of the grocery list, remember) would make it real hard for the council to justify that army.

Word on the grapevine is that you're making the council pretty nervous. They thought you'd bounce the first time you felt the heat.

Nothing to worry about, probably. Don't let it distract you from priority number one: FOOD.","¡Chef!

Bueno, ¿sabes cuanto le encanta al Consejo de los Destinos su gran y elegante ejército? Bueno, resulta que si derrotas al vacio (al final de la lista de compras, ¿recuerdas?) le seria muy difícil al consejo justificar ese ejército.

Se rumorea que estas poniendo bastante nervioso al consejo. Pensaron que ibas a rendirte la primera vez que sintieras el calor.

Probablemente no hay nada de que preocuparse. No dejes que te distraiga de la prioridad número uno: LA COMIDA."
card_stats/cChefLetter4_Name,Letter from the Fourth,Carta de la Cuarta
card_stats/cChefLetter4_Desc,"CHEF! I MESSED UP!

The council knows you're getting deeper into the Ninth and they're sending a Judge to stop you! Just do what they say.

Maybe you can get rid of them by feeding them some bad eggs or something.

Do they have eggs in the Ninth?","¡CHEF! ¡LA CAGUE!

¡El consejo sabe que te estas adentrando en el Noveno y están enviando un Juez para detenerte! Solo haz lo que te digan.

Tal vez puedas deshacerte de el dandole de comer huevos podridos o algo así.

¿Hay huevos en el Noveno?"
card_stats/cChefLetter5_Name,Letter from the Fourth,Carta de la Cuarta
card_stats/cChefLetter5_Desc,"Chef!

I told you the council wouldn't be a problem! The governors started an investigation into the council and they won't be bothering you again! You're welcome!

Unrelated: I can't send you any more letters because I'm ""technically"" ""involved"" in the ""investigation."" It'd look real good for us if you actually went ahead and defeated the void so go and do that please. 

Good luck!","¡Chef!

¡Te dije que el consejo no iba a ser un problema! ¡Los gobernadores iniciaron una investigación sobre el consejo y no te van a volver a molestar! ¡De nada!

Aparte: no te puedo mandar más cartas porque estoy ""tecnicamente"" ""involucrada"" en la ""investigación"". Nos vendria muy bien que en verdad fueras y derrotaras al vacio, así que anda y hace eso, por favor.

¡Buena suerte!"
card_stats/cChaosLetter1_Name,Letter from the Sixth,Carta de la Sexta
card_stats/cChaosLetter1_Desc,"Warchief,

My scouts tell me the Ninth Realm is not yet covered in rivers of blood! The void beings don't bleed, but I believe I've made my point.

Meet the void in battle. Destroy them. Repeat!

You're in their home realm. Just, I don't know, start swinging an axe around.

You'll hit something eventually.","Jefe de guerra,

¡Mis exploradores me dicen que el Noveno Reino todavia no está cubierto de rios de sangre! Los seres del vacio no sangran, pero creo que ya me entendes.

Enfrenta al vacio en batalla. Destruyelos. ¡Repetir!

Estas en su reino natal. Solo, no sé, empieza a blandir un hacha por ahí.

Vas a terminar acertandole a algo, tarde o temprano."
card_stats/cChaosLetter2_Name,Letter from the Sixth,Carta de la Sexta
card_stats/cChaosLetter2_Desc,"Warchief,

It seems that you have the void all to yourself. The Bastion Witches of the Eighth say they haven't seen a single incursion since you left for the Ninth Realm. And the Faeries have woken up and moved to the Ninth too!

I remind you that I'd be there instead of you if it weren't for this knee injury, so you better be making the most of this perfect battlefield!","Jefe de guerra,

Parece que tienes el vacío todo para ti. Las Brujas Bastion del Octavo dicen que no vieron ni una sola incursión desde que te fuiste al Noveno Reino. ¡Y las Hadas también se despertaron y se mudaron al Noveno!

Te recuerdo que yo estaria ahí en tu lugar si no fuera por esta lesión de rodilla, ¡así que más te vale aprovechar al máximo este campo de batalla perfecto!"
card_stats/cChaosLetter3_Name,Letter from the Sixth,Carta de la Sexta
card_stats/cChaosLetter3_Desc,"Warchief,

I've received word from my connections in the council's private army. All those void you've been killing in the Ninth? They were meant to be too much for you.

The council is scared. They can't justify their army if there's no void left to fight.

Keep doing what you're doing. I'll handle the council.","Jefe de guerra,

Recibi noticias de mis contactos en el ejército privado del consejo. ¿Todos esos seres del vacio que estuviste matando en el Noveno? Se suponia que iban a ser demasiado para ti.

El consejo esta asustado. No pueden justificar su ejército si no queda vacio contra el cual pelear.

Sigue haciendo lo que estás haciendo. Yo me encargo del consejo."
card_stats/cChaosLetter4_Name,Letter from the Sixth,Carta de la Sexta
card_stats/cChaosLetter4_Desc,"Warchief,

The council is sending one of their pet Judges.

As much as I'd love to tell you to simply kill them and be done with it, not even I could shield you from the consequences. Either find another way to deal with them or stay your axe and withstand the Judge for now.

This Judge has the full power of the Council of Fates behind them.

Be careful of this foe.","Jefe de guerra,

El consejo esta enviando a uno de sus Jueces favoritos.

Por más que me encantaria decirte que simplemente lo mates y ya, ni siquiera yo podria protegerte de las consecuencias. O encuentra otra manera de lidiar con él, o guarda el hacha y aguanta al Juez por ahora.

Este Juez tiene todo el poder del Consejo de los Destinos detrás.

Ten cuidado con este enemigo."
card_stats/cChaosLetter5_Name,Letter from the Sixth,Carta de la Sexta
card_stats/cChaosLetter5_Desc,"Warchief,

The cowards of the council have found themselves at the mercy of the governors! They've gone too far this time and now they're locked in an investigation. They won't be getting in your way again.

Regrettably, I'm being forced to attend this investigation as well. You won't be getting another letter from me.

Continue your crusade against the void. Show them the might of the Sixth Realm and wipe them from existence!","Jefe de guerra,

¡Los cobardes del consejo terminaron a merced de los gobernadores! Esta vez se pasaron de la raya y ahora están atrapados en una investigación. No te van a volver a molestar.

Lamentablemente, me están obligando a mi también a asistir a esta investigación. No vas a recibir otra carta mia.

Continua tu cruzada contra el vacio. ¡Mostrales el poder del Sexto Reino y borralos de la existencia!"
card_stats/cPhoenixLetter1_Name,Letter from the Third,Carta de la Tercera
card_stats/cPhoenixLetter1_Desc,"Hatchling,

The time to prove yourself has come. This fool's errand from the council is the perfect opportunity for you to spread your wings.

Keep your Phoenix happy. You'll need them if you're to burn the Ninth Realm clean of the void's filth.

Make your clutch proud.","Polluelo,

Ha llegado el momento de demostrar tu valia. Este mandado tonto del consejo es la oportunidad perfecta para que despliegues tus alas.

Manten feliz a tu Fénix. Lo vas a necesitar si quieres quemar el Noveno Reino hasta dejarlo limpio de la suciedad del vacio.

Que tu nidada este orgullosa."
card_stats/cPhoenixLetter2_Name,Letter from the Third,Carta de la Tercera
card_stats/cPhoenixLetter2_Desc,"Hatchling,

The fires here in the realms have calmed as of late. The Bastion Witches haven't requested our aid since your expedition began. Either they've finally grown a spine or the void have focused all of their attention on you instead.

It would seem, however, that the Faeries have also taken an interest in the Ninth. Feed them to your Phoenix if they get in your way.","Polluelo,

Los fuegos aquí en los reinos se han calmado ultimamente. Las Brujas Bastion no han pedido nuestra ayuda desde que comenzó tu expedición. O finalmente les creció una columna vertebral, o el vacio ha centrado toda su atención en ti.

Sin embargo, parece que las Hadas también se interesaron en el Noveno. Dales de comer a tu Fénix si se te ponen en el camino."
card_stats/cPhoenixLetter3_Name,Letter from the Third,Carta de la Tercera
card_stats/cPhoenixLetter3_Desc,"Hatchling,

The Council of Fates are fools. They funded their private army on the promise that they'd protect us from the void. And here you are, setting our oldest enemy's home aflame.

You're doing well, hatchling. Continue blazing your path into the Ninth. I enjoy watching the council squirm.","Polluelo,

El Consejo de los Destinos son unos tontos. Financiaron su ejército privado con la promesa de protegernos del vacio. Y acá estás tú, prendiéndole fuego al hogar de nuestro enemigo más antiguo.

Lo estas haciendo bien, polluelo. Sigue abriéndote camino en llamas hacia el Noveno. Disfruto ver retorcerse al consejo."
card_stats/cPhoenixLetter4_Name,Letter from the Third,Carta de la Tercera
card_stats/cPhoenixLetter4_Desc,"Hatchling,

I have received word that the council is sending one of their Judges. They intend to douse your flames. 

I suggest you respect the council's senseless laws for now. Humor this Judge while I call in some favors, or find your own way to deal with them.","Polluelo,

Me llego la noticia de que el consejo está enviando a uno de sus Jueces. Tienen intención de apagar tus llamas.

Te sugiero que respetes las leyes sin sentido del consejo por ahora. Seguile la corriente a este Juez mientras yo cobro algunos favores, o encuentra tu propia manera de lidiar con él."
card_stats/cPhoenixLetter5_Name,Letter from the Third,Carta de la Tercera
card_stats/cPhoenixLetter5_Desc,"Hatchling,

Our friends amongst the governors have launched a full investigation into the Council of Fate's recent actions. They will no longer be an annoyance.

I believe I have done you enough favors for now. Return home when you and your Phoenix have burned away the heart of the void.

Good luck, hatchling.","Polluelo,

Nuestros amigos entre los gobernadores lanzaron una investigación completa sobre las acciones recientes del Consejo de los Destinos. Ya no van a ser una molestia.

Creo que ya te hice suficientes favores por ahora. Vuelve a casa cuando tú y tu Fénix hayan quemado el corazón del vacio.

Buena suerte, polluelo."
card_stats/cChaosSanctum_Name,Chaos Sanctum,Santuario del Caos
card_stats/cChaosSanctum_Desc,Every witch needs one.,Toda bruja necesita uno.
card_stats/cChaosSanctum_Flavor,"Chaos Witches of the Sixth realm draw their power from the unpredictalbe chaos of the universe. All things have a potential, unspoken energy. Why not harness it?","Las Brujas del Caos del Sexto Reino extraen su poder del caos impredecible del universo. Todas las cosas tienen un potencial, una energía no dicha. ¿Por que no aprovecharla?"
card_stats/cChaosSanctumBlueprint_Name,Chaos Sanctum Spell,Hechizo Santuario del Caos
card_stats/cChaosSanctumBlueprint_Flavor,A Chaos Sanctum is able to empower your Witch.,Un Santuario del Caos puede potenciar a tu Bruja.
card_stats/cChaosSanctumArmor_Name,Empower Armor,Potenciar Armadura
card_stats/cChaosSanctumArmor_Desc,Combine with your Witch and Chaos Skull x 10 to grant them +1 armor. Armor cannot exceed your Witch's armor cap.,Combina con tu Bruja y Cráneo del Caos x 10 para otorgarle +1 de armadura. La armadura no puede superar el límite de armadura de tu Bruja.
card_stats/cChaosSanctumAttack_Name,Empower Attack,Potenciar Ataque
card_stats/cChaosSanctumAttack_Desc,Combine with your Witch and Chaos Skull x 10 to grant them +1 attack.,Combina con tu Bruja y Cráneo del Caos x 10 para otorgarle +1 de ataque.
card_stats/cVoidCaller_Name,Void Caller,Invocador del Vacio
card_stats/cVoidCaller_Desc,"A slow, constant source of Voidlings. Must be slotted into a village.",Una fuente lenta y constante de Larvas del Vacio. Debe colocarse en una aldea.
card_stats/cVoidCaller_Flavor,Void beings have always shown a special interest in the unique energies of a Chaos Witch's magic.,Los seres del vacio siempre han mostrado un interés especial por las energias únicas de la magia de una Bruja del Caos.
card_stats/cVoidCallerBlueprint_Name,Void Caller Spell,Hechizo Invocador del Vacio
card_stats/cVoidCallerBlueprint_Flavor,A Void Caller attracts Voidlings.,Un Invocador del Vacio atrae Larvas del Vacio.
card_stats/cChaosAltar_Name,Chaos Altar,Altar del Caos
card_stats/cChaosAltar_Desc,Restores +1 health to your Witch when they defeat an enemy. Must be slotted into a village.,Restaura +1 de salud a tu Bruja cuando derrota a un enemigo. Debe colocarse en una aldea.
card_stats/cChaosAltar_Flavor,"Some have made the argument that life steal is more of a Lich Witch sort of thing. In truth, there is more overlap between chaos and undeath than one might initially expect.","Algunos han argumentado que el robo de vida es más cosa de una Bruja Liche. En verdad, hay más superposición entre el caos y la no-muerte de lo que uno esperaria en un principio."
card_stats/cChaosAltarBlueprint_Name,Chaos Altar Spell,Hechizo Altar del Caos
card_stats/cChaosAltarBlueprint_Flavor,A Chaos Altar restores +1 health to your Witch when they defeat an enemy.,Un Altar del Caos restaura +1 de salud a tu Bruja cuando derrota a un enemigo.
card_stats/cChaosGateway_Name,Chaos Gateway,Portal del Caos
card_stats/cChaosGateway_Desc,Offer Chaos Skulls to the Chaos Gateway to be granted a choice of unique Chaos buildings.,Ofrece Cráneos del Caos al Portal del Caos para recibir a cambio una elección de edificios únicos del Caos.
card_stats/cChaosGateway_Flavor,A small peek behind the curtain.,Un pequeño vistazo detrás de la cortina.
card_stats/cChaosGatewayBlueprint_Name,Chaos Gateway Spell,Hechizo Portal del Caos
card_stats/cChaosGatewayBlueprint_Flavor,"A Chaos Gateway allows the purchase of unique Chaos buildings, in return for an offering of Chaos Skulls.","Un Portal del Caos permite comprar edificios únicos del Caos, a cambio de una ofrenda de Cráneos del Caos."
card_stats/cChaosGatewaySlot_Name,Chaos Offering,Ofrenda del Caos
card_stats/cChaosGatewaySlot_Desc,Bring Chaos Skulls here to make a purchase. Shift+Click to auto-purchase with existing Chaos Skulls. Cost increases with every use.,Trae Cráneos del Caos aquí para hacer una compra. Shift+Clic para comprar automáticamente con los Cráneos del Caos existentes. El costo aumenta con cada uso.
card_stats/cCultOfChaos_Name,Cult of Chaos,Culto del Caos
card_stats/cCultOfChaos_Desc,"Your Chaos Witch's daily minimum armor is equal to the number of Familiars you have. Armor cannot exceed your Witch's armor cap.

Unique: Only 1 Cult of Chaos may exist.",La armadura minima diaria de tu Bruja del Caos es igual a la cantidad de Familiares que tienes. La armadura no puede superar el límite de armadura de tu Bruja. Único: solo puede existir 1 Culto del Caos.
card_stats/cCultOfChaos_Flavor,The strength of a leader is the strength of their followers.,La fuerza de un lider es la fuerza de sus seguidores.
card_stats/cChaosTrample_Name,Chaos Trample,Pisoteo del Caos
card_stats/cChaosTrample_Desc,"Chaos Skulls are created for every point of excess damage done to enemies, up to a limit of 10.

Unique: Only 1 Chaos Trample may exist.","Se crean Cráneos del Caos por cada punto de daño excedente infligido a enemigos, hasta un límite de 10. Único: solo puede existir 1 Pisoteo del Caos."
card_stats/cChaosTrample_Flavor,Overwhelming force is a Chaos Witch's favorite kind of force.,La fuerza abrumadora es el tipo de fuerza favorito de una Bruja del Caos.
card_stats/cChaosIron_Name,Chaos Iron,Hierro del Caos
card_stats/cChaosIron_Desc,Grants +1 to your Witch's armor cap.,Otorga +1 al límite de armadura de tu Bruja.
card_stats/cChaosIron_Flavor,Chaos cannot be killed.,El caos no se puede matar.
card_stats/cLuckySkull_Name,Lucky Skull,Cráneo de la Suerte
card_stats/cLuckySkull_Desc,Grants +20% chance for enemies to drop additional Chaos Skulls.,Otorga +20% de probabilidad de que los enemigos suelten Cráneos del Caos adicionales.
card_stats/cLuckySkull_Flavor,More skulls for the skull pile.,Más cráneos para la pila de cráneos.
card_stats/cFlamebloodBlueprint_Name,Flameblood Spell,Hechizo Sangre Ardiente
card_stats/cFlamebloodBlueprint_Flavor,Sacrifices 1 health to create a Fireball. Can only be cast by the Chaos Witch.,Sacrifica 1 de salud para crear una Bola de Fuego. Solo puede ser lanzado por la Bruja del Caos.
card_stats/cMeadow_Name,Meadow,Pradera
card_stats/cMeadow_Desc,A potential home for a coven of witches?,¿Un posible hogar para un aquelarre de brujas?
card_stats/cMeadow_Flavor,Silversage grows well here.,La Salvia Plateada crece bien aquí.
card_stats/cMeadowVillage_Name,Meadow Village,Aldea de la Pradera
card_stats/cMeadowVillage_Desc,Slotted buildings receive +10% Silversage production speed.,Los edificios colocados aquí reciben +10% de velocidad de producción de Salvia Plateada.
card_stats/cMeadowVillage_Flavor,Witches in bloom.,Brujas en flor.
card_stats/cJukebox_Name,Jukebox,Rocola
card_stats/cJukebox_Desc,Plays records.,Reproduce discos.
card_stats/cJukebox_Flavor,A unique jukebox that only plays the works of composer Topher Anselmo.,Una rocola única que solo toca las obras del compositor Topher Anselmo.
card_stats/cJukeboxBlueprint_Name,Jukebox Spell,Hechizo Rocola
card_stats/cJukeboxBlueprint_Flavor,A Jukebox plays records.,Una Rocola reproduce discos.
card_stats/cRecordTitle_Name,WitchHand,WitchHand
card_stats/cRecordTitle_Desc,Played in a Jukebox.,Se reproduce en una Rocola.
card_stats/cRecordCuriousCoven_Name,Curious Coven,Aquelarre Curioso
card_stats/cRecordCuriousCoven_Desc,Played in a Jukebox.,Se reproduce en una Rocola.
card_stats/cRecordHeartfeltIncantation_Name,Heartfelt Incantation,Encantamiento Sentido
card_stats/cRecordHeartfeltIncantation_Desc,Played in a Jukebox.,Se reproduce en una Rocola.
card_stats/cRecordCelestial_Name,Celestial,Celestial
card_stats/cRecordCelestial_Desc,Played in a Jukebox.,Se reproduce en una Rocola.
card_stats/cRecordChef_Name,Chef,Chef
card_stats/cRecordChef_Desc,Played in a Jukebox.,Se reproduce en una Rocola.
card_stats/cRecordChaos_Name,Chaos,Caos
card_stats/cRecordChaos_Desc,Played in a Jukebox.,Se reproduce en una Rocola.
card_stats/cRecordCombat_Name,Nature's Trials,Pruebas de la Naturaleza
card_stats/cRecordCombat_Desc,Played in a Jukebox.,Se reproduce en una Rocola.
card_stats/cRecordVoidKing_Name,Void King,Rey del Vacio
card_stats/cRecordVoidKing_Desc,Played in a Jukebox.,Se reproduce en una Rocola.
card_stats/cCardPackLighthouse_Name,Card Pack,Paquete de Cartas
card_stats/cCardPackLighthouse_Desc,Click to open.,Haz clic para abrir.
card_stats/cCardPackLighthouse_Flavor,The way forward.,El camino hacia adelante.
card_stats/cLighthouse_Name,Lighthouse,Faro
card_stats/cLighthouse_Desc,Summons and imprisons the Lord of the Ninth.,Invoca y aprisiona al Señor del Noveno.
card_stats/cLighthouse_Flavor,"Successful or not, the Lord of the Ninth always returns.","Con éxito o sin el, el Señor del Noveno siempre regresa."
card_stats/cLighthouseBlueprint_Name,Lighthouse Spell,Hechizo Faro
card_stats/cLighthouseBlueprint_Flavor,The Lighthouse summons and imprisons the Lord of the Ninth.,El Faro invoca y aprisiona al Señor del Noveno.
card_stats/cLighthouseFilled_Name,Lighthouse,Faro
card_stats/cLighthouseFilled_Desc,"Combine with Lighthouse Foundation Component, Lighthouse Spire Component, Lighthouse Lamp Component, and Lighthouse Core Component to create a Moondrop. Must be slotted into a village.","Combina con Cimiento del Faro, Aguja del Faro, Lampara del Faro, y Núcleo del Faro para crear una Gota de Luna. Debe colocarse en una aldea."
card_stats/cLighthouseFilled_Flavor,"Within this prison, the Lord of the Ninth is cut off from both the energies of the void and the magic of the realms. The cycle is broken.","Dentro de esta prisión, el Señor del Noveno queda aislado tanto de las energias del vacio como de la magia de los reinos. El ciclo se rompe."
card_stats/cLighthouseFoundationVillage_Name,Lighthouse Foundation,Cimiento del Faro
card_stats/cLighthouseFoundationVillage_Desc,An incomplete section of the Lighthouse.,Una sección incompleta del Faro.
card_stats/cLighthouseFoundationVillageBlueprint_Name,Lighthouse Foundation Spell,Hechizo Cimiento del Faro
card_stats/cLighthouseFoundationVillageBlueprint_Flavor,Begins construction of a section of the Lighthouse.,Comienza la construcción de una sección del Faro.
card_stats/cLighthouseFoundationChest_Name,Lighthouse Chest,Cofre del Faro
card_stats/cLighthouseFoundationChest_Desc,"Store Lighthouse Foundation Components here to construct this section of the Lighthouse. Functions as a Magnet Chest. Click to withdraw 1 card, Shift+Click to withdraw 5 cards.","Guarda Componentes del Cimiento del Faro aquí para construir esta sección del Faro. Funciona como un Cofre Iman. Haz clic para retirar 1 carta, Shift+Clic para retirar 5 cartas."
card_stats/cLighthouseFoundation_Name,Lighthouse Foundation,Cimiento del Faro
card_stats/cLighthouseFoundation_Desc,A completed section of the Lighthouse.,Una sección completa del Faro.
card_stats/cLighthouseFoundationAssembler_Name,Lighthouse Foundation Assembler,Ensamblador del Cimiento del Faro
card_stats/cLighthouseFoundationAssembler_Desc,Combine with Mana x 5 to create a Lighthouse Foundation Component. Must be slotted into a village.,Combina con Mana x 5 para crear un Componente del Cimiento del Faro. Debe colocarse en una aldea.
card_stats/cLighthouseFoundationAssembler_Flavor,Produces components used to build the Lighthouse.,Produce componentes usados para construir el Faro.
card_stats/cLighthouseFoundationAssemblerBlueprint_Name,Lighthouse Foundation Assembler Spell,Hechizo Ensamblador del Cimiento del Faro
card_stats/cLighthouseFoundationAssemblerBlueprint_Flavor,Lighthouse assemblers produce components used to build the Lighthouse.,Los ensambladores del Faro producen componentes usados para construir el Faro.
card_stats/cLighthouseFoundationComponent_Name,Lighthouse Foundation Component,Componente del Cimiento del Faro
card_stats/cLighthouseFoundationComponent_Desc,Used to build a section of the Lighthouse.,Se usa para construir una sección del Faro.
card_stats/cLighthouseSpireVillage_Name,Lighthouse Spire,Aguja del Faro
card_stats/cLighthouseSpireVillage_Desc,An incomplete section of the Lighthouse.,Una sección incompleta del Faro.
card_stats/cLighthouseSpireVillageBlueprint_Name,Lighthouse Spire Spell,Hechizo Aguja del Faro
card_stats/cLighthouseSpireVillageBlueprint_Flavor,Begins construction of a section of the Lighthouse.,Comienza la construcción de una sección del Faro.
card_stats/cLighthouseSpireChest_Name,Lighthouse Chest,Cofre del Faro
card_stats/cLighthouseSpireChest_Desc,"Store Lighthouse Spire Components here to construct this section of the Lighthouse. Functions as a Magnet Chest. Click to withdraw 1 card, Shift+Click to withdraw 5 cards.","Guarda Componentes de la Aguja del Faro aquí para construir esta sección del Faro. Funciona como un Cofre Iman. Haz clic para retirar 1 carta, Shift+Clic para retirar 5 cartas."
card_stats/cLighthouseSpire_Name,Lighthouse Spire,Aguja del Faro
card_stats/cLighthouseSpire_Desc,A completed section of the Lighthouse.,Una sección completa del Faro.
card_stats/cLighthouseSpireAssembler_Name,Lighthouse Spire Assembler,Ensamblador de la Aguja del Faro
card_stats/cLighthouseSpireAssembler_Desc,Combine with Gem Heart x 5 to create a Lighthouse Spire Component. Must be slotted into a village.,Combina con Corazón de Gema x 5 para crear un Componente de la Aguja del Faro. Debe colocarse en una aldea.
card_stats/cLighthouseSpireAssembler_Flavor,Produces components used to build the Lighthouse.,Produce componentes usados para construir el Faro.
card_stats/cLighthouseSpireAssemblerBlueprint_Name,Lighthouse Spire Assembler Spell,Hechizo Ensamblador de la Aguja del Faro
card_stats/cLighthouseSpireAssemblerBlueprint_Flavor,Lighthouse assemblers produce components used to build the Lighthouse.,Los ensambladores del Faro producen componentes usados para construir el Faro.
card_stats/cLighthouseSpireComponent_Name,Lighthouse Spire Component,Componente de la Aguja del Faro
card_stats/cLighthouseSpireComponent_Desc,Used to build a section of the Lighthouse.,Se usa para construir una sección del Faro.
card_stats/cLighthouseLampVillage_Name,Lighthouse Lamp,Lampara del Faro
card_stats/cLighthouseLampVillage_Desc,An incomplete section of the Lighthouse.,Una sección incompleta del Faro.
card_stats/cLighthouseLampVillageBlueprint_Name,Lighthouse Lamp Spell,Hechizo Lampara del Faro
card_stats/cLighthouseLampVillageBlueprint_Flavor,Begins construction of a section of the Lighthouse.,Comienza la construcción de una sección del Faro.
card_stats/cLighthouseLampChest_Name,Lighthouse Chest,Cofre del Faro
card_stats/cLighthouseLampChest_Desc,"Store Lighthouse Lamp Components here to construct this section of the Lighthouse. Functions as a Magnet Chest. Click to withdraw 1 card, Shift+Click to withdraw 5 cards.","Guarda Componentes de la Lampara del Faro aquí para construir esta sección del Faro. Funciona como un Cofre Iman. Haz clic para retirar 1 carta, Shift+Clic para retirar 5 cartas."
card_stats/cLighthouseLamp_Name,Lighthouse Lamp,Lampara del Faro
card_stats/cLighthouseLamp_Desc,A completed section of the Lighthouse.,Una sección completa del Faro.
card_stats/cLighthouseLampAssembler_Name,Lighthouse Lamp Assembler,Ensamblador de la Lampara del Faro
card_stats/cLighthouseLampAssembler_Desc,Combine with Potion x 5 to create a Lighthouse Lamp Component. Must be slotted into a village.,Combina con Poción x 5 para crear un Componente de la Lampara del Faro. Debe colocarse en una aldea.
card_stats/cLighthouseLampAssembler_Flavor,Produces components used to build the Lighthouse.,Produce componentes usados para construir el Faro.
card_stats/cLighthouseLampAssemblerBlueprint_Name,Lighthouse Lamp Assembler Spell,Hechizo Ensamblador de la Lampara del Faro
card_stats/cLighthouseLampAssemblerBlueprint_Flavor,Lighthouse assemblers produce components used to build the Lighthouse.,Los ensambladores del Faro producen componentes usados para construir el Faro.
card_stats/cLighthouseLampComponent_Name,Lighthouse Lamp Component,Componente de la Lampara del Faro
card_stats/cLighthouseLampComponent_Desc,Used to build a section of the Lighthouse.,Se usa para construir una sección del Faro.
card_stats/cLighthouseCoreVillage_Name,Lighthouse Core,Núcleo del Faro
card_stats/cLighthouseCoreVillage_Desc,An incomplete section of the Lighthouse.,Una sección incompleta del Faro.
card_stats/cLighthouseCoreVillageBlueprint_Name,Lighthouse Core Spell,Hechizo Núcleo del Faro
card_stats/cLighthouseCoreVillageBlueprint_Flavor,Begins construction of a section of the Lighthouse.,Comienza la construcción de una sección del Faro.
card_stats/cLighthouseCoreChest_Name,Lighthouse Chest,Cofre del Faro
card_stats/cLighthouseCoreChest_Desc,"Store Lighthouse Core Components here to construct this section of the Lighthouse. Functions as a Magnet Chest. Click to withdraw 1 card, Shift+Click to withdraw 5 cards.","Guarda Componentes del Núcleo del Faro aquí para construir esta sección del Faro. Funciona como un Cofre Iman. Haz clic para retirar 1 carta, Shift+Clic para retirar 5 cartas."
card_stats/cLighthouseCore_Name,Lighthouse Core,Núcleo del Faro
card_stats/cLighthouseCore_Desc,A completed section of the Lighthouse.,Una sección completa del Faro.
card_stats/cLighthouseCoreAssembler_Name,Lighthouse Core Assembler,Ensamblador del Núcleo del Faro
card_stats/cLighthouseCoreAssembler_Desc,Combine with Stardrop Coin x 10 to create a Lighthouse Core Component. Must be slotted into a village.,Combina con Moneda Estelar x 10 para crear un Componente del Núcleo del Faro. Debe colocarse en una aldea.
card_stats/cLighthouseCoreAssembler_Flavor,Produces components used to build the Lighthouse.,Produce componentes usados para construir el Faro.
card_stats/cLighthouseCoreAssemblerBlueprint_Name,Lighthouse Core  Assembler Spell,Hechizo Ensamblador del Núcleo del Faro
card_stats/cLighthouseCoreAssemblerBlueprint_Flavor,Lighthouse assemblers produce components used to build the Lighthouse.,Los ensambladores del Faro producen componentes usados para construir el Faro.
card_stats/cLighthouseCoreComponent_Name,Lighthouse Core Component,Componente del Núcleo del Faro
card_stats/cLighthouseCoreComponent_Desc,Used to build a section of the Lighthouse.,Se usa para construir una sección del Faro.
card_stats/cBanishment_Name,Banishment,Destierro
card_stats/cBanishment_Desc,Press Shift+Backspace on any card to permanently delete it. May have unintended results.,Mantén Shift+Retroceso sobre cualquier carta para eliminarla permanentemente. Puede tener resultados no deseados.
card_stats/cBanishment_Flavor,"""The Council of Fates takes no responsibility for reckless use of this ability. Destroyed cards are destroyed forever and will not be returned to their former owner under any circumstance.""",«El Consejo de los Destinos no asume ninguna responsabilidad por el uso imprudente de esta habilidad. Las cartas destruidas quedan destruidas para siempre y no serán devueltas a su antiguo dueño bajo ninguna circunstancia.»
card_stats/cTrader_Name,Trader,Comerciante
card_stats/cTrader_Desc,Sells a variety of resources. Leaves at the end of the day.,Vende una variedad de recursos. Se va al final del día.
card_stats/cTrader_Flavor,"While they do share the realm with the Culinary Witches, Trade Witches take offence when the Fourth Realm is referred to as the Chef Realm or Food Town.","Aunque comparten el reino con las Brujas Culinarias, las Brujas del Comercio se ofenden cuando llaman al Cuarto Reino «el Reino del Chef» o «Ciudad Comida»."
card_stats/cTraderSlot_Name,Trader Slot,Ranura del Comerciante
card_stats/cTraderSlot_Desc,Bring Stardrop Coins here to make a purchase. Shift+Click to auto-purchase with existing Stardrop Coins.,Trae Monedas Estelares aquí para hacer una compra. Shift+Clic para comprar automáticamente con las Monedas Estelares existentes.
card_stats/cBurialBlueprint_Name,Burial Spell,Hechizo Entierro
card_stats/cBurialBlueprint_Flavor,Permanently lays Corpse cards to rest. Creates 2 random resources. ,Da sepultura permanente a cartas de Cadaver. Crea 2 recursos aleatorios.
card_stats/cFatedDelegate_Name,Fated Delegate,Delegado del Destino
card_stats/cFatedDelegate_Desc,Fated Quests that ask for a tribute of resources may be slotted here. They will automatically pull the cards they need from a Nexus.,Las Misiones del Destino que piden un tributo de recursos se pueden colocar aquí. Atraeran automáticamente las cartas que necesitan desde un Nexo.
card_stats/cFatedDelegate_Flavor,Overworked. Underappreciated. Adorable.,Sobrecargado de trabajo. Subestimado. Adorable.
card_stats/cFatedDelegateBlueprint_Name,Fated Delegate Spell,Hechizo Delegado del Destino
card_stats/cFatedDelegateBlueprint_Flavor,Fated Quests that ask for a tribute of resources may be slotted into a Fated Delegate. They will automatically pull the cards they need from a Nexus.,Las Misiones del Destino que piden un tributo de recursos se pueden colocar en un Delegado del Destino. Atraeran automáticamente las cartas que necesitan desde un Nexo.
card_stats/cFamiliarPhoenix_Name,Phoenix,Fénix
card_stats/cFamiliarPhoenix_Desc,Shares an everburning bond with its Witch.,Comparte un vínculo eterno con su Bruja.
card_stats/cPhoenixEgg_Name,Phoenix Egg,Huevo de Fénix
card_stats/cPhoenixEgg_Desc,A Phoenix is on its way...,Un Fénix esta en camino...
card_stats/cPhoenixFlameBlueprint_Name,Phoenix Flame Spell,Hechizo Llama del Fénix
card_stats/cPhoenixFlameBlueprint_Flavor,Sacrifices 1 health to create a Fireball. Can only be cast by the Phoenix.,Sacrifica 1 de salud para crear una Bola de Fuego. Solo puede ser lanzado por el Fénix.
card_stats/cFlameOfFriendship_Name,Flame of Friendship,Llama de Amistad
card_stats/cFlameOfFriendship_Desc,Place in a Faerie City slot to improve relations over time.,Coloca en una ranura de Ciudad Feérica para mejorar las relaciones con el tiempo.
card_stats/cFlameOfFriendship_Flavor,Alliances between the Witch and Faerie peoples are rare and often short-lived but can be very beneficial.,"Las alianzas entre el pueblo de las Brujas y el de las Hadas son raras y a menudo breves, pero pueden ser muy beneficiosas."
card_stats/cFlameOfFriendshipBlueprint_Name,Flame of Friendship Spell,Hechizo Llama de Amistad
card_stats/cFlameOfFriendshipBlueprint_Flavor,The Flame of Friendship improves relations with Faerie Cities.,La Llama de Amistad mejora las relaciones con las Ciudades Feéricas.
card_stats/cFlameOfTrade_Name,Flame of Trade,Llama de Comercio
card_stats/cFlameOfTrade_Desc,Place in a Faerie City slot to produce that city's resource. City must not be hostile.,Coloca en una ranura de Ciudad Feérica para producir el recurso de esa ciudad. La ciudad no debe ser hostil.
card_stats/cFlameOfTradeBlueprint_Name,Flame of Trade Spell,Hechizo Llama de Comercio
card_stats/cFlameOfTradeBlueprint_Flavor,The Flame of Trade is used to Produce a Faerie City's resource.,La Llama de Comercio se usa para producir el recurso de una Ciudad Feérica.
card_stats/cFlameOfWar_Name,Flame of War,Llama de Guerra
card_stats/cFlameOfWar_Desc,Place in a Faerie City slot to declare war on them. Consumed on use.,Coloca en una ranura de Ciudad Feérica para declararle la guerra. Se consume al usarse.
card_stats/cFlameOfWar_Flavor,Makes your intentions very clear.,Deja tus intenciones muy claras.
card_stats/cFlameOfWarBlueprint_Name,Flame of War Spell,Hechizo Llama de Guerra
card_stats/cFlameOfWarBlueprint_Flavor,The Flame of War is used to declare war on a Faerie City.,La Llama de Guerra se usa para declararle la guerra a una Ciudad Feérica.
card_stats/cPhoenixTreat_Name,Phoenix Treat,Golosina para Fénix
card_stats/cPhoenixTreat_Desc,Restores 2 health to the Phoenix. +15 Phoenix Happiness. Consumed on use.,Restaura 2 de salud al Fénix. +15 de Felicidad del Fénix. Se consume al usarse.
card_stats/cPhoenixTreat_Flavor,Beings made of fire have a unique diet.,Los seres hechos de fuego tienen una dieta particular.
card_stats/cPhoenixTreatBlueprint_Name,Phoenix Treat Spell,Hechizo Golosina para Fénix
card_stats/cPhoenixTreatBlueprint_Flavor,Phoenix Treats restore 2 health to the Phoenix.,Las Golosinas para Fénix restauran 2 de salud al Fénix.
card_stats/cEmberHearth_Name,Ember Hearth,Hogar de Brasas
card_stats/cEmberHearth_Desc,"A slow, constant source of Embers. Must be slotted into a village.",Una fuente lenta y constante de Brasa. Debe colocarse en una aldea.
card_stats/cEmberHearth_Flavor,An ember hearth of a powerful enough Phoenix Witch can shield entire villages from even the most fearsome storms.,Un hogar de brasas de una Bruja del Fénix lo bastante poderosa puede proteger aldeas enteras hasta de las tormentas más temibles.
card_stats/cEmberHearthBlueprint_Name,Ember Hearth Spell,Hechizo Hogar de Brasas
card_stats/cEmberHearthBlueprint_Flavor,An Ember Hearth produces Embers.,Un Hogar de Brasas produce Brasa.
card_stats/cEmber_Name,Ember,Brasa
card_stats/cEmber_Desc,A special resource used by Phoenix Witches of the Third Realm.,Un recurso especial usado por las Brujas del Fénix del Tercer Reino.
card_stats/cEmber_Flavor,The power of a raging inferno in the palm of your hand.,El poder de un infierno rugiente en la palma de tu mano.
card_stats/cPhoenixSanctum_Name,Phoenix Sanctum,Santuario del Fénix
card_stats/cPhoenixSanctum_Desc,Every witch needs one.,Toda bruja necesita uno.
card_stats/cPhoenixSanctum_Flavor,Phoenix Witches of the Third Realm draw their magic from their bond with their Phoenix familiars. Sanctums like this one allow their owner to further attune themselves to the unique flames of their everburning partner.,Las Brujas del Fénix del Tercer Reino extraen su magia del vínculo con sus familiares Fénix. Santuarios como este permiten a su dueña sintonizarse aún más con las llamas únicas de su compañero eterno.
card_stats/cPhoenixSanctumBlueprint_Name,Phoenix Sanctum Spell,Hechizo Santuario del Fénix
card_stats/cPhoenixSanctumBlueprint_Flavor,A Phoenix Sanctum is able to empower your Witch.,Un Santuario del Fénix puede potenciar a tu Bruja.
card_stats/cPhoenixSanctumArmor_Name,Empower Armor,Potenciar Armadura
card_stats/cPhoenixSanctumArmor_Desc,Combine with your Witch and Ember x 10 to grant them +1 armor. Armor cannot exceed your Witch's armor cap.,Combina con tu Bruja y Brasa x 10 para otorgarle +1 de armadura. La armadura no puede superar el límite de armadura de tu Bruja.
card_stats/cPhoenixSanctumAttack_Name,Empower Attack,Potenciar Ataque
card_stats/cPhoenixSanctumAttack_Desc,Combine with your Witch and Ember x 10 to grant them +1 attack.,Combina con tu Bruja y Brasa x 10 para otorgarle +1 de ataque.
card_stats/cEverburningBond_Name,Everburning Bond,Vínculo Eterno
card_stats/cEverburningBond_Desc,"Attack and Armor increases to the Witch also apply to the Phoenix, and vice versa.","Los aumentos de Ataque y Armadura a la Bruja también se aplican al Fénix, y viceversa."
card_stats/cEverburningBondBlueprint_Name,Everburning Bond Spell,Hechizo Vínculo Eterno
card_stats/cEverburningBondBlueprint_Flavor,"Everburning Bond causes Attack and Armor increases to the Witch to also apply to the Phoenix, and vice versa.","El Vínculo Eterno hace que los aumentos de Ataque y Armadura a la Bruja también se apliquen al Fénix, y viceversa."
card_stats/cSoulLink_Name,Soul Link,Vínculo de Almas
card_stats/cSoulLink_Desc,"Healing received by the Witch also applies to the Phoenix, and vice versa.","La curación recibida por la Bruja también se aplica al Fénix, y viceversa."
card_stats/cSoulLinkBlueprint_Name,Soul Link Spell,Hechizo Vínculo de Almas
card_stats/cSoulLinkBlueprint_Flavor,"Soul Link causes healing received by the Witch to also apply to the Phoenix, and vice versa.","El Vínculo de Almas hace que la curación recibida por la Bruja también se aplique al Fénix, y viceversa."
card_stats/cPhoenixMonument_Name,Phoenix Monument,Monumento al Fénix
card_stats/cPhoenixMonument_Desc,Grants +1 Phoenix Happiness every 30 seconds.,Otorga +1 de Felicidad del Fénix cada 30 segundos.
card_stats/cPhoenixMonument_Flavor,No one loves attention more than a Phoenix.,A nadie le encanta más la atención que a un Fénix.
card_stats/cPhoenixMonumentBlueprint_Name,Phoenix Monument Spell,Hechizo Monumento al Fénix
card_stats/cPhoenixMonumentBlueprint_Flavor,A Phoenix Monument grants +1 Phoenix Happiness every 30 seconds.,Un Monumento al Fénix otorga +1 de Felicidad del Fénix cada 30 segundos.
card_stats/cPhoenixMonolith_Name,Phoenix Monolith,Monolito al Fénix
card_stats/cPhoenixMonolith_Desc,Grants +5 Phoenix Happiness every 30 seconds.,Otorga +5 de Felicidad del Fénix cada 30 segundos.
card_stats/cPhoenixMonolith_Flavor,The number of Phoenix monuments in the world far outnumber the birds they depict. They know this and they are amused by this.,"La cantidad de monumentos al Fénix en el mundo supera por mucho a las aves que representan. Ellos lo saben, y les causa gracia."
card_stats/cPhoenixMonolithBlueprint_Name,Phoenix Monolith Spell,Hechizo Monolito al Fénix
card_stats/cPhoenixMonolithBlueprint_Flavor,A Phoenix Monolith grants +5 Phoenix Happiness every 30 seconds.,Un Monolito al Fénix otorga +5 de Felicidad del Fénix cada 30 segundos.
card_stats/cPhoenixTamer_Name,Phoenix Tamer,Domador de Fénix
card_stats/cPhoenixTamer_Desc,The trail of a corrupted phoenix has brought them here.,El rastro de un fénix corrompido lo ha traido hasta aquí.
card_stats/cPhoenixTamer_Flavor,Very few can earn the loyalty of a Phoenix. Fewer still are those who can tame them.,Muy pocos pueden ganarse la lealtad de un Fénix. Menos aún son quienes pueden domarlos.
card_stats/cPhoenixTamerChest_Name,Phoenix Tamer Chest,Cofre del Domador de Fénix
card_stats/cPhoenixTamerChest_Desc,"Store Ember here to attract the attention of the Void-Touched Phoenix. Be prepared for its wrath. Click to withdraw 1 card, Shift+Click to withdraw 5 cards.","Guarda Brasa aquí para atraer la atención del Fénix Tocado por el Vacio. Prepárate para su furia. Haz clic para retirar 1 carta, Shift+Clic para retirar 5 cartas."
card_stats/cVoidTouchedPhoenix_Name,Void-Touched Phoenix,Fénix Tocado por el Vacio
card_stats/cVoidTouchedPhoenix_Desc,Twisted by the energies of the void.,Retorcido por las energias del vacio.
card_stats/cPhoenixTamerWonder_Name,Phoenix Tamer,Domador de Fénix
card_stats/cPhoenixTamerWonder_Desc,"Thankful for your help, they now offer you their Phoenix-training services. For a fee, of course.","Agradecido por tu ayuda, ahora te ofrece sus servicios de entrenamiento de Fénix. A cambio de una tarifa, claro."
card_stats/cPhoenixTamerWonder_Flavor,Very few can earn the loyalty of a Phoenix. Fewer still are those who can tame them.,Muy pocos pueden ganarse la lealtad de un Fénix. Menos aún son quienes pueden domarlos.
card_stats/cPhoenixTamerWonderChest_Name,Phoenix Tamer Chest,Cofre del Domador de Fénix
card_stats/cPhoenixTamerWonderChest_Desc,"Store Ember here as payment to the Phoenix Tamer. Click to withdraw 1 card, Shift+Click to withdraw 5 cards.","Guarda Brasa aquí como pago para el Domador de Fénix. Haz clic para retirar 1 carta, Shift+Clic para retirar 5 cartas."
card_stats/cEngulfingFlame_Name,Engulfing Flame,Llama Envolvente
card_stats/cEngulfingFlame_Desc,Enemies defeated by the Phoenix have a chance to create a Fireball.,Los enemigos derrotados por el Fénix tienen una probabilidad de crear una Bola de Fuego.
card_stats/cFiresOfIndustry_Name,Fires of Industry,Fuegos de la Industria
card_stats/cFiresOfIndustry_Desc,Slotting the Phoenix into a village improves that village's production speed by +40%.,Colocar al Fénix en una aldea mejora la velocidad de producción de esa aldea en +40%.
card_stats/cRiseAgain_Name,Rise Again,Renacer
card_stats/cRiseAgain_Desc,Increases Phoenix Egg hatch speed by 50%.,Aumenta en 50% la velocidad de eclosión del Huevo de Fénix.
card_stats/cRiseAgain_Flavor,"""The Phoenix will rise again.""",«El Fénix renacera de nuevo.»
card_stats/cTrainingCampPhoenix_Name,Training Camp,Campo de Entrenamiento
card_stats/cTrainingCampPhoenix_Desc,Allows the Phoenix to attack hostile Faerie Cities. Additional Training Camps increase the Phoenix's combat speed by +20%. Must be slotted into a village.,Permite que el Fénix ataque Ciudades Feéricas hostiles. Los Campos de Entrenamiento adicionales aumentan la velocidad de combate del Fénix en +20%. Debe colocarse en una aldea.
card_stats/cTrainingCampPhoenix_Flavor,Some familiars are called upon to protect their homes. They do so with brutal skill.,Algunos familiares son llamados a proteger sus hogares. Lo hacen con habilidad brutal.
card_stats/cTrainingCampPhoenixBlueprint_Name,Training Camp Spell,Hechizo Campo de Entrenamiento
card_stats/cTrainingCampPhoenixBlueprint_Flavor,A Training Camp allows the Phoenix to attack hostile Faerie Cities.,Un Campo de Entrenamiento permite que el Fénix ataque Ciudades Feéricas hostiles.
card_stats/cSorcerersSchoolPhoenix_Name,Sorcerer's School,Escuela de Hechiceria
card_stats/cSorcerersSchoolPhoenix_Desc,Allows the Phoenix to cast spells. Additional Sorcerer's Schools increase the Phoenix's casting speed by +20%. Must be slotted into a village.,Permite que el Fénix lance hechizos. Las Escuelas de Hechiceria adicionales aumentan la velocidad de lanzamiento del Fénix en +20%. Debe colocarse en una aldea.
card_stats/cSorcerersSchoolPhoenix_Flavor,"It is a difficult thing to teach a bird wreathed in flame the dexterity required for casting even the most basic spell. The teachers here are very, very good.","Es difícil enseñarle a un ave envuelta en llamas la destreza necesaria para lanzar incluso el hechizo más basico. Los maestros de aquí son muy, muy buenos."
card_stats/cSorcerersSchoolPhoenixBlueprint_Name,Sorcerer's School Spell,Hechizo Escuela de Hechiceria
card_stats/cSorcerersSchoolPhoenixBlueprint_Flavor,A Sorcerer's School allows the Phoenix to cast spells.,Una Escuela de Hechiceria permite que el Fénix lance hechizos.
card_stats/cOutpostPhoenix_Name,Outpost,Puesto Avanzado
card_stats/cOutpostPhoenix_Desc,Allows the Phoenix to explore twice as fast. Must be slotted into a village.,Permite que el Fénix explore el doble de rápido. Debe colocarse en una aldea.
card_stats/cOutpostPhoenix_Flavor,"During the Second Fae War, outposts like this one were used to train and supply familiars for long-duration recon missions.","Durante la Segunda Guerra de las Hadas, puestos avanzados como este se usaban para entrenar y abastecer familiares en misiones de reconocimiento de larga duración."
card_stats/cOutpostPhoenixBlueprint_Name,Outpost Spell,Hechizo Puesto Avanzado
card_stats/cOutpostPhoenixBlueprint_Flavor,An Outpost allows the Phoenix to explore twice as fast.,Un Puesto Avanzado permite que el Fénix explore el doble de rápido.
card_stats/cNexusInABox_Name,Nexus-In-A-Box,Nexo en una Caja
card_stats/cNexusInABox_Flavor,"Contains a Nexus. Resources stored in a Nexus are usable by any building.

Your home realm has pulled some strings and gifted you early access to this powerful tool for automating certain tasks.",Contiene un Nexo. Los recursos almacenados en un Nexo pueden ser usados por cualquier edificio. Tu reino natal ha movido algunos hilos y te ha regalado acceso anticipado a esta poderosa herramienta para automatizar ciertas tareas.