Term,English,Spanish (es-ES)
achievement_allclear_content,Unlock all achievements,Desbloquea todos los logros
achievement_allclear_title,Juicy Jamboree,Fiesta Jugosa
achievement_content_clear_alpha,Beat the game with Alpha,Vence el juego con Alpha
achievement_content_clear_appleMan,Beat the game with Apple Avenger,Vence el juego con Apple Avenger
achievement_content_clear_boborot,Beat the game with Rover,Vence el juego con Rover
achievement_content_clear_duo,Beat the game on Duos,Vence el juego en modo Dúo
achievement_content_clear_emy,Beat the game with Emy,Vence el juego con Emy
achievement_content_clear_hard_mode_10,Beat the game on Hard with 10★,Vence el juego en Difícil con 10★
achievement_content_clear_hard_mode_3,Beat the game on Hard with 3★,Vence el juego en Difícil con 3★
achievement_content_clear_hard_mode_6,Beat the game on Hard with 6★,Vence el juego en Difícil con 6★
achievement_content_clear_hunter,Beat the game with Boone,Vence el juego con Boone
achievement_content_clear_mirai,Beat the game with Roux,Vence el juego con Roux
achievement_content_clear_normal_mode,Beat the game on Normal,Vence el juego en modo Normal
achievement_content_clear_pandaa,Beat the game with Bam 'n Boozle,Vence el juego con Bam 'n Boozle
achievement_content_clear_ponpon,Beat the game with PonPon,Vence el juego con PonPon
achievement_content_clear_tokoroa,Beat the game with Tokoroa,Vence el juego con Tokoroa
achievement_content_dead_10_times,Die 10 times,Muere 10 veces
achievement_content_dead_first_time,Die for the first time,Muere por primera vez
achievement_content_dead_medic_master,Save your teammate 10 times,Salva a tu compañero 10 veces
achievement_content_keep_all_money,Beat the game without spending any Coins,Vence el juego sin gastar ninguna Moneda
achievement_content_kill_apple_100,Defeat 100 Apples,Derrota a 100 Manzanas
achievement_content_kill_boss_cactus,Defeat Cactusbot 00,Derrota a Cactusbot 00
achievement_content_kill_boss_cake,Defeat the Cake Castle,Derrota al Castillo de Pastel
achievement_content_kill_boss_durian,Defeat King Durian,Derrota al Rey Durián
achievement_content_kill_boss_ghost,Defeat Nanageist,Derrota a Nanageist
achievement_content_kill_boss_mrGrapes,Defeat Grapeshifter,Derrota a la Uva Cambiante
achievement_content_kill_boss_pearGod,Defeat Pyrus Pear,Derrota a Pyrus Pera
achievement_content_kill_boss_spider,Defeat Blueberry Widow,Derrota a la Viuda Arándano
achievement_content_kill_boss_threeSnake,Defeat Cerbersalak,Derrota a Cerbersalak
achievement_content_kill_boss_towser,Defeat Gigamelon,Derrota a Gigamelón
achievement_content_kill_boss_treeMom,Defeat the Ancestral Tree,Derrota al Árbol Ancestral
achievement_content_kill_melon_100,Defeat 100 Watermelons,Derrota a 100 Sandías
achievement_content_kill_pear_100,Defeat 100 Pears,Derrota a 100 Peras
achievement_content_loot_money_10000,"Collect 10,000 Coins",Recolecta 10.000 Monedas
achievement_content_loot_random_chest,Open 20 Mystery Chests,Abre 20 Cofres Misteriosos
achievement_content_unlock_enemy_all,Unlock all monsters in your Compendium,Desbloquea todos los monstruos de tu Compendio
achievement_content_unlock_weapon_40,Unlock 40 weapons,Desbloquea 40 armas
achievement_content_unlock_weapon_80,Unlock 80 weapons,Desbloquea 80 armas
achievement_title_clear_alpha,Botanist,Botánico
achievement_title_clear_appleMan,I'm a True Hero,Soy un Verdadero Héroe
achievement_title_clear_boborot,Processed Fruit,Fruta Procesada
achievement_title_clear_duo,Blood Brothers,Hermanos de Sangre
achievement_title_clear_emy,Investigation,Investigación
achievement_title_clear_hard_mode_10,Extermination,Exterminio
achievement_title_clear_hard_mode_3,Sous Chef,Sous Chef
achievement_title_clear_hard_mode_6,Behind Enemy Lines,Tras las Líneas Enemigas
achievement_title_clear_hunter,Happy Hunting,Feliz Cacería
achievement_title_clear_mirai,Mecha Master,Maestro Mecha
achievement_title_clear_normal_mode,First Juice,Primer Jugo
achievement_title_clear_pandaa,Bamboozled,Embambuzado
achievement_title_clear_ponpon,One-Punch Girl,La Chica de un Solo Golpe
achievement_title_clear_tokoroa,Fruity Ninja,Ninja de Frutas
achievement_title_dead_10_times,Deathly Desires,Deseos Mortales
achievement_title_dead_first_time,Mini Mistake,Pequeño Error
achievement_title_dead_medic_master,Medic!,¡Médico!
achievement_title_keep_all_money,Scrooge,Avaro
achievement_title_kill_apple_100,Apple Annihilator,Aniquilador de Manzanas
achievement_title_kill_boss_cactus,Wild West,Salvaje Oeste
achievement_title_kill_boss_cake,No Sweet Tooth!,¡No Soy Goloso!
achievement_title_kill_boss_durian,Ain't No Stank!,¡Sin Peste Aquí!
achievement_title_kill_boss_ghost,Banana Basher,Aplastador de Bananas
achievement_title_kill_boss_mrGrapes,Shifting Stopped,Cambio Detenido
achievement_title_kill_boss_pearGod,Still Just a Pear,Sigue Siendo Solo una Pera
achievement_title_kill_boss_spider,Spider or Crab?,¿Araña o Cangrejo?
achievement_title_kill_boss_threeSnake,Serpent Slayer,Matador de Serpientes
achievement_title_kill_boss_towser,Dog Don't Bite,El Perro No Muerde
achievement_title_kill_boss_treeMom,Fruity Forebearer,Ancestro Frutal
achievement_title_kill_melon_100,Melon Killer,Asesino de Melones
achievement_title_kill_pear_100,Pear Punisher,Castigador de Peras
achievement_title_loot_money_10000,Coin Crazed,Loco por las Monedas
achievement_title_loot_random_chest,Curious Cat,Gato Curioso
achievement_title_unlock_enemy_all,Know Your Enemy,Conoce a tu Enemigo
achievement_title_unlock_weapon_40,Weaponized Ⅰ,Armado Ⅰ
achievement_title_unlock_weapon_80,Weaponized Ⅱ,Armado Ⅱ
hardMode_5hearts,HP is now shown as hearts. 1 heart is lost each time you take damage.,La vida ahora se muestra como corazones. Pierdes 1 corazón cada vez que recibes daño.
hardMode_bulletRefraction,Enemy bullets bounce one time after hitting a wall,Las balas enemigas rebotan una vez al chocar con una pared
hardMode_bulletsouls,Enemy bullets move like snakes,Las balas enemigas se mueven como serpientes
hardMode_deadpoison,Enemies leave a pool of poison when they die,Los enemigos dejan un charco de veneno al morir
hardMode_fastmonster,Enemy Movement Speed increased by 50%,La velocidad de movimiento de los enemigos aumenta un 50%
hardMode_hpUp,Enemy HP increased by 50%,La vida de los enemigos aumenta un 50%
hardMode_label_upgradeCore,Seed Drop Modifier,Modificador de Caída de Semillas
hardMode_lessview,Narrow Vision,Visión Reducida
hardMode_moneyGone,Dropped Coins will disappear after a set time,Las Monedas caídas desaparecen después de un tiempo
hardMode_selfbomb,Enemies explode when they die,Los enemigos explotan al morir
hardMode_speeddown,Your Movement Speed and Energy Regen Speed are reduced when taking damage,Tu velocidad de movimiento y de regeneración de energía se reducen al recibir daño
rewired_action_attack,Attack,Atacar
rewired_action_interaction,Interact,Interactuar
rewired_action_mainSkill,Skills,Habilidades
rewired_action_map,Map,Mapa
rewired_action_minorSkill,Dash,Impulso
rewired_action_prepair,Reload,Recargar
rewired_action_switch,Switch weapon,Cambiar arma
panel_label_critRate,Crit Rate,Prob. Crítico
panel_label_damage,Damage,Daño
panel_label_frequency,Attack Speed,Velocidad de Ataque
panel_label_hp,HP,Vida
panel_label_range,Range,Alcance
panel_label_soldout,Sold Out,Agotado
panel_label_speed,Speed,Velocidad
panel_weapon_pickup,Collect,Recoger
panel_weapon_sold,Recycle,Reciclar
App_Name,Juicy Realm,Juicy Realm
font_common,HermanoAlto Round,HermanoAlto Round
font_title,HermanoAlto Round,HermanoAlto Round
image_LAN_ready,textYLXen,textYLXen
image_area,AEAR,AEAR
image_boss,BOSS,BOSS
image_bullet_Emoney,Emoney_us,Emoney_us
image_clear,CLEAR,CLEAR
image_combo,combo,combo
image_game,game,game
image_honnng,honnng,honnng
image_kachaaa,kachaaa,kachaaa
image_logo_spacecan,spacecan_logo,spacecan_logo
image_multiplayer,multiplayerEN,multiplayerEN
image_player_help,help_en,help_en
image_ready,player_ready,player_ready
image_selectCharacter,title_en,title_en
image_spacecan,spacecan_en,spacecan_en
image_success,CLEAR,CLEAR
item_addBuffCount_info,Adds an additional weapon attachment slot,Añade una ranura adicional de accesorio para armas
item_addItemCount_info,Add additional skill uses,Añade usos adicionales de habilidad
item_addWeaponStarRate_info,Increase the rarety(Stars) of the weapon you are carrying. (Increase base damage),Aumenta la rareza (Estrellas) del arma que llevas. (Aumenta el daño base)
item_energyBoost_info,Increase speed of Energy Regen,Aumenta la velocidad de regeneración de Energía
item_energyUp_info,Gain additional Energy,Obtén Energía adicional
item_healHp_info,Recover {0} HP,Recupera {0} de Vida
item_healShield_info,Regen {0} SP,Regenera {0} de Escudo
item_hpUp_info,Increase HP,Aumenta la Vida
item_hurtClearBullet_info,Eliminate nearby bullets when hurt,Elimina las balas cercanas al recibir daño
item_hurtStunEnemy_info,Stun nearby enemies when hurt,Aturde a los enemigos cercanos al recibir daño
item_immuneAOE_info,Gain immunity to ranged damage,Obtén inmunidad al daño a distancia
item_immunePoison_info,Gain immunity to poison damage,Obtén inmunidad al daño por veneno
item_immuneSlow_info,Gain immunity to slow,Obtén inmunidad a la ralentización
item_info_deposit,Save Coins,Guardar Monedas
item_info_deposit_max,Storage full,Almacenamiento lleno
item_lootMoreMoney_info,Increase amount of Coins dropped,Aumenta la cantidad de Monedas que sueltan los enemigos
item_magnetMoney_info,Automatically pick up all Coins,Recoge automáticamente todas las Monedas
item_monument_paperTip,Remember! Be on time to get your rewards!,¡Recuerda! ¡Llega a tiempo para conseguir tus recompensas!
item_speedUp_info,Increase Movement Speed,Aumenta la Velocidad de Movimiento
item_star_info,Increase the base damage of your current weapon.,Aumenta el daño base de tu arma actual.
item_tip_getPet,Pet,Mascota
item_tip_upgradeCurrentWeapon,Enhances your current weapon,Mejora tu arma actual
randomState_challengeUp,Increase difficulty of current zone,Aumenta la dificultad de la zona actual
randomState_clearWeaponBuff,Remove current weapon attachments,Elimina los accesorios del arma actual
randomState_clearWeaponStar,Resets current weapon's quality to 0,Reinicia la calidad del arma actual a 0
randomState_createBoxes,Spawns a pile of treasure chests,Genera un montón de cofres del tesoro
randomState_currentShopFree,Shop items are free in the current zone,Los artículos de la tienda son gratis en la zona actual
randomState_enhanceWeaponDiscount,50% off weapon attachments in the current zone,50% de descuento en accesorios de armas en la zona actual
randomState_exchangeWeapon,Replace current weapon,Reemplaza el arma actual
randomState_getCore,Collect Seeds,Recolecta Semillas
randomState_getShield,Generate Shield,Genera Escudo
randomState_healHp,Recover HP,Recupera Vida
randomState_hideCurrentMap,Hide map of current zone,Oculta el mapa de la zona actual
randomState_label_confirm,"Yo! It's only {0} bucks, *bzzz*!","¡Eh! ¡Son solo {0} monedas, *bzzz*!"
randomState_label_machineBroken,"*Bzz bzzz bzzzz*?! This doesn't feel right, *bzz*...","*Bzz bzzz bzzzz*?! Esto no se siente bien, *bzz*..."
randomState_label_showResult,"Oh, oh! Fate has led me here, *bzz*!","¡Oh, oh! El destino me trajo hasta aquí, *bzz*!"
randomState_label_welcome,"Come, come, *bzz*. Test your luck, *bzzzzz*! Just {0} bucks to change your destiny, *bzzzz*!","Ven, ven, *bzz*. ¡Prueba tu suerte, *bzzzzz*! ¡Solo {0} monedas para cambiar tu destino, *bzzzz*!"
randomState_lootMoney,Receive loads of Coins,Recibe un montón de Monedas
randomState_maxHpSub,Reduce Max HP,Reduce la Vida Máxima
randomState_randomEnhanceWeapon,Randomly enhances your current weapon,Mejora aleatoriamente tu arma actual
randomState_resetCurretLevel,Reset the current zone,Reinicia la zona actual
randomState_showAllMap,Reveal maps for all zones,Revela los mapas de todas las zonas
randomState_teleportBoss,Teleport to boss area,Teletranspórtate al área del jefe
randomState_upgradeWeaponStar,Increase the rarety(Stars) of the current weapon to Three Stars. (Increase base damage),Aumenta la rareza (Estrellas) del arma actual a Tres Estrellas. (Aumenta el daño base)
pet_UFOGoose_feature,Galactic Goose unleashes piercing beams of light that are more effective than you may think.,El Ganso Galáctico desata rayos de luz perforantes que son más efectivos de lo que crees.
pet_UFOGoose_info,Fires a piercing beam of light,Dispara un rayo de luz perforante
pet_baseballer_feature,Batter up! Swing! Hit enemy bombs back like a baseball! Hit 'em out of the park!,¡A batear! ¡Swing! ¡Devuelve las bombas enemigas como si fueran pelotas de béisbol! ¡Sácalas del estadio!
pet_baseballer_info,Reflects enemy bullets,Refleja las balas enemigas
pet_cleaner_feature,This robot is more than a vacuum cleaner! It can suck bullets right out of the air!,¡Este robot es más que una aspiradora! ¡Puede succionar las balas directamente del aire!
pet_cleaner_info,Absorbs enemy bullets,Absorbe las balas enemigas
pet_crayfish_feature,This... this is... *sneeze*... a spicy crawdad! It's flames are searing hot!,Esto... esto es... *achís*... ¡un cangrejo de río picante! ¡Sus llamas queman muchísimo!
pet_crayfish_info,Burns enemies with raging flames,Quema a los enemigos con llamas furiosas
pet_goldfish_feature,What a cute little goldfish! The bubbles it blows can slow down an enemy's movements!,¡Qué pececito dorado tan lindo! ¡Las burbujas que sopla pueden ralentizar el movimiento de los enemigos!
pet_goldfish_info,Blows bubbles that slow enemies,Sopla burbujas que ralentizan a los enemigos
pet_hedgehog_feature,This Spikey Hedgehog will rush into battle without hesitation and will even help you find supplies. Could there be a more loyal pet?,"Este Erizo Espinoso se lanzará a la batalla sin dudarlo, e incluso te ayudará a encontrar suministros. ¿Podría existir una mascota más leal?"
pet_hedgehog_info,Has a powerful charge attack and locates supplies after battle,Tiene un poderoso ataque de carga y localiza suministros después de la batalla
pet_lizard_feature,"The Lizard Prince hails from a ferociously arid and hot desert. By storing up heat from the sun, he can unleash mighty vortexes of fire!","El Príncipe Lagarto viene de un desierto feroz, árido y caluroso. Almacenando el calor del sol, ¡puede desatar poderosos vórtices de fuego!"
pet_lizard_info,Unleashes powerful vortexes which suck enemies towards their center,Desata poderosos vórtices que succionan a los enemigos hacia su centro
pet_meatball_feature,Fish Ball fires waves of light that track down enemies. She'll never miss a shot!,Bola de Pescado dispara ondas de luz que persiguen a los enemigos. ¡Nunca falla un tiro!
pet_meatball_info,Fires waves of light that track enemies,Dispara ondas de luz que persiguen a los enemigos
pet_monkey_feature,Watch out - it's a Mad Monkey! He'll stun nearby enemies to give you a quick breather in battle!,"¡Cuidado, es un Mono Loco! ¡Aturdirá a los enemigos cercanos para darte un respiro en la batalla!"
pet_monkey_info,Stuns enemies with precision,Aturde a los enemigos con precisión
pet_seagull_feature,This Special Ops Seagull will go ballistic and attack enemies if you are damaged. What a friend!,¡Esta Gaviota de Operaciones Especiales se pondrá como loca y atacará a los enemigos si recibes daño. Qué buena amiga!
pet_seagull_info,Counterattacks when you are damaged,Contraataca cuando recibes daño
player_alpha_feature,"May revive 1 time
Skill: Summon a Pea Popper","Puede revivir 1 vez
Habilidad: Invoca un Guisante Disparador"
player_alpha_name,Alpha,Alpha
player_alpha_title,The Botanist,El Botánico
player_appleMan_feature,"Chance to recover HP when defeating an enemy
Skill: Charm nearby fruits","Probabilidad de recuperar Vida al derrotar a un enemigo
Habilidad: Encanta a las frutas cercanas"
player_appleMan_name,Apple Avenger,El Vengador Manzana
player_appleMan_title,A True Hero,Un Verdadero Héroe
player_boborot_feature,"Fast reload and Energy regen
Skill: Generate a shield which blocks bullets","Recarga rápida y regeneración de Energía
Habilidad: Genera un escudo que bloquea balas"
player_boborot_name,Rover,Rover
player_boborot_title,The Noisy Robot,El Robot Ruidoso
player_emy_feature,"Attack enemies to reduce skill cooldown
Skill: Bullets track enemies","Ataca a los enemigos para reducir el enfriamiento de la habilidad
Habilidad: Las balas persiguen a los enemigos"
player_emy_name,Emy,Emy
player_emy_title,The Mercenary,La Mercenaria
player_hunter_feature,"Brings his Hound into battle
Skill: Clone all current pets","Lleva a su Sabueso a la batalla
Habilidad: Clona todas las mascotas actuales"
player_hunter_name,Boone,Boone
player_hunter_title,The Hunter,El Cazador
player_lily_feature,"Adds an additional attachment slot to weapons
Skill: Wield two weapons at the same time","Añade una ranura adicional de accesorio a las armas
Habilidad: Empuña dos armas al mismo tiempo"
player_lily_name,Li,Li
player_lily_title,Little Dragon,Pequeño Dragón
player_mirai_feature,"Fire rate increases when piloting the mech.
Skill: Pilot a portable mech","La velocidad de disparo aumenta al pilotar el mech.
Habilidad: Pilota un mech portátil"
player_mirai_name,Roux,Roux
player_mirai_title,Mecha Pilot,Piloto de Mech
player_pandaa_feature,"Damage increases as HP falls. Transforms into a Bamboo Whisp when nearing death.
Skill: Pandas enter Berserk mode","El daño aumenta a medida que baja la Vida. Se transforma en un Espíritu de Bambú al estar cerca de la muerte.
Habilidad: Los pandas entran en modo Berserk"
player_pandaa_name,Bam 'n Boozle,Bam 'n Boozle
player_pandaa_title,Panda Crew,Equipo Panda
player_ponpon_feature,"Protected by an auto regenerating shield
Skill: Damage and stun nearby enemies","Protegida por un escudo que se regenera automáticamente
Habilidad: Daña y aturde a los enemigos cercanos"
player_ponpon_name,PonPon,PonPon
player_ponpon_title,The Boxer,La Boxeadora
player_tokoroa_feature,"Fast Energy regen. Chance to generate a shield after defeating enemies with a melee weapon.
Skill: Summon a shadow to join the fight","Regeneración rápida de Energía. Probabilidad de generar un escudo al derrotar enemigos con un arma cuerpo a cuerpo.
Habilidad: Invoca una sombra que se une a la batalla"
player_tokoroa_name,Tokoroa,Tokoroa
player_tokoroa_title,The Ninja,El Ninja
guide_chat_0,Welcome to the training grounds. Please head to your left.,Bienvenido al campo de entrenamiento. Dirígete hacia tu izquierda.
guide_chat_00,Welcome to the training grounds. Please select your aiming style.,Bienvenido al campo de entrenamiento. Selecciona tu estilo de apuntado.
guide_chat_1,Attack that suspicious looking chest over there.,Ataca ese cofre de aspecto sospechoso de allí.
guide_chat_10,Wow! You did it! You're really a heartless killer!,¡Vaya! ¡Lo lograste! ¡Eres un asesino sin corazón!
guide_chat_11,"Wonderful, wonderful! Not even a scratch!","¡Maravilloso, maravilloso! ¡Ni un rasguño!"
guide_chat_12,Magnificent!,¡Magnífico!
guide_chat_13,Alright. Now take your weapon and move on!,Muy bien. ¡Ahora toma tu arma y sigue adelante!
guide_chat_14,Perfection. It's been a long time since I've met someone as clever as you!,Perfección. ¡Hace mucho que no conocía a alguien tan astuto como tú!
guide_chat_15,I almost forgot! Open your bag to view your weapons and map!,¡Casi lo olvido! ¡Abre tu bolsa para ver tus armas y el mapa!
guide_chat_2,Dash forward with confidence to pass through the flames. No hesitation!,Avanza con confianza para atravesar las llamas. ¡Sin dudar!
guide_chat_3,Show me what you're made of! Show me what you've got!,¡Muéstrame de qué estás hecho! ¡Muéstrame lo que tienes!
guide_chat_4,Over here! I've got something that'll help you out. Pick it up and give it a squeeze!,¡Por aquí! Tengo algo que te ayudará. ¡Recógelo y apriétalo!
guide_chat_5,Try switching between your weapons!,¡Intenta cambiar entre tus armas!
guide_chat_6,Final round! Real combat begins now!,¡Ronda final! ¡El combate de verdad empieza ahora!
guide_chat_7,Well done! I'm impressed. Congratulations on completing your training!,¡Bien hecho! Estoy impresionado. ¡Felicidades por completar tu entrenamiento!
guide_chat_8,Look! A pack of Raging Raspberries! Defeat them!!!,¡Mira! ¡Una manada de Frambuesas Furiosas! ¡Derrótalas!!!
guide_chat_9,Use your skill to take the dummy down!,¡Usa tu habilidad para derribar al muñeco de práctica!
talent_info_add1Energy,Increase Energy by 1,Aumenta la Energía en 1
talent_info_add1Hp,Increase HP by 1,Aumenta la Vida en 1
talent_info_add2Hp,Increase HP by 2,Aumenta la Vida en 2
talent_info_addSpawnWeaponStarRate,Increase rarety for the base weapon. (Increase base damage),Aumenta la rareza del arma inicial. (Aumenta el daño base)
talent_info_alpha_3shooter,Summon a Pea Repeater,Invoca un Guisante Repetidor
talent_info_alpha_addShooterCount,May summon 2 Pea Poppers,Puede invocar 2 Guisantes Disparadores
talent_info_alpha_increaseShooterDuration,Extend the duration of Pea Popper,Extiende la duración del Guisante Disparador
talent_info_alpha_shotgunShooter,Summon a Pea Howitzer,Invoca un Guisante Obús
talent_info_appleMan_addHealProbability,Increase chance to recover HP when defeating an enemy,Aumenta la probabilidad de recuperar Vida al derrotar a un enemigo
talent_info_appleMan_addHealValue,Recover more HP when killing an enemy,Recupera más Vida al matar a un enemigo
talent_info_appleMan_enchantIncreaseCount,Increase number of enemies that may be charmed,Aumenta el número de enemigos que pueden ser encantados
talent_info_emy_hitUpdateSkillCD,Reduce skill cooldown when hitting an enemy,Reduce el enfriamiento de la habilidad al golpear a un enemigo
talent_info_emy_increaseBulletRange,Increase range when using Auto Target,Aumenta el alcance al usar Auto Objetivo
talent_info_emy_increaseSkillDuration,Increase duration of Auto Target by 50%,Aumenta la duración de Auto Objetivo en un 50%
talent_info_hunter_addPetDamageMultiple,Increase Hound's Attack Power,Aumenta el Poder de Ataque del Sabueso
talent_info_hunter_increaseHoundCount,Summon another Hound,Invoca otro Sabueso
talent_info_hunter_increaseSkillDuration,Extend the duration of cloned pets,Extiende la duración de las mascotas clonadas
talent_info_increaseGetShieldWithMeleeRatio,Increase chance to generate a shield when defeating an enemy,Aumenta la probabilidad de generar un escudo al derrotar a un enemigo
talent_info_increaseShieldDuration,Extend the duration of your shield,Extiende la duración de tu escudo
talent_info_increaseShieldHP,Increase shield SP,Aumenta los puntos de Escudo
talent_info_increaseSpeed,Increase Movement Speed,Aumenta la Velocidad de Movimiento
talent_info_lily_addBuffCount,Weapon attachment slots +1,Ranuras de accesorio de arma +1
talent_info_lily_fire,Leave a path of flames behind you while skill is active,Deja un camino de llamas tras de ti mientras la habilidad está activa
talent_info_lily_increaseSkillDuration,Extend the duration of your skill,Extiende la duración de tu habilidad
talent_info_mirai_roboReleaseDodge,May use Dash to dodge attacks while piloting Mecha,Puede usar el Impulso para esquivar ataques mientras pilota el Mecha
talent_info_mirai_robotAddAttackRate,Increase Attack Speed of Battle Mecha,Aumenta la Velocidad de Ataque del Mecha de Batalla
talent_info_mirai_robotAddHp,Increase HP of Battle Mecha,Aumenta la Vida del Mecha de Batalla
talent_info_mirai_robotAddSpeed,Increase Movement Speed of Battle Mecha,Aumenta la Velocidad de Movimiento del Mecha de Batalla
talent_info_pandaa_addBambooSpeed,Increase Movement Speed of Bamboo Whisp,Aumenta la Velocidad de Movimiento del Espíritu de Bambú
talent_info_pandaa_addKongfuAttackSpeed,Increase Attack Speed while in Berserk mode,Aumenta la Velocidad de Ataque en modo Berserk
talent_info_pandaa_addKongfuSpeed,Increase Movement Speed while in Berserk mode,Aumenta la Velocidad de Movimiento en modo Berserk
talent_info_pandaa_addRageDuration,Extend the duration of Berserk,Extiende la duración del modo Berserk
talent_info_pandaa_increaseSkillDuration,Extend the duration of your skill,Extiende la duración de tu habilidad
talent_info_ponpon_clearAroundBullets,Ground Pound eliminates nearby bullets,El Golpe de Tierra elimina las balas cercanas
talent_info_ponpon_increaseShakeRange,Increase Ground Pound range by 20%,Aumenta el alcance del Golpe de Tierra en un 20%
talent_info_ponpon_increaseStunDuration,Increase Ground Pound stun duration by 50%,Aumenta la duración de aturdimiento del Golpe de Tierra en un 50%
talent_info_ponpon_recoverShield,Increase shield's regeneration speed,Aumenta la velocidad de regeneración del escudo
talent_info_speedUpReload,Faster reload and weapon energy recharge,Recarga más rápida de munición y energía del arma
talent_info_tokoroa_increaseShadowDuration,Increase the duration of shadows,Aumenta la duración de las sombras
talent_info_tokoroa_summon2Shadow,Summon 2 shadows,Invoca 2 sombras
talent_label_doingExercise,Working out...,Entrenando...
talent_label_finishExercise,Workout complete. Lookin' good!,Entrenamiento completo. ¡Te ves genial!
talent_label_lvMax,You're lookin' swole! No more workouts needed.,¡Estás bien musculoso! Ya no necesitas más entrenamiento.
talent_label_needExercise,Want to work out?,¿Quieres entrenar?
weaponBuff_addAttackFrequency_info,Weapon Attack Speed +{0}%,Velocidad de Ataque del Arma +{0}%
weaponBuff_addCritDamage_info,Weapon Crit Damage +{0}%,Daño Crítico del Arma +{0}%
weaponBuff_addCritRate_info,Weapon Crit Rate +{0}%,Probabilidad de Crítico del Arma +{0}%
weaponBuff_addDamage_info,Weapon Damage +{0}%,Daño del Arma +{0}%
weaponBuff_addForce_info,Knockback Power +{0}%,Poder de Empuje +{0}%
weaponBuff_addMagazineCapacity_info,Weapon Max Ammo +{0}%,Munición Máxima del Arma +{0}%
weaponBuff_addRange_info,Weapon Range +{0}%,Alcance del Arma +{0}%
weaponBuff_addReloadRate_info,Reload and Energy Regen Speed +{0}%,Velocidad de Recarga y Regeneración de Energía +{0}%
weaponBuff_addReloadRate_info_3,Reload and Energy Regen Speed +{0}%. First shot after reloading has a 100% Crit Rate.,Velocidad de Recarga y Regeneración de Energía +{0}%. El primer disparo tras recargar tiene 100% de probabilidad de Crítico.
weaponBuff_aoeAfterCrit_info,Critical Hits cause explosions which deal {0}% of weapon's damage,Los Golpes Críticos causan explosiones que infligen el {0}% del daño del arma
weaponBuff_bulletPenetration_info_1,Bullets from Critical Hits pierce enemies 1 time,Las balas de los Golpes Críticos perforan a los enemigos 1 vez
weaponBuff_bulletPenetration_info_2,Bullets pierce enemies 1 time,Las balas perforan a los enemigos 1 vez
weaponBuff_bulletPenetration_info_3,Bullets pierce enemies an unlimited number of times,Las balas perforan a los enemigos un número ilimitado de veces
weaponBuff_bulletRefraction_info,Bullets bounce {0} times after hitting a wall,Las balas rebotan {0} veces al chocar con una pared
weaponBuff_cooldownSkillWhenHit_info,Reduce skill cooldown when attacking enemies by {0}s,Reduce el enfriamiento de la habilidad en {0}s al atacar enemigos
weaponBuff_dotPoison_info,Critical Hits poison enemies for a total of {0}% of weapon's damage,Los Golpes Críticos envenenan a los enemigos por un total del {0}% del daño del arma
weaponBuff_enchantWhenHit_info,Attacks have a {0}% chance to charm enemies,Los ataques tienen un {0}% de probabilidad de encantar a los enemigos
weaponBuff_getShieldWhenKill_info,5% chance to generate a shield with {0} SP when defeating an enemy,5% de probabilidad de generar un escudo con {0} de Escudo al derrotar a un enemigo
weaponBuff_healHpWhenKill_info,{0}% chance to recover 1 HP when defeating an enemy,{0}% de probabilidad de recuperar 1 de Vida al derrotar a un enemigo
weaponBuff_increaseAccuracy_info_1,Improve bullet accuracy,Mejora la precisión de las balas
weaponBuff_increaseAccuracy_info_2,Bullets are perfectly accurate,Las balas tienen precisión perfecta
weaponBuff_increaseAccuracy_info_3,Bullets track their targets,Las balas persiguen a sus objetivos
weaponBuff_reboundBullet_info_1,Melee attacks reflect bullets,Los ataques cuerpo a cuerpo reflejan balas
weaponBuff_reboundBullet_info_2,Melee attacks reflect more bullets,Los ataques cuerpo a cuerpo reflejan más balas
weaponBuff_reboundBullet_info_3,Melee attacks reflect more bullets. Reflected bullets track their targets.,Los ataques cuerpo a cuerpo reflejan más balas. Las balas reflejadas persiguen a sus objetivos.
weaponBuff_slowDown_info,Attacks have a {0}% chance to slow enemies,Los ataques tienen un {0}% de probabilidad de ralentizar a los enemigos
weaponBuff_stunWhenHit_info,Attacks have a {0}% chance to stun enemies,Los ataques tienen un {0}% de probabilidad de aturdir a los enemigos
chat_alpha_0,I wonder what the molecular composition of these plants are...,Me pregunto cuál será la composición molecular de estas plantas...
chat_alpha_1,Perhaps we should analyze their seeds?,¿Quizás deberíamos analizar sus semillas?
chat_altar_active_0,"Ommm... My flames are blazing bright, calling you to new challenges... Begin your trial now!","Ommm... Mis llamas arden con fuerza, llamándote a nuevos desafíos... ¡Comienza tu prueba ahora!"
chat_altar_off_0,Ommm... The power is sealed... Peace has been restored...,Ommm... El poder está sellado... La paz ha sido restaurada...
chat_altar_unactive_0,Ommm... You'll earn my respect if you defeat all these juicy bosses... Harder trials await...,Ommm... Te ganarás mi respeto si derrotas a todos estos jugosos jefes... Pruebas más duras te esperan...
chat_altar_unactive_1,"Ommm... If you finish my challenge, I'll prepare even harder trials for you...","Ommm... Si completas mi desafío, prepararé pruebas aún más duras para ti..."
chat_appleMan_0,I'm going to be a superhero!,¡Voy a ser un superhéroe!
chat_appleMan_1,I'm the savior of all mankind! Ahahah!,¡Soy el salvador de toda la humanidad! ¡Jajaja!
chat_arena_off,This area is too dangerous for you!,¡Esta zona es demasiado peligrosa para ti!
chat_arena_on,You're now strong enough to challenge this lair!,¡Ahora eres lo bastante fuerte para desafiar esta guarida!
chat_biker_0,Be careful!,¡Ten cuidado!
chat_biker_help,"Hey, you! Warrior! Lend me a hand, won't you?","¡Eh, tú! ¡Guerrero! ¿Me echas una mano?"
chat_biker_thank,"Thank you for rescuing me! Please, take these!","¡Gracias por rescatarme! ¡Por favor, toma esto!"
chat_bobo_0,Where should I go...,A dónde debería ir...
chat_bobo_1,Take good care of it!,¡Cuídalo bien!
chat_bobo_help,Isn't there anyone who will save me?,¿No hay nadie que me salve?
chat_bobo_thank,"Heh, I'm saved!","¡Já, estoy a salvo!"
chat_boborot_0,"HELLO, WORLD","HOLA, MUNDO"
chat_boborot_1,IT IS TIME TO ROVE,ES HORA DE VAGAR
chat_bossRushEntrance_unactive0,You're too weak. Come back once you've faced some real challenges!,Eres demasiado débil. ¡Vuelve cuando hayas enfrentado desafíos de verdad!
chat_bossrushman_0,The birthplace of all evil lies ahead. Let's see how long you can survive!,El lugar de nacimiento de todo mal está más adelante. ¡Veamos cuánto puedes sobrevivir!
chat_bossrushman_1,I've prepared a small fortune for you. Spend it wisely!,He preparado una pequeña fortuna para ti. ¡Gástala con sabiduría!
chat_character_coreNotEnough,I need more Seeds!,¡Necesito más Semillas!
chat_eggSister_0,Your special-order weapon will be airdropped at the start of your next adventure!,¡Tu arma de pedido especial será lanzada por aire al comienzo de tu próxima aventura!
chat_eggSister_1,"We'll send a supply chest via airdrop, filled with a random selection of items, each time you finish a fight!","¡Enviaremos un cofre de suministros por aire, lleno de una selección aleatoria de objetos, cada vez que termines un combate!"
chat_eggSister_ad_0,New items for sale! Shipping included!,¡Nuevos artículos a la venta! ¡Envío incluido!
chat_eggSister_ad_1,All new exploding weapons available! Come take a look!,¡Nuevas armas explosivas disponibles! ¡Ven a echar un vistazo!
chat_eggSister_ad_2,Welcome to the Mercenary Corps' Logistics HQ!,¡Bienvenido a la Central Logística del Cuerpo de Mercenarios!
chat_eggSister_ad_3,All a penny gets you is trash. Of course better items are more expensive!,Con un centavo solo consigues basura. ¡Claro que los mejores artículos cuestan más!
chat_eggSister_ad_4,You've got a good eye! This is all the rage right now!,¡Tienes buen ojo! ¡Esto está de moda ahora mismo!
chat_eggSister_ad_5,"Great value for the money, for sure! 100% customer satisfaction guaranteed!","¡Sin duda, una gran relación calidad-precio! ¡Satisfacción del cliente garantizada al 100%!"
chat_eggSister_end_0,"Sorry pal, we are still gathering information on the new weapons. Please be patient.","Lo siento, amigo, todavía estamos recopilando información sobre las nuevas armas. Ten paciencia."
chat_egg_0,"As long as I want it, I'll get it.","Mientras lo desee, lo conseguiré."
chat_egg_1,It took incredible effort to obtain these items.,Costó un esfuerzo increíble conseguir estos artículos.
chat_egg_2,You don't have enough coins? Well we don't accept credit!,¿No tienes suficientes monedas? ¡Pues no aceptamos crédito!
chat_egg_99,Stop pestering me! I still need to go to the next zone to collect trash... erm... go treasure hunting...,¡Deja de molestarme! Todavía tengo que ir a la siguiente zona a recoger basura... eh... a buscar tesoros...
chat_egg_ad_0,I've got things for sale! Come and take a look! You really wanna check this out!,¡Tengo cosas a la venta! ¡Ven a echar un vistazo! ¡De verdad querrás ver esto!
chat_egg_ad_1,"You buy it now, I'll give you a discount next time!","Si lo compras ahora, ¡te daré un descuento la próxima vez!"
chat_egg_ad_2,Buy it early or I'll have to raise the price!,¡Cómpralo pronto o tendré que subir el precio!
chat_egg_ad_3,"You don't need to inspect them! They're all in perfect working condition, I promise.","¡No necesitas revisarlos! Todos están en perfecto estado de funcionamiento, lo prometo."
chat_emy_0,You need my help!,¡Necesitas mi ayuda!
chat_emy_1,I'm a master of firearms!,¡Soy una maestra de las armas de fuego!
chat_fat_0,I wonder if Master survived...,Me pregunto si el Maestro sobrevivió...
chat_fat_1,I'm hungry again...,Tengo hambre otra vez...
chat_fat_help,God... Send me a warrior and restore my freedom!,Dios... ¡Envíame un guerrero y devuélveme mi libertad!
chat_fat_thank,"You've saved me, you've saved me! This is everything I have. Take it, please!!","¡Me has salvado, me has salvado! Esto es todo lo que tengo. ¡Tómalo, por favor!!"
chat_gina_0,Thanks for your help. I'm getting out of here!,Gracias por tu ayuda. ¡Me largo de aquí!
chat_gina_1,Hrmph! I'm not afraid!,¡Hmpf! ¡No tengo miedo!
chat_gina_10,You're on your own from here on out.,De aquí en adelante estás por tu cuenta.
chat_gina_ad_0,These are my handcrafted Emblems.,Estos son mis Emblemas hechos a mano.
chat_gina_ad_1,"My Emblems are beautiful, don't ya think?","Mis Emblemas son hermosos, ¿no crees?"
chat_gina_help,Someone save me! I'm not gonna make it!,¡Que alguien me salve! ¡No lo voy a lograr!
chat_gina_thank,"Thanks for saving me! This is all I have, but it might help.","¡Gracias por salvarme! Esto es todo lo que tengo, pero podría ayudarte."
chat_girl_0,Thank you so much!,¡Muchísimas gracias!
chat_girl_1,I'm gonna hurry on home.,Voy a apurarme para llegar a casa.
chat_girl_help,Save me!!,¡¡Sálvame!!
chat_girl_thank,T-t-t-t-thank you!!!,¡¡¡G-g-g-gracias!!!
chat_hunter_0,"If it runs, I can train it!","¡Si corre, puedo entrenarlo!"
chat_hunter_1,My Hound can smell the enemy's stench from miles away.,Mi Sabueso puede oler el hedor del enemigo desde kilómetros de distancia.
chat_jim_0,You like my stuff? *Grrr*,¿Te gustan mis cosas? *Grrr*
chat_jim_1,These little friends have been with me for a long time! *Grrr*,¡Estos pequeños amigos han estado conmigo durante mucho tiempo! *Grrr*
chat_jim_2,"It can even perform some pretty sweet stunts, thanks to my one-of-a-kind special training!","¡Incluso puede hacer trucos increíbles, gracias a mi entrenamiento especial único en su tipo!"
chat_jim_3,Don't be afraid... I don't bite! *Grrr*,No tengas miedo... ¡No muerdo! *Grrr*
chat_jim_soldout_0,Treat it well! *Grrr*,¡Trátalo bien! *Grrr*
chat_jim_soldout_1,I can't bear it... *Sniffles*,No lo soporto... *Sollozos*
chat_jim_soldout_2,I'm looking forward to seeing you again! *Grrr*,¡Espero volver a verte pronto! *Grrr*
chat_lily_0,Hey... Why don't you have a tail?,Oye... ¿Por qué no tienes cola?
chat_lily_1,Those fruits sure do look tasty!,¡Esas frutas se ven deliciosas!
chat_mirai_0,Mecha 3 reporting in!,¡Mecha 3 reportándose!
chat_mirai_1,All systems nominal!,¡Todos los sistemas nominales!
chat_monk_0,It's time to go...,Es hora de irse...
chat_monk_1,Take care...,Cuídate...
chat_monk_help,..........,...........
chat_monk_thank,"Saving a life means far more than thoughts and prayers! Please, accept these. You deserve them!","¡Salvar una vida significa mucho más que pensamientos y oraciones! Por favor, acepta esto. ¡Te lo mereces!"
chat_pandaa_0,All the bamboo stopped growing after these mutations began...,Todo el bambú dejó de crecer después de que empezaran estas mutaciones...
chat_pandaa_1,I'm so hungry... Where's all the bamboo gone?,Tengo tanta hambre... ¿A dónde se fue todo el bambú?
chat_ponpon_0,Let me fight!,¡Déjame pelear!
chat_ponpon_1,Uppercut! Hook! Jab!,¡Gancho ascendente! ¡Gancho! ¡Jab!
chat_rogue_0,You're a sight for sore eyes. Care to be my sidekick?,Qué alegría verte. ¿Te gustaría ser mi compinche?
chat_rogue_1,You're wasting your talents if you aren't working with me...,Estás desperdiciando tu talento si no trabajas conmigo...
chat_rogue_help,Someone's coming!,¡Alguien viene!
chat_rogue_thank,*Cough* I almost didn't make it...,*Tos* Casi no lo logro...
chat_scboy_0,Where am I?,¿Dónde estoy?
chat_scboy_10,It's dangerous out here. Take care of yourself!,Es peligroso aquí afuera. ¡Cuídate!
chat_scboy_ad_0,Come! Look!,¡Ven! ¡Mira!
chat_scboy_ad_1,Hehe... Mine is the best!,Jeje... ¡El mío es el mejor!
chat_scboy_bossDead,Incredible! Not even a scratch! I think you're going to save the world!,¡Increíble! ¡Ni un rasguño! ¡Creo que vas a salvar el mundo!
chat_scboy_help,Who will save meeee?,¿Quién me salvaráaaa?
chat_scboy_thank,I'm free!! *Sobbing*,¡¡Soy libre!! *Sollozando*
chat_tip_hardMode,Fantastic! You unsealed the Altar!,¡Fantástico! ¡Desellaste el Altar!
chat_tokoroa_0,"I despise fruit, just like all other ninjas.","Detesto la fruta, como todos los demás ninjas."
chat_tokoroa_1,"Come on, let's start slicing some fruit!","Vamos, ¡empecemos a rebanar fruta!"
menu_achievement,Achievements,Logros
menu_basement,Menu,Menu
menu_continue,Continue,Continuar
menu_difficulty_easy,EASY,FÁCIL
menu_difficulty_hard,HARD,DIFÍCIL
menu_difficulty_normal,NORMAL,NORMAL
menu_difficulty_title,Choose difficulty,Elige la dificultad
menu_label_achievementUnlockTip,Achievement unlocked,Logro desbloqueado
menu_label_arenaModeTurnON,Mutant Lair unlocked!,¡Guarida Mutante desbloqueada!
menu_label_assistAim,Auto Aim,Auto Apuntado
menu_label_assistAim_0,OFF,DESACTIVADO
menu_label_assistAim_1,Aim Assist,Asistencia de Apuntado
menu_label_assistAim_2,Auto Aim,Auto Apuntado
menu_label_autoAim,Auto Aim,Auto Apuntado
menu_label_autoAim_warning,"After turning off auto-aim, tapping the right stick will no longer fire the weapons. You'll have to pull the stick to a direction to fire, do you want to turn it off?","Al desactivar el auto apuntado, tocar el stick derecho ya no disparará las armas. Tendrás que mover el stick en una dirección para disparar. ¿Quieres desactivarlo?"
menu_label_award,Coin Drops,Monedas Obtenidas
menu_label_bossRushConfirm,Are you sure you want to play Boss Bash?,¿Seguro que quieres jugar el Desafío de Jefes?
menu_label_bossRushOpen,Boss Bash unlocked!,¡Desafío de Jefes desbloqueado!
menu_label_bossRushUnlockTip,New weapon unlocked! Find it on the battlefield.,¡Nueva arma desbloqueada! Encuéntrala en el campo de batalla.
menu_label_cancel,Cancel,Cancelar
menu_label_cloudSave_checkNetwork,Please check the network connection.,"Por favor, comprueba la conexión de red."
menu_label_cloudSave_confirmDownload,Are sure to download cloud save data and overwrite the local save data?,¿Seguro que quieres descargar los datos guardados en la nube y sobrescribir los datos guardados localmente?
menu_label_cloudSave_confirmUpload,Are sure to upload local save data and overwrite the cloud save data?,¿Seguro que quieres subir los datos guardados localmente y sobrescribir los datos guardados en la nube?
menu_label_cloudSave_download,Download Save Data,Descargar Datos Guardados
menu_label_cloudSave_downloadFailed,Save data download failed!,¡Error al descargar los datos guardados!
menu_label_cloudSave_login,Login,Iniciar sesión
menu_label_cloudSave_logout,Switch account,Cambiar de cuenta
menu_label_cloudSave_password,Password,Contraseña
menu_label_cloudSave_register,Register,Registrarse
menu_label_cloudSave_upload,Upload Save Data,Subir Datos Guardados
menu_label_cloudSave_uploadFailed,Save data upload failed!,¡Error al subir los datos guardados!
menu_label_cloudSave_userName,Account,Cuenta
menu_label_confirmBasement,Return to the main menu?,¿Volver al menú principal?
menu_label_confirmDeleteRound,Current saved game progress will be overwritten. Continue?,El progreso guardado actual será sobrescrito. ¿Continuar?
menu_label_confirmExit,Are you sure you want to exit the game?,¿Seguro que quieres salir del juego?
menu_label_confirmExitSave,(Game progress will be saved),(El progreso del juego se guardará)
menu_label_confirmTranslate,Are you sure you want to teleport?,¿Seguro que quieres teletransportarte?
menu_label_confirmUnlockCharacter,Are you sure you want to unlock this character?,¿Seguro que quieres desbloquear este personaje?
menu_label_creatureUnlockTip,New Compendium entry:,Nueva entrada en el Compendio:
menu_label_credits,Credits,Créditos
menu_label_credits_thank,Special Thanks,Agradecimientos Especiales
menu_label_custom,Custom,Personalizado
menu_label_customSetting_reset,Reset layout,Restablecer diseño
menu_label_customSetting_scale,Layout scale,Escala del diseño
menu_label_customSetting_title,Custom Control,Control Personalizado
menu_label_difficulty,Difficulty,Dificultad
menu_label_fullscreen,Full screen,Pantalla completa
menu_label_grantPermission,Request permission,Solicitar permiso
menu_label_guideAimStyle,Are you sure you want to enable Auto Aim?,¿Seguro que quieres activar el Auto Apuntado?
menu_label_guideAimStyle_tip,Selection may be changed at any time in Settings,Puedes cambiar esta selección en cualquier momento desde Ajustes
menu_label_hardModeOpen,Hard Mode unlocked!,¡Modo Difícil desbloqueado!
menu_label_highFrameRate,High frame rate,Alta tasa de fotogramas
menu_label_highResolution,High resolution,Alta resolución
menu_label_hpMax,Max,Máx
menu_label_info,Info,Info
menu_label_info_emptyInfo,No Emblem effect received,No se recibió ningún efecto de Emblema
menu_label_info_hardmode_empty,Challenge mode not yet unlocked,Modo Desafío aún no desbloqueado
menu_label_info_hardmode_empty_tip,Beat the game 1 time to unlock the Altar,Vence el juego 1 vez para desbloquear el Altar
menu_label_isSetLowQuality,You frame rate is dropping! Would you like to switch to low spec mode?,¡Tu tasa de fotogramas está bajando! ¿Quieres cambiar al modo de baja especificación?
menu_label_joystickHud,Controller UI mode.,Modo de interfaz para mando.
menu_label_joystickHud_warning,"This setting is only for controller players, are you sure to turn this on?",Este ajuste es solo para jugadores con mando. ¿Seguro que quieres activarlo?
menu_label_joystickVibrate,Vibration,Vibración
menu_label_lan,LAN,LAN
menu_label_language,Language,Idioma
menu_label_leftJoystickFix,Virtual Joystick,Joystick Virtual
menu_label_lock,Locked,Bloqueado
menu_label_map,Map,Mapa
menu_label_mapBig_tip,Select teleportation destination,Selecciona el destino de teletransporte
menu_label_moreHardMode,More Hard difficulties unlocked!,¡Más dificultades Difícil desbloqueadas!
menu_label_multiplayMode_lan,LAN Coop,Cooperativo LAN
menu_label_multiplayMode_local,Local Coop,Cooperativo Local
menu_label_musicVolume,Music,Música
menu_label_network_cantConnect,Unable to connect to host,No se puede conectar con el anfitrión
menu_label_network_createRoom,Create Room,Crear Sala
menu_label_network_inputIp,Please enter the IP address of the other player,Introduce la dirección IP del otro jugador
menu_label_network_ipButton,Please enter the other IP,Introduce la otra IP
menu_label_network_ipwrong,Please enter the right IP address,Introduce la dirección IP correcta
menu_label_network_join,Join Game,Unirse a Partida
menu_label_network_joinRoom,Join Room,Unirse a Sala
menu_label_network_onDisconnect,Lost connection to the host,Se perdió la conexión con el anfitrión
menu_label_network_startGame,Start game,Iniciar partida
menu_label_network_versionInconsistency,Does not match the host game version!,¡No coincide con la versión del juego del anfitrión!
menu_label_network_versionTip,Both devices need the latest version to play together. We suggest updating your game to the latest version.,Ambos dispositivos necesitan la última versión para jugar juntos. Te recomendamos actualizar tu juego a la última versión.
menu_label_network_waitStart,Waiting for host to start the game,Esperando a que el anfitrión inicie la partida
menu_label_newRecord,New record!,¡Nuevo récord!
menu_label_no,Cancel,Cancelar
menu_label_off,OFF,DESACTIVADO
menu_label_on,ON,ACTIVADO
menu_label_pack,Bag,Bolsa
menu_label_pack_empty,No weapon attachments,Sin accesorios de arma
menu_label_pack_empty_tip,Note: Identical attachments will combine into a higher quality attachment. Max: 3★,Nota: Los accesorios idénticos se combinan en uno de mayor calidad. Máx: 3★
menu_label_permissionDenyCompletely,Disabling storage access permission might cause the game to not function properly.,Desactivar el permiso de acceso al almacenamiento podría hacer que el juego no funcione correctamente.
menu_label_permissionInfo,"We will only access the relevant game data on the storage, irrelevant data will be untouched.",Solo accederemos a los datos del juego relevantes en el almacenamiento; los datos no relacionados no se tocarán.
menu_label_permissionRequest,"Disabling storage access permission might cause the game to not function properly, please select ""Request permission"" to enable storage access permission.",Desactivar el permiso de acceso al almacenamiento podría hacer que el juego no funcione correctamente. Selecciona Solicitar permiso para habilitar el acceso al almacenamiento.
menu_label_postProcess,Post-processing,Postprocesado
menu_label_postProcess_warning,"Turning on this option will increase the graphic presentation, but will also increase the power consumption and device temperature. Are you sure to turn this on?","Activar esta opción mejorará los gráficos, pero también aumentará el consumo de energía y la temperatura del dispositivo. ¿Seguro que quieres activarla?"
menu_label_press,Press,Presiona
menu_label_quit,Quit,Salir
menu_label_replayOpening,Opening Story,Historia de Apertura
menu_label_resolution,Resolution,Resolución
menu_label_saving,Saving...,Guardando...
menu_label_selectCharacter,Select character,Selecciona personaje
menu_label_sfxVolume,Sound,Sonido
menu_label_shakeVolume,Camera Shake,Vibración de Cámara
menu_label_skip,Skip,Saltar
menu_label_thanksforplaying,Thanks for playing!,¡Gracias por jugar!
menu_label_toBack,Back,Atrás
menu_label_toJoin,Join,Unirse
menu_label_toStart,Start,Iniciar
menu_label_unlockCondition_core,Spend Seeds to unlock,Gasta Semillas para desbloquear
menu_label_unlockCondition_sixStar,Beat the game with 6★ on Hard,Vence el juego con 6★ en Difícil
menu_label_unlockCondition_threeStar,Beat the game with 3★ on Hard,Vence el juego con 3★ en Difícil
menu_label_unlockPlayer,Spend Seeds to unlock,Gasta Semillas para desbloquear
menu_label_unlockTip,You unlocked a new item!,¡Desbloqueaste un nuevo objeto!
menu_label_vSync,Vsync,Vsync
menu_label_weather,Weather,Clima
menu_label_work_betacat,Programming / Game Design,Programación / Diseño de Juego
menu_label_work_bibox,Art / Animation / Music,Arte / Animación / Música
menu_label_work_tyreal,Producer / Lead Programmer,Productor / Programador Principal
menu_label_yes,Confirm,Confirmar
menu_loadgame,Continue,Continuar
menu_manual,Compendium,Compendio
menu_multiplayer,Duo,Dúo
menu_quit,Exit,Salir
menu_resume,Continue,Continuar
menu_retry,Retry,Reintentar
menu_setting,Settings,Ajustes
menu_single,Solo,Solo
menu_tutorial,Tutorial,Tutorial
menu_label_unlockWeaponTip,"<b><size=42> {0}  data acquired!</size></b>
<color=#FFFFFFFF>Now you can find the weapon in combat!</color>","<b><size=42> ¡Datos de {0} adquiridos!</size></b>
<color=#FFFFFFFF>¡Ahora puedes encontrar el arma en combate!</color>"
monster_ahpple,Appleite,Manzanita
monster_ahppleLeader,Captain Apple,Capitán Manzana
monster_ahppleLeader_info,"Captain Apples are most proud of their hairstyle which must be protected at all costs, even if they are cut in half! Wielding advanced weapons, their attacks can be devastating. Captains are also expert grenade tossers. A group of Captain Apples is a terrifying sight to see indeed.","Los Capitanes Manzana están muy orgullosos de su peinado, que debe protegerse a toda costa, ¡incluso si los cortan por la mitad! Empuñando armas avanzadas, sus ataques pueden ser devastadores. Los capitanes también son expertos lanzando granadas. Un grupo de Capitanes Manzana es, sin duda, una visión aterradora."
monster_ahpple_info,"The crispy skin and juicy insides of red apples are rich in minerals and vitamins. They can be quite temperamental however, and will unleash non-stop violent attacks once provoked.","La piel crujiente y el interior jugoso de las manzanas rojas son ricos en minerales y vitaminas. Sin embargo, pueden ser bastante temperamentales y desatarán ataques violentos sin parar una vez provocadas."
monster_angryCactus,Cactusbot 00,Cactusbot 00
monster_angryCactus_info,"Scientists previously believed that cacti were individual plants. We have now discovered that they, in fact, have a symbiotic relationship with the dragonfruits which adorn their stalks. The dragonfruits direct a Cactusbot 00 to attack, almost as if the plant were a primitive form of Mecha.
A Cactusbot 00's body is covered with sharp needles which protect it as it swings its giant, meteor-like fists. Don't expect any mercy.","Los científicos creían antes que los cactus eran plantas individuales. Ahora hemos descubierto que, de hecho, tienen una relación simbiótica con las pitahayas que adornan sus tallos. Las pitahayas dirigen a un Cactusbot 00 para atacar, casi como si la planta fuera una forma primitiva de Mecha.
El cuerpo de un Cactusbot 00 está cubierto de agujas afiladas que lo protegen mientras balancea sus enormes puños, como meteoritos. No esperes piedad."
monster_avocado,Avocagro,Aguacatroz
monster_avocado_info,"After mutating, an Avocagro's pit can be as devastating as an unstable nucleus, likely to explode at any moment. Avocagros have a special attachment to their pits and hold them in their mouths at all times.","Tras mutar, el hueso de un Aguacatroz puede ser tan devastador como un núcleo inestable, listo para explotar en cualquier momento. Los Aguacatroces sienten un apego especial por su hueso y lo llevan en la boca todo el tiempo."
monster_bananaGhost,Nanageist,Nanageist
monster_bananaGhost_info,"Discarded banana skins have found new life after absorbing energy from the netherworld. Without its inner flesh, a Nanageist's skin becomes hardened and highly resistant to attacks.
It's a real mystery how this fruit manages to persist through such hardships.","Las cáscaras de banana desechadas han encontrado nueva vida al absorber energía del inframundo. Sin su pulpa interior, la piel de un Nanageist se endurece y se vuelve muy resistente a los ataques.
Es un verdadero misterio cómo esta fruta logra persistir a través de tantas penurias."
monster_bbSpider,Blueberry Widow,Viuda Arándano
monster_bbSpider_info,"The largest known form of blueberries to date. As a Blueberry Widow absorbs more energy, its body grows larger and its acidic blueberry innards grow stronger.
Like a common spider, it secretes mucus to weave webs. Still evolving, some Blueberry Widows take on more spider-like properties, while others are just a berry with eight legs.","La forma más grande de arándano conocida hasta la fecha. A medida que una Viuda Arándano absorbe más energía, su cuerpo crece y su interior ácido de arándano se vuelve más fuerte.
Como una araña común, secreta mucosidad para tejer telarañas. Aún en evolución, algunas Viudas Arándano adquieren rasgos más parecidos a los de una araña, mientras que otras son solo una baya con ocho patas."
monster_bigSnowman,Yeti Puppet,Yeti Marioneta
monster_bigSnowman_info,"Its shell? Strong. Its pace? Slow. Its heart? Ruthless. What does it know? Destruction!
Controlled with? Branches. Controlled by? Who knows!","¿Su caparazón? Fuerte. ¿Su ritmo? Lento. ¿Su corazón? Despiadado. ¿Qué sabe hacer? ¡Destruir!
¿Controlado con qué? Ramas. ¿Controlado por quién? ¡Quién sabe!"
monster_blackCurrant,Blackcurrant Bandit,Bandido Grosella Negra
monster_blackCurrant_info,"An underrated specimen of the fruit family. Once attacked, Blackcurrant Bandits unleash homing projectiles, making them a surprisingly difficult opponent.","Un espécimen infravalorado de la familia de las frutas. Una vez atacados, los Bandidos Grosella Negra desatan proyectiles teledirigidos, lo que los convierte en un oponente sorprendentemente difícil."
monster_blueberry,Blueberry Slime,Limo de Arándano
monster_blueberry_info,"Petite and terrified of being left alone. Blueberries move in packs and stick to their targets, surrounding them and preventing their escape.","Pequeños y aterrados de quedarse solos. Los arándanos se mueven en manadas y se aferran a sus objetivos, rodeándolos y evitando que escapen."
monster_cakebase,Cake Castle,Castillo de Pastel
monster_cakebase_info,"Few people would believe that you could Frankenstein together a pile of fruits into another living monster. While each slice of fruit contains far less energy than its whole body would, they may still be squished together to force a surprising level of sentience.
It's still a mystery how the Cake Castle moves. What's undeniable is the terrifying fruit fortress' intelligence and strength.","Poca gente creería que se puede unir, a lo Frankenstein, un montón de frutas para crear otro monstruo viviente. Aunque cada trozo de fruta contiene mucha menos energía que su cuerpo entero, aun así pueden aplastarse juntos para forzar un sorprendente nivel de consciencia.
Sigue siendo un misterio cómo se mueve el Castillo de Pastel. Lo innegable es la inteligencia y fuerza de esta aterradora fortaleza frutal."
monster_cantaloupe,Melonspinner,Melón Girador
monster_cantaloupe_info,"Sweet little cantaloupes that spin the vines on their head fast enough to get airborne. While they move slowly once in the air, they unleash projectiles over a large area after acquiring a target.","Pequeños y dulces melones cantalupo que hacen girar las enredaderas de su cabeza lo bastante rápido como para elevarse. Aunque se mueven lento una vez en el aire, lanzan proyectiles sobre una gran área tras fijar un objetivo."
monster_cherry,Cherry,Cereza
monster_cherryTomato,Tomato Digger,Tomate Cavador
monster_cherryTomatoLeader,Captain Tomato,Capitán Tomate
monster_cherryTomatoLeader_info,"Captains are far more tenacious than the average Tomato Digger and are equipped with high-powered, seed-covered drills. Held in high regard by many throughout the fruit family.",Los capitanes son mucho más tenaces que un Tomate Cavador promedio y están equipados con taladros de alta potencia cubiertos de semillas. Muy respetados por gran parte de la familia de las frutas.
monster_cherryTomato_info,"Mutated from a common cherry tomato, these cute fruits prefer to hide underground. Every now and then, Tomato Diggers will resurface to confirm their location, exposing themselves to attacks. Knock out their drill to send them running.","Mutados a partir de un tomate cherry común, estas adorables frutas prefieren esconderse bajo tierra. De vez en cuando, los Tomates Cavadores salen a la superficie para confirmar su ubicación, exponiéndose a los ataques. Derriba su taladro para hacerlos huir."
monster_cherry_info,"Cherries may look weak, but their bodies are fully charged with energy.","Las cerezas pueden parecer débiles, pero sus cuerpos están completamente cargados de energía."
monster_dragonfruit,Draco Dragonfruit,Pitahaya Draco
monster_dragonfruitKid,BB Dragonfruit,Pitahaya Bebé
monster_dragonfruitKid_info,"These dragonfruits' mutation has not yet been fully realized, but their bodies are covered in flames nonetheless. Extremely curious, they will chase after any creature they come in contact with.","La mutación de estas pitahayas aún no se ha completado, pero sus cuerpos ya están cubiertos de llamas. Extremadamente curiosas, perseguirán a cualquier criatura con la que entren en contacto."
monster_dragonfruitLeader,Dazzling Dragonfruit,Pitahaya Deslumbrante
monster_dragonfruitLeader_info,"A Dragonfruit's advanced mutation. Their bodies are filled with flames, and they will often split into a pack of smaller BB Dragonfruits.",Una mutación avanzada de la Pitahaya. Su cuerpo está lleno de llamas y a menudo se dividen en una manada de Pitahayas Bebé más pequeñas.
monster_dragonfruit_info,Dragonfruits really seem to care about their beards. They look like giant fireballs and continuously engulf their enemies in flames. Keep your distance!,Las pitahayas parecen cuidar mucho su barba. Parecen enormes bolas de fuego y envuelven continuamente a sus enemigos en llamas. ¡Mantén la distancia!
monster_durianBeetle,Durian Beetle,Escarabajo Durián
monster_durianBeetle_info,One of a Durian's forms with an extremely hard carapace. Moves slowly and releases a disgusting stench after dying.,"Una de las formas del durián, con un caparazón extremadamente duro. Se mueve lento y libera un hedor asqueroso al morir."
monster_durianBomber,Durian Burster,Durián Reventón
monster_durianBomber_info,"One of a Durian's forms. As their fruits have not yet fully developed, Durian Bursters are lightweight and move quickly. Their shell, whole but brittle, releases spikes upon being heavily damaged.","Una de las formas del durián. Como su fruto aún no se ha desarrollado del todo, los Duriánes Reventón son livianos y se mueven rápido. Su caparazón, entero pero frágil, libera púas al recibir mucho daño."
monster_durianKing,King Durian,Rey Durián
monster_durianKing_info,"Durians can feed quite a few packs of their pups at the same time. The pups huddle close to their parents, hiding under the cover of their spikes and stench. Durians have few natural enemies.
The longer you stare at a Durian King, the more you come to realize their evolution is following a path similar to many animals. Who would have ever thought?","Los duriánes pueden alimentar a varias camadas de crías al mismo tiempo. Las crías se acurrucan cerca de sus padres, escondiéndose bajo la protección de sus púas y su hedor. Los duriánes tienen pocos enemigos naturales.
Mientras más miras al Rey Durián, más te das cuenta de que su evolución sigue un camino similar al de muchos animales. ¿Quién lo hubiera pensado?"
monster_grapeDog,Grape Growler,Uva Gruñona
monster_grapeDogLeader,Grape Gruff,Uva Bravucona
monster_grapeDogLeader_info,"As the leader of the Grape Pack, Grape Gruffs are bigger and have thicker skins than their Growler brothers. They move quickly and leave a pool of acid on the ground after being damaged.","Como líderes de la Manada de Uvas, las Uvas Bravuconas son más grandes y tienen la piel más gruesa que sus hermanas Gruñonas. Se mueven rápido y dejan un charco de ácido en el suelo al recibir daño."
monster_grapeDog_info,"Mutated into a dog-like form, their fangs are enough to scare even the most battle-hardened warriors. Loves to sleep. They will bark to call their friends for reinforcements. Don't let them sound the alarm, otherwise it will be mere moments before you are surrounded!","Mutadas a una forma similar a un perro, sus colmillos bastan para asustar incluso a los guerreros más curtidos en batalla. Les encanta dormir. Ladrarán para llamar a sus amigos como refuerzo. ¡No dejes que den la alarma, o en pocos instantes estarás rodeado!"
monster_grapefruit,Grapefruit Pup,Cachorro de Pomelo
monster_grapefruit_info,"Grapefruit Pups are so adorable! The two leaves on their bodies are actually their tails. While they look quite harmless due to their toothless mouths, they can spit acid on command.","¡Los Cachorros de Pomelo son tan adorables! Las dos hojas de su cuerpo son en realidad sus colas. Aunque parecen inofensivos por sus bocas sin dientes, pueden escupir ácido a voluntad."
monster_hydraViper,Cerbersalak,Cerbersalak
monster_hydraViper_info,"As fruits only recently achieved sentience, they still organize themselves according to a hierarchical system based on strength and skill. As such, the Cerbersalak is regarded as the Leader of the Fruits.
The Cerbersalak is a terrifying serpent-like creature which sprouts new heads after building up enough energy.
Thankfully we stumbled upon the Cerbersalak when it had only three heads. We'd have no chance of defeating it otherwise!","Como las frutas solo alcanzaron la consciencia recientemente, aún se organizan según un sistema jerárquico basado en fuerza y habilidad. Por eso, el Cerbersalak es considerado el Líder de las Frutas.
El Cerbersalak es una aterradora criatura similar a una serpiente que hace brotar nuevas cabezas al acumular suficiente energía.
Por suerte nos topamos con el Cerbersalak cuando solo tenía tres cabezas. ¡De otro modo no tendríamos ninguna posibilidad de derrotarlo!"
monster_lemonBoy,Lemon Lurker,Limón Acechador
monster_lemonBoy_info,Lemon Lurkers have extremely sour insides filled with corrosive liquid. They squeeze their faces together to spray their enemies with acidic lemon juice.,"Los Limones Acechadores tienen un interior extremadamente ácido, lleno de líquido corrosivo. Aprietan su cara para rociar a sus enemigos con jugo de limón ácido."
monster_litchi,Lychee Sheller,Lichi Pelador
monster_litchiLeader,Lychee Legionnaire,Lichi Legionario
monster_litchiLeader_info,"Lychee Legionnaires' shells are even further reinforced, greatly increasing their defense and offense. Watch out!","El caparazón de los Lichis Legionarios está aún más reforzado, lo que aumenta enormemente su defensa y ataque. ¡Cuidado!"
monster_litchi_info,"Lychee Shellers hide their delicious, tender, juicy, and crystal-clear pulp flesh under a coarse exterior. Their tough skin gives them an impressive amount of defense, but they can only attack enemies by rolling towards them. Completely vulnerable once peeled.","Los Lichis Peladores esconden su deliciosa, tierna, jugosa y cristalina pulpa bajo un exterior áspero. Su piel dura les da una defensa impresionante, pero solo pueden atacar a los enemigos rodando hacia ellos. Completamente vulnerables una vez pelados."
monster_littleCactus,Cactus Creeper,Cactus Rastrero
monster_littleCactus_info,"These cacti prefer to hide out in sandy shaded areas, only exposing the fruits at the tops of their heads. Once an enemy approaches, they launch upwards from the ground and unleash a spray of needles in all directions.
After being awakened, its fruits will act independently at its own will. A strange behavior for cacti indeed.","Estos cactus prefieren esconderse en zonas arenosas y sombreadas, exponiendo solo las frutas en la parte superior de su cabeza. Cuando un enemigo se acerca, saltan desde el suelo y lanzan una lluvia de agujas en todas direcciones.
Una vez despiertas, sus frutas actúan de forma independiente y por voluntad propia. Un comportamiento extraño para un cactus, sin duda."
monster_mangoShark,Mangoshark,Mangotiburón
monster_mangoShark_info,Mangosharks bury themselves under the sand and jump unexpectedly from their hiding places to begin gnawing at their targets. These murderous beasts will sometimes rush forward biting anything in their path.,Los Mangotiburones se entierran bajo la arena y saltan de forma inesperada desde sus escondites para empezar a roer a sus objetivos. Estas bestias asesinas a veces embisten mordiendo todo lo que encuentran a su paso.
monster_melonMinion,BB Watermelon,Sandía Bebé
monster_melonMinion_info,"With low defense and attack, they may seem to be a rather pathetic fruit. They won't, however, give up pursuit after locking onto a target.","Con poca defensa y ataque, pueden parecer una fruta bastante patética. Sin embargo, no abandonan la persecución una vez que fijan un objetivo."
monster_melonTowser,Gigamelon,Gigamelón
monster_melonTowser_info,"A massive mutation of a watermelon that still manages to move with incredible speed. While it may look adorable, it has a natural hatred for humans.
The Gigamelon has extremely thick skin capable of withstanding a considerable amount of damage. It is also able to quickly regenerate energy! The Gigamelon must be killed quickly.
It seems that many fruits are mutating with canine-like features. More research is required.","Una mutación masiva de una sandía que aun así logra moverse a una velocidad increíble. Aunque parezca adorable, tiene un odio natural hacia los humanos.
El Gigamelón tiene una piel extremadamente gruesa, capaz de soportar una cantidad considerable de daño. ¡También puede regenerar energía rápidamente! Hay que matar al Gigamelón deprisa.
Parece que muchas frutas están mutando con rasgos caninos. Se necesita más investigación."
monster_mrGrapes,Grapeshifter,Uva Cambiante
monster_mrGrapes_info,"Grapes have evolved into more forms than scientists had originally discovered, and have now been seen as canines, slimes, and serpents.
Once a grape absorbs enough energy, it can shift shapes at will, making it the only fruit without a fixed form.
The Grapeshifter, at the end of the day, is just like all other fruits. Attack its core to deal massive damage!","Las uvas han evolucionado hacia más formas de las que los científicos descubrieron originalmente, y ahora se les ha visto como caninos, limos y serpientes.
Una vez que una uva absorbe suficiente energía, puede cambiar de forma a voluntad, siendo la única fruta sin una forma fija.
La Uva Cambiante, al final del día, es igual que todas las demás frutas. ¡Ataca su núcleo para infligir daño masivo!"
monster_orangeBrother,Kid Orange,Naranjita
monster_orangeBrother_info,"While not yet fully mutated, Kid Oranges love to fight and cannot be stopped once awoken. Will swarm their enemies and beat them to death without hesitation.","Aunque aún no han mutado del todo, a las Naranjitas les encanta pelear y no se les puede detener una vez despiertas. Rodearán a sus enemigos y los golpearán hasta la muerte sin dudarlo."
monster_orangeGanster,Orange Ogre,Ogro Naranja
monster_orangeGanster_info,"Chubby tangerines that want nothing more than to be left alone. If you aren't careful, they'll rush forwards and aim straight for your kneecaps. While they have several attendants inside their bellies, they prefer to fight solo.","Mandarinas rechonchas que solo quieren que las dejen en paz. Si no tienes cuidado, embestirán directo hacia tus rodillas. Aunque tienen varios ayudantes dentro de su barriga, prefieren pelear solas."
monster_papaya,Papaya Peeper,Papaya Fisgona
monster_papaya_info,"Papaya Peepers are some of the most skilled shooters of the fruit family.
It takes them quite a while to spot approaching enemies, but they unleash an unending frantic stream of seeds once they lock on a target.","Las Papayas Fisgonas son algunas de las tiradoras más hábiles de la familia de las frutas.
Tardan bastante en detectar enemigos que se acercan, pero una vez que fijan un objetivo, desatan un torrente interminable y frenético de semillas."
monster_parfait,Parfait Popper,Parfait Explosivo
monster_parfait_info,These masterpieces of fruit technology mutations combine their own sweet flavors with ice cream. Each parfait is effectively a weaponized tower which attacks any and all enemies within range.,"Estas obras maestras de la mutación tecnológica frutal combinan sus propios sabores dulces con helado. Cada parfait es, en la práctica, una torre armada que ataca a todos los enemigos a su alcance."
monster_peachMinister,Peach Pounder,Durazno Machacador
monster_peachMinisterLeader,Apricot Archmage,Archimago Albaricoque
monster_peachMinisterLeader_info,"Filled from core to skin with anger, Apricot Archmages are capable of converting their negative thoughts into pure energy to raise a large army of undead fruit.","Llenos de ira de la semilla a la piel, los Archimagos Albaricoque son capaces de convertir sus pensamientos negativos en energía pura para levantar un gran ejército de frutas no muertas."
monster_peachMinister_info,"Unlucky peaches that feel powerless when faced with the endless possibilities and endings of life. While unable to fight themselves, they perform strange dances to summon Undead Apples and Undead Pears and then teleport to safety.","Duraznos desafortunados que se sienten impotentes ante las infinitas posibilidades y finales de la vida. Aunque no pueden luchar por sí mismos, realizan extrañas danzas para invocar Manzanas No Muertas y Peras No Muertas, y luego se teletransportan a un lugar seguro."
monster_pearGod,Pyrus Pear,Pyrus Pera
monster_pearGod_info,"Pyrus Pear was the first pear to awaken and commands a great deal of respect and reverence among his younger peers. Once it absorbs enough energy, it uses its powerful mind to manipulate supernatural forces to attack its targets.
While it has no wings, it can levitate through telekinesis, making it one of only a few flying fruits.","Pyrus Pera fue la primera pera en despertar y goza de un gran respeto y reverencia entre sus jóvenes semejantes. Una vez que absorbe suficiente energía, usa su poderosa mente para manipular fuerzas sobrenaturales y atacar a sus objetivos.
Aunque no tiene alas, puede levitar mediante telequinesis, lo que la convierte en una de las pocas frutas voladoras."
monster_pearGreen,Raw Pear,Pera Verde
monster_pearGreen_info,Mutated unripe pears with rather thick skin. Nothing more than cushions for your ammunition.,Peras verdes mutadas con una piel bastante gruesa. No son más que amortiguadores para tus municiones.
monster_pearYellow,Dreg Pear,Pera Rancia
monster_pearYellow_info,"Pears, with their thin yellow skin and delicious pulp, are rather weak fruits. They wield pistols but are far from experts in aiming.","Las peras, con su fina piel amarilla y su deliciosa pulpa, son frutas bastante débiles. Empuñan pistolas, pero están lejos de ser expertas apuntando."
monster_pineapple,Pineapple Paladin,Paladín Piña
monster_pineapple_info,Fearless warriors wielding a lightweight but sharp bone blade and sturdy bone shield. These spikey and tricky fruits rush forward with their shields with incredible speed and exert impressive strength to deliver mighty slashes.,Guerreros intrépidos que empuñan una hoja de hueso ligera pero afilada y un resistente escudo de hueso. Estas frutas espinosas y astutas embisten con sus escudos a una velocidad increíble y ejercen una fuerza impresionante para asestar poderosos tajos.
monster_pomegranate,Pomegranner,Granadín
monster_pomegranateLeader,Pomegrummy,Granomomia
monster_pomegranateLeader_info,"After losing all moisture, a Pomegranner becomes mummified and its skin hardens. Pomegrummies release a wave of exploding seeds upon collision. While they are particularly stupid, they'll give you more trouble than you might expect.","Tras perder toda su humedad, un Granadín se momifica y su piel se endurece. Los Granomomias liberan una oleada de semillas explosivas al chocar. Aunque son particularmente tontos, te darán más problemas de los que esperas."
monster_pomegranate_info,"While rather large in stature, their intelligence leaves quite a bit to be desired. When defeated, they burst open, covering the battlefield with exploding pomegranate seeds traveling at high speeds.","Aunque son bastante grandes de estatura, su inteligencia deja mucho que desear. Al ser derrotados, estallan, cubriendo el campo de batalla con semillas de granada explosivas que viajan a gran velocidad."
monster_pomelo,Grapefruit Ogre,Ogro Pomelo
monster_pomelo_info,"Thick pulp and skin help keep these fruits warm in the coldest regions as they stroll through fields of snow. They are heavy, but can jump surprisingly high.
Hilariously enough, they fear heights, and will become dizzy and embarrassed after setting their feet back on the ground.","Su pulpa y piel gruesas ayudan a mantener calientes a estas frutas en las regiones más frías mientras caminan por campos de nieve. Son pesados, pero pueden saltar sorprendentemente alto.
Curiosamente, le tienen miedo a las alturas, y se marean y avergüenzan al volver a poner los pies en el suelo."
monster_raspberry,Raging Raspberry,Frambuesa Furiosa
monster_raspberry_info,"Raspberries gained self-awareness after sprouting limbs and growing a brain. As they barely think for themselves, they cannot resist the urge to flee after encountering danger.
Why do they carry so many Coins with them?","Las frambuesas ganaron consciencia propia tras hacer brotar extremidades y desarrollar un cerebro. Como apenas piensan por sí mismas, no pueden resistir el impulso de huir al encontrarse con el peligro.
¿Por qué llevan tantas Monedas encima?"
monster_seedBat,Seed Bat,Murciélago Semilla
monster_seedBat_info,"No one is quite sure what fruit these seeds come from. They have sprouted wings and dart left and right, to and fro, making them quite a difficult target to hit. They dive suddenly, aiming straight for the eyes of their targets.","Nadie sabe con certeza de qué fruta provienen estas semillas. Les han brotado alas y revolotean de un lado a otro, lo que las convierte en un objetivo bastante difícil de acertar. Se lanzan en picada de repente, apuntando directo a los ojos de sus objetivos."
monster_starfruit,Starpeach,Princesa Estrella
monster_starfruitJunior,Starfruit Burster,Carambola Reventona
monster_starfruitJunior_info,A tiny starfruit with an expressionless face that has not yet fully mutated. What's that suspicious little twinkling lamp on the top of its head? Get too close to it and it will explode. Thank the fruits it can't move much!,Una pequeña carambola de rostro inexpresivo que aún no ha mutado del todo. ¿Qué es esa sospechosa lucecita parpadeante en la punta de su cabeza? Acércate demasiado y explotará. ¡Menos mal que no se puede mover mucho!
monster_starfruitLeader,Steely Starfruit,Carambola de Acero
monster_starfruitLeader_info,Steely Starfruits are the most advanced mutation of the starfruit family. They split into slow moving starfruit bombs at a rapid pace.,Las Carambolas de Acero son la mutación más avanzada de la familia de las carambolas. Se dividen rápidamente en bombas de carambola que se mueven lento.
monster_starfruit_info,"After mutating into a creature similar to a starfish, it becomes unstable upon leaving water and divides into a pack of smaller, individual fruits.","Tras mutar en una criatura similar a una estrella de mar, se vuelve inestable al salir del agua y se divide en un grupo de frutas individuales más pequeñas."
monster_strawberry,Frostberry,Fresa Helada
monster_strawberry_info,"Once one of the more vulnerable berries, these little strawberries mutated into Frostberries after being frozen. Their skin is tougher than it looks! Get ready for a snowball fight.","Antes una de las bayas más vulnerables, estas pequeñas fresas mutaron en Fresas Heladas tras congelarse. ¡Su piel es más resistente de lo que parece! Prepárate para una guerra de bolas de nieve."
monster_sugarapple,Sweetsop Shocker,Chirimoya Electrizante
monster_sugarappleLeader,Sweetsop Supreme,Chirimoya Suprema
monster_sugarappleLeader_info,"When the first Sweetsop Supreme awakened, he was confused for quite some time. He soon began to believe that his faith would bring him redemption, and wore charms around his neck. Firm in his convictions and unable to learn further, the Sweetsop Supreme achieved no more enlightenment.","Cuando la primera Chirimoya Suprema despertó, estuvo confundida durante bastante tiempo. Pronto empezó a creer que su fe le traería la redención, y llevaba amuletos alrededor del cuello. Firme en sus convicciones e incapaz de aprender más, la Chirimoya Suprema no alcanzó más iluminación."
monster_sugarapple_info,"These fruits spend their days pondering the questions of life, like ""Why are we fruits, and not rocks?"" With no answer in sight, they scream, furious with their curse of mortal existence.
Hit them, and they continue with more... ""Who are we? Where are we from? Where are we going?""","Estas frutas pasan sus días reflexionando sobre las preguntas de la vida, como ""¿Por qué somos frutas y no rocas?"" Sin respuesta a la vista, gritan, furiosas por su maldición de existencia mortal.
Golpéalas, y seguirán con más... ""¿Quiénes somos? ¿De dónde venimos? ¿A dónde vamos?"""
monster_tinySnowman,Yetiberry,Yetibaya
monster_tinySnowman_info,"Some say that these yetis are actually raspberries in disguise. Stick a straw in their bodies and enjoy a delicious treat of mango filling.
Upon self destructing, they leave a massive pool of sticky mango syrup across the battlefield.","Algunos dicen que estos yetis son en realidad frambuesas disfrazadas. Clávales una pajita y disfruta de un delicioso relleno de mango.
Al autodestruirse, dejan un enorme charco de jarabe de mango pegajoso por todo el campo de batalla."
monster_tinySpider,Blueberry Bitsy,Arañita Arándano
monster_tinySpider_info,Special spider-blueberry hybrids that scale web with ease. Avoid their webs or you're sure to be eaten for dinner.,Híbridos especiales de araña y arándano que escalan telarañas con facilidad. Evita sus telarañas o seguro que terminarás siendo la cena.
monster_treeMom,Ancestral Tree,Árbol Ancestral
monster_treeMom_info,"By scanning a cross-section of the Ancestral Tree, scientists have proven it to be more than three thousand years old and the origin of countless species! When absorbing energy, its cells become highly volatile and mutate, taking on new properties.
Almost all of the earliest creatures of the Juicy Realm were born from the Ancestral Tree. While it cannot attack, endless waves of fruits will fight to defend it.","Al escanear una sección transversal del Árbol Ancestral, los científicos han demostrado que tiene más de tres mil años y es el origen de incontables especies. Al absorber energía, sus células se vuelven muy volátiles y mutan, adquiriendo nuevas propiedades.
Casi todas las primeras criaturas de Juicy Realm nacieron del Árbol Ancestral. Aunque no puede atacar, interminables oleadas de frutas lucharán para defenderlo."
monster_undeadApple,Undead Apple,Manzana No Muerta
monster_undeadApple_info,"Leftover apple cores from unfinished snacks. Endowed with temporary souls, will-o'-the-wisps capable of passing through barriers hover nearby. As they have been left to rot, their is only one word that passes through the nearly dead brains; ""Hate"".","Restos de corazones de manzana de bocadillos sin terminar. Dotados de almas temporales, fuegos fatuos capaces de atravesar barreras flotan cerca de ellas. Como las han dejado pudrirse, solo una palabra cruza por sus cerebros casi muertos: ""Odio""."
monster_undeadPear,Undead Pear,Pera No Muerta
monster_undeadPear_info,"Leftover pear cores from unfinished snacks. Endowed with temporary souls, will-o'-the-wisps capable of passing through barriers hover nearby. As they have been left to rot, there is only one word that passes through the nearly dead brains; ""Revenge"".","Restos de corazones de pera de bocadillos sin terminar. Dotadas de almas temporales, fuegos fatuos capaces de atravesar barreras flotan cerca de ellas. Como las han dejado pudrirse, solo una palabra cruza por sus cerebros casi muertos: ""Venganza""."
monster_whatmelon,Watermelon Punk,Sandía Punk
monster_whatmelonMelee,Watermelon Warrior,Sandía Guerrera
monster_whatmelonMelee_info,These mutated watermelons use their own natural blades to attack enemies. Their melee attacks deal a particularly high amount of damage but they cannot withstand too much damage.,"Estas sandías mutadas usan sus propias hojas naturales para atacar a los enemigos. Sus ataques cuerpo a cuerpo infligen una cantidad de daño particularmente alta, pero no pueden soportar mucho daño."
monster_whatmelon_info,"Chubby, plump, and thick-skinned, watermelons have a slightly higher defense than most common fruits. Often forgetting that they are in the middle of battle, they will wander around the battlefield before rushing forward. Slightly more ferocious thanks to their weapon of choice, the shotgun.","Rechonchas, rollizas y de piel gruesa, las sandías tienen una defensa ligeramente mayor que la mayoría de las frutas comunes. A menudo olvidando que están en medio de una batalla, vagarán por el campo antes de embestir. Un poco más feroces gracias a su arma preferida: la escopeta."
weapon_UTS86,UTS86,UTS86
weapon_UTS86_comment,Hey! You deserve this!,¡Oye! ¡Te mereces esto!
weapon_UTS86_info,An elite rifle that performs as stunning as its looks.,Un rifle de élite que rinde tan bien como se ve.
weapon_airCannon,Air Cannon,Cañón de Aire
weapon_airCannon_comment,I'll blow you away!,¡Te voy a volar!
weapon_airCannon_info,"Originally used as a fan for a computer. Once it was overclocked, it spun so fast that it blew the computer to the other side of the Earth.
Hold the trigger longer to increase frequency and power.","Originalmente se usaba como ventilador para una computadora. Una vez que lo overclockearon, giró tan rápido que voló la computadora al otro lado de la Tierra.
Mantén presionado el gatillo más tiempo para aumentar la frecuencia y el poder."
weapon_airHammer,Air Hammer,Martillo de Aire
weapon_airHammer_comment,Do not deflate.,No lo desinfles.
weapon_airHammer_info,"It says it weighs 500 tons. That's a lie. Charge attacks are still quite powerful though!
Inflatable toys are not to be underestimated.","Dice que pesa 500 toneladas. Eso es mentira. ¡Aun así, los ataques cargados siguen siendo bastante poderosos!
No hay que subestimar los juguetes inflables."
weapon_akb47,AK847,AK847
weapon_akb47_comment,Hold! Fire! Spent!,¡Sostén! ¡Dispara! ¡Vacío!
weapon_akb47_info,"World famous. Crafted in the pits of Akihabara.
Fierce firepower mixed with erratic ballistics always means a good time.","Mundialmente famosa. Forjada en las profundidades de Akihabara.
Una feroz potencia de fuego mezclada con una balística errática siempre significa buenos momentos."
weapon_angryCatusGun,Cactus Cannon,Cañón de Cactus
weapon_angryCatusGun_comment,Spikey!,¡Espinoso!
weapon_angryCatusGun_info,"A precious weapon pulled from Cactusbot 00. Needles shot from this gun explode upon impact, creating another ring of needles!","Un arma preciada arrancada de Cactusbot 00. Las agujas disparadas por esta arma explotan al impactar, ¡creando otro anillo de agujas!"
weapon_anotherShotgun,Another Shotgun,Otra Escopeta Más
weapon_baguette,Baguette,Baguette
weapon_baguette_comment,Come here. I promise I won't bash your head in.,Ven aquí. Prometo que no te romperé la cabeza.
weapon_baguette_info,As hard as steel. Smells a bit like bread.,Dura como el acero. Huele un poco a pan.
weapon_bambooStaff,Bamboo Staff,Bastón de Bambú
weapon_bambooStaff_comment,Why hasn't anyone eaten this yet?,¿Por qué nadie se lo ha comido todavía?
weapon_bambooStaff_info,"Best used to feed pandas but can be used in a pinch to fend off enemies. It's not that hard however, therefore dealing minimal damage.","Mejor usado para alimentar pandas, pero puede servir en un aprieto para ahuyentar enemigos. Sin embargo, no es muy duro, así que hace un daño mínimo."
weapon_bananaSkin,Banana Robe,Túnica de Banana
weapon_bananaSkin_comment,Freshly peeled and still ripe.,Recién pelada y todavía madura.
weapon_bananaSkin_info,"Banana slices, powered by some unknown force, rotate around your body for additional protection.","Rodajas de banana, impulsadas por una fuerza desconocida, giran alrededor de tu cuerpo brindando protección adicional."
weapon_baseballBat,Baseball Bat,Bate de Béisbol
weapon_baseballBat_comment,Home run!,¡Jonrón!
weapon_baseballBat_info,"A bat made from a mix of compressed polymerized wood. Has good elasticity, making it hard to break. Almost as good as a metal bat.","Un bate hecho de una mezcla de madera polimerizada comprimida. Tiene buena elasticidad, lo que lo hace difícil de romper. Casi tan bueno como uno de metal."
weapon_bazooka,Bazooka,Bazuca
weapon_bazooka_comment,This might be more effective as a melee weapon.,Esto podría ser más efectivo como arma cuerpo a cuerpo.
weapon_bazooka_info,A cost-effective homemade rocket launcher that fires three shoddy projectiles at once.,Un lanzacohetes casero y económico que dispara tres proyectiles de mala calidad a la vez.
weapon_bbgun,BB Gun,Pistola de Balines
weapon_bbgun_comment,Don't expect too much from a toy.,No esperes demasiado de un juguete.
weapon_bbgun_info,A light toy gun with balanced speed and precision. Good for even hitting flowers and blades of grass!,Una pistola de juguete liviana con velocidad y precisión equilibradas. ¡Sirve incluso para darle a flores y briznas de hierba!
weapon_blackhole,Black Hole,Agujero Negro
weapon_blackholeSword,Souleater,Devoralmas
weapon_blackholeSword_comment,"Suck, suck! Chop, chop!","¡Chupa, chupa! ¡Corta, corta!"
weapon_blackholeSword_info,"Charge up to create a small yet stable black hole.
Suck in your enemies and then slice them apart!","Carga para crear un pequeño pero estable agujero negro.
¡Absorbe a tus enemigos y luego córtalos en pedazos!"
weapon_blackhole_comment,"Suck, suck, suck, suck!","¡Chupa, chupa, chupa, chupa!"
weapon_blackhole_info,"Devours enemies' strength. Charge up to throw to a further distance.
Be careful not to drag enemies next to you!","Devora la fuerza de los enemigos. Carga para lanzarlo a mayor distancia.
¡Cuidado con no arrastrar enemigos hasta tu lado!"
weapon_blinkStrike,Blink Strike,Golpe Fugaz
weapon_blinkStrike_comment,Yah!!,¡¡Yah!!
weapon_blinkStrike_info,"The precious blade of a ninja. Lightweight, durable, and trustworthy. Charge up to unleash deadly blades of air.","La preciada hoja de un ninja. Liviana, duradera y confiable. Carga para desatar mortíferas cuchillas de aire."
weapon_blowtorch,Spray Gun,Pistola Rociadora
weapon_blowtorch_comment,Time for a barbecue!,¡Hora de un asado!
weapon_blowtorch_info,Uses small cans of fuel. Unable to maintain strong and continuous output.,Usa pequeñas latas de combustible. No puede mantener una salida fuerte y continua.
weapon_blueberryCrown,Spider Crown,Corona de Araña
weapon_blueberryCrown_comment,Cute and annoying at the same time.,Linda y molesta al mismo tiempo.
weapon_blueberryCrown_info,A symbol of power among the Spider Clan. Allows you to summon Blueberry Bitsies.,Un símbolo de poder entre el Clan Araña. Te permite invocar Arañitas Arándano.
weapon_bomberChick,Chick Bomber,Pollito Bombardero
weapon_bomberChick_comment,Don't mess with the chickens.,No te metas con las gallinas.
weapon_bomberChick_info,"Crisscross back and forth, flying to and fro while laying exploding eggs.","Vuela de un lado a otro en zigzag, poniendo huevos explosivos."
weapon_bomberMan,Bomber Guy,Tipo Bombardero
weapon_bomberMan_comment,Get out of the way! I'm going to explode!,¡Quítate del medio! ¡Voy a explotar!
weapon_bomberMan_info,"The head is a bit heavy, but at least you've got two free hands.
Place a bomb and it will explode in a cross pattern.","La cabeza pesa un poco, pero al menos tienes las dos manos libres.
Coloca una bomba y explotará en forma de cruz."
weapon_bookMagic,Book of Magic,Libro de Magia
weapon_bookMagic_comment,Don't think too long.,No lo pienses demasiado.
weapon_bookMagic_info,Focuses otherworldly energy to unleash magical attacks at each target. The only downside is that you must stand still and meditate while focusing.,Concentra energía de otro mundo para desatar ataques mágicos contra cada objetivo. La única desventaja es que debes quedarte quieto y meditar mientras te concentras.
weapon_bookMath,Book of Math,Libro de Matemáticas
weapon_bookMath_comment,Who knew these formulas would be effective against fruit?,¿Quién iba a decir que estas fórmulas serían efectivas contra la fruta?
weapon_bookMath_info,This thick book is filled cover to cover with complex and headache-inducing formulas...,Este grueso libro está lleno de tapa a tapa de fórmulas complejas que dan dolor de cabeza...
weapon_boomerang,Boomerang,Bumerán
weapon_boomerangBlade,Steel Boomerang,Bumerán de Acero
weapon_boomerangBlade_comment,I'll be back!,¡Volveré!
weapon_boomerangBlade_info,"An exquisite boomerang. Charge up and toss to hit all fruits nearby with a circular attack.
Flies back on its own!","Un exquisito bumerán. Carga y lánzalo para golpear a todas las frutas cercanas con un ataque circular.
¡Vuelve solo!"
weapon_boomerang_comment,You might want to practice with this ahead of time.,Quizás quieras practicar con esto de antemano.
weapon_boomerang_info,"A broken boomerang that has been taped back together.
Charge up to increase throwing distance.","Un bumerán roto que fue pegado de nuevo con cinta.
Carga para aumentar la distancia de lanzamiento."
weapon_bowling,Bowling Ball,Bola de Bolos
weapon_bowling_comment,Strike!,¡Strike!
weapon_bowling_info,A bowling ball can serve as an excellent defensive weapon in the hands of skilled bowlers.,Una bola de bolos puede ser una excelente arma defensiva en manos de un jugador experto.
weapon_bubbleGun,Bubble Blaster,Pistola de Burbujas
weapon_bubbleGun_comment,Harmless to humans. Fire at will!,Inofensiva para los humanos. ¡Dispara a discreción!
weapon_bubbleGun_info,Bubbles fired by this blaster are filled with powerful herbicides which are highly toxic to fruits.,"Las burbujas que dispara esta pistola están llenas de potentes herbicidas, muy tóxicos para las frutas."
weapon_bubbleShield,Bubble Shield,Escudo de Burbuja
weapon_bubbleShield_comment,Please keep away from children.,Manténgase alejado de los niños.
weapon_bubbleShield_info,"This Bubble Shield protects you from taking damage from attacks fired outside its walls. Once the shield breaks, it will release a wave of energy dealing damage to nearby enemies.","Este Escudo de Burbuja te protege de recibir daño de ataques disparados desde fuera de sus paredes. Una vez que el escudo se rompe, libera una onda de energía que daña a los enemigos cercanos."
weapon_candiedHaw,Stick o' Berries,Palito de Bayas
weapon_candiedHaw_comment,"Red, hot, and hard!","¡Roja, caliente y dura!"
weapon_candiedHaw_info,"A stick of hawthorn berries. Tasty and terrifying.
Sour, sweet, and loveable.","Un palito de bayas de espino. Delicioso y aterrador.
Agridulce y adorable."
weapon_candleGun,Flambeau,Antorcha
weapon_candleGun_comment,Hot! Hot! Hot!,¡Caliente! ¡Caliente! ¡Caliente!
weapon_candleGun_info,An old candlestick that burns with an undying flame. Try not to let hot wax drip on your hands.,Un viejo candelabro que arde con una llama eterna. Intenta que la cera caliente no gotee sobre tus manos.
weapon_catStaff,Meow Staff,Bastón Miau
weapon_catStaffBlack,Witch Staff,Bastón de Bruja
weapon_catStaffBlack_comment,*Meow*? *Meow*?,¿*Miau*? ¿*Miau*?
weapon_catStaffBlack_info,The projectiles fired from this staff follow a path as elusive as a black cat.,Los proyectiles disparados por este bastón siguen una trayectoria tan escurridiza como un gato negro.
weapon_catStaffWhite,Princess Staff,Bastón de Princesa
weapon_catStaffWhite_comment,*Meow*! *Meow*!,¡*Miau*! ¡*Miau*!
weapon_catStaffWhite_info,"Projectiles fire in a large arc, distant like most white cats.","Los proyectiles se disparan en un arco amplio, distantes como la mayoría de los gatos blancos."
weapon_catStaff_comment,*Meow*... *Meow*...,*Miau*... *Miau*...
weapon_catStaff_info,Unleashes projectiles in a cross pattern like an owner chasing after their cat.,"Desata proyectiles en patrón de cruz, como un dueño persiguiendo a su gato."
weapon_cleaner,Vacuum V8,Aspiradora V8
weapon_cleaner_comment,Don't suck up anything strange.,No aspires nada raro.
weapon_cleaner_info,"A next-generation product with incredible suction power that can be held in a single hand.
Sucks in enemies' projectiles and then blasts them back out!","Un producto de nueva generación con una potencia de succión increíble que se puede sostener con una sola mano.
¡Absorbe los proyectiles enemigos y luego los dispara de vuelta!"
weapon_creditCard,Credit Card,Tarjeta de Crédito
weapon_creditCardGold,Gold Card,Tarjeta Dorada
weapon_creditCardGold_comment,Swipe your card and show me the money!,¡Desliza tu tarjeta y muéstrame el dinero!
weapon_creditCardGold_info,Fire an endless stream of money in the faces of your enemies to break their spirit and their skin!,¡Dispara un flujo interminable de dinero a la cara de tus enemigos para quebrar su espíritu y su piel!
weapon_creditCard_comment,Don't overdraft your account!,¡No te sobregires la cuenta!
weapon_creditCard_info,There's nothing harder than killing an enemy with cash. Vent your anger!,No hay nada más difícil que matar a un enemigo con efectivo. ¡Desahoga tu ira!
weapon_crossBlue,Cross Gun,Pistola Cruz
weapon_crossBlue_comment,"Up and down, left and right. Not a soul dares move.","Arriba y abajo, izquierda y derecha. Nadie se atreve a moverse."
weapon_crossBlue_info,Fits comfortably in either hand. Its ammo splits into a cross once it collides with its target.,Se ajusta cómodamente en cualquier mano. Su munición se divide en forma de cruz al chocar con su objetivo.
weapon_cuphand,Cuphand,Manotaza
weapon_cuphand_comment,Easier than holding a cup of tea.,Más fácil que sostener una taza de té.
weapon_cuphand_info,"Pew, pew! Unleash pulses of energy from your fingertip. Especially effective in tight corridors.","¡Pum, pum! Desata pulsos de energía desde la punta de tu dedo. Especialmente efectiva en pasillos estrechos."
weapon_cupidCrossbow,Cupid's Crossbow,Ballesta de Cupido
weapon_cupidCrossbow_comment,Do your best to charm your fruity friends!,¡Haz tu mejor esfuerzo para encantar a tus amigos frutales!
weapon_cupidCrossbow_info,"This crossbow's design is inspired by Cupid's personal bow and has the ability to charm enemies. Watch out for poor imitations, otherwise you might find yourself unable to sway enemy fruits to your cause.","El diseño de esta ballesta está inspirado en el arco personal de Cupido y tiene la capacidad de encantar enemigos. Cuidado con las imitaciones baratas, o podrías no lograr convencer a las frutas enemigas de unirse a tu causa."
weapon_darthSaber,Laser Sword,Espada Láser
weapon_darthSaber_comment,I am your father.,Yo soy tu padre.
weapon_darthSaber_info,"An incredible red laser sword.
Charge up to slice through enemy projectiles in mid air.","Una increíble espada láser roja.
Carga para cortar proyectiles enemigos en pleno vuelo."
weapon_deathScythe,Death Scythe,Guadaña de la Muerte
weapon_deathScythe_comment,"Dead, dead, and dead.","Muerto, muerto y muerto."
weapon_deathScythe_info,"Harvests the souls of enemies upon their deaths and summons them to your side.
Souls will automatically attack nearby enemies.","Cosecha las almas de los enemigos al morir y las invoca a tu lado.
Las almas atacarán automáticamente a los enemigos cercanos."
weapon_durianDane,Durian Scepter,Cetro de Durián
weapon_durianDane_comment,The stench can't be avoided.,El hedor es inevitable.
weapon_durianDane_info,Spins rapidly and then emits a swarm of sturdy spikes.,Gira rápidamente y luego emite un enjambre de púas resistentes.
weapon_fastShotGun,Automatic Shotgun,Escopeta Automática
weapon_fastShotGun_comment,What downsides?,¿Qué desventajas?
weapon_fastShotGun_info,The ultra-wide attack range and ultra-fast firing speed of this automatic shotgun are sure to exceed your expectations.,El alcance ultra amplio y la velocidad de disparo ultra rápida de esta escopeta automática seguro que superarán tus expectativas.
weapon_firecrackers,Firecrackers,Petardos
weapon_firecrackers_comment,Go out with a bang!,¡Sal con una explosión!
weapon_firecrackers_info,Firecrackers are excellent at scaring off fruits but barely deal any damage at all.,"Los petardos son excelentes para espantar frutas, pero apenas causan daño."
weapon_firekit,Flamethrower,Lanzallamas
weapon_firekit_comment,Don't catch yourself on fire!,¡No te prendas fuego a ti mismo!
weapon_firekit_info,"With a dual compression system, this flamethrower is unstoppable!","Con un sistema de doble compresión, ¡este lanzallamas es imparable!"
weapon_fireworks,Fireworks Blaster,Lanzafuegos Artificiales
weapon_fireworks_comment,Ah...,Ah...
weapon_fireworks_info,"A cane loaded with fireworks.
Beautiful flowers of fire erupt from the tip. This isn't a weapon. It's your dreams blooming!","Un bastón cargado de fuegos artificiales.
Hermosas flores de fuego brotan de la punta. Esto no es un arma. ¡Son tus sueños floreciendo!"
weapon_flintlockPistol,Flintlock Pistol,Pistola de Chispa
weapon_flintlockPistol_comment,A classic design for those who insist on embracing nostalgia!,¡Un diseño clásico para quienes insisten en abrazar la nostalgia!
weapon_flintlockPistol_info,"Crafted using classical techniques, this pistol's body is perfectly balanced and fits well in the hand. It fires slowly due to its reliance on gunpowder to launch projectiles.","Fabricada con técnicas clásicas, el cuerpo de esta pistola está perfectamente equilibrado y se ajusta bien a la mano. Dispara lento porque depende de pólvora para lanzar sus proyectiles."
weapon_frostbolt,Frostbolt,Rayo de Escarcha
weapon_frostbolt_comment,Ah... choo!,¡Ah... achís!
weapon_frostbolt_info,"This would almost give you frostbite if you held it for too long. Wield this to feel like a ruthless killer and enjoy an unstoppable runny nose.
Slows enemies hit by its attacks.","Casi te daría congelación si la sostienes demasiado tiempo. Empúñala para sentirte como un asesino despiadado y disfrutar de una nariz que moquea sin parar.
Ralentiza a los enemigos golpeados por sus ataques."
weapon_gatlin,Gatlin,Gatlin
weapon_gatlin_comment,Impeccable and unbreakable speed.,Velocidad impecable e inquebrantable.
weapon_gatlin_info,Press and hold the trigger until nothing stands in your way.,Mantén presionado el gatillo hasta que nada se interponga en tu camino.
weapon_gg,GG,GG
weapon_gg_comment,Speedy typer!,¡Escritor veloz!
weapon_gg_info,26 mechanical keys with Bluetooth 5.0. Suitable for quick typing and smacking monsters on the head.,26 teclas mecánicas con Bluetooth 5.0. Ideal para escribir rápido y golpear monstruos en la cabeza.
weapon_glueGun,Sticky Shooter,Pistola de Pegamento
weapon_grapeRobe,Grapeheart,Corazón de Uva
weapon_grapeRobe_comment,*Bum bum*... *Bum bum*... *Bum bum*,*Bum bum*... *Bum bum*... *Bum bum*
weapon_grapeRobe_info,Each pulsating grape contains an incredible amount of stored energy.,Cada uva pulsante contiene una cantidad increíble de energía almacenada.
weapon_grenadeDice,Dice,Dados
weapon_grenadeDice_comment,Six! Six! I want a six!,¡Seis! ¡Seis! ¡Quiero un seis!
weapon_grenadeDice_info,Get a random attack with each roll. Its effectiveness rests entirely on your luck!,Obtén un ataque aleatorio con cada tirada. ¡Su efectividad depende por completo de tu suerte!
weapon_grenadeLaser,Laser Grenade,Granada Láser
weapon_grenadeLaser_comment,Don't forget to practice your aim!,¡No olvides practicar tu puntería!
weapon_grenadeLaser_info,Highly volatile energy focused within this grenade will refract in multiple directions. It will take time to learn how to use this deadly weapon!,La energía altamente volátil concentrada en esta granada se refractará en múltiples direcciones. ¡Llevará tiempo aprender a usar esta arma mortal!
weapon_grenadeLauncher,Grenade Launcher,Lanzagranadas
weapon_grenadeLauncher_comment,Forget about useless grenades.,Olvídate de las granadas inútiles.
weapon_grenadeLauncher_info,This gun's barrel is covered in slime. Projectiles stick to targets with ease.,El cañón de esta arma está cubierto de baba. Los proyectiles se pegan a los objetivos con facilidad.
weapon_grenadeTelecontrol,Remote Bomb,Bomba a Control Remoto
weapon_grenadeTelecontrol_comment,One and done.,Una y listo.
weapon_grenadeTelecontrol_info,"To avoid the unnecessary risks of proximity mines, we added a remote detonator to ensure users would be at a safe distance before triggering a deadly explosion.","Para evitar los riesgos innecesarios de las minas de proximidad, le agregamos un detonador remoto para asegurar que el usuario esté a una distancia segura antes de activar una explosión mortal."
weapon_guagua,Ribbitter,Croador
weapon_guagua_comment,*Ribbit*?,¿*Croac*?
weapon_guagua_info,"A cute little frog with a beautiful and magical call that shrinks enemies.
Fruits that can't bear its call will simply die.","Una linda ranita con un canto hermoso y mágico que encoge a los enemigos.
Las frutas que no puedan soportar su canto simplemente morirán."
weapon_hairdryer,Hairdryer,Secador de Pelo
weapon_hairdryer_comment,Definitely not product placement.,Definitivamente no es publicidad encubierta.
weapon_hairdryer_info,Hot bursts of air blow back enemies while burning targets at close range.,Ráfagas de aire caliente empujan a los enemigos hacia atrás mientras quema objetivos a corta distancia.
weapon_handGrenade,Hand Grenade,Granada de Mano
weapon_handGrenade_comment,Throw it before it explodes in your hands!,¡Lánzala antes de que explote en tus manos!
weapon_handGrenade_info,A powerful grenade that can be tossed a great distance.,Una granada poderosa que se puede lanzar a gran distancia.
weapon_jellyfish,Shock Jellyfish,Medusa Eléctrica
weapon_jellyfish_comment,"Need a recharge, friends?","¿Necesitan recargarse, amigos?"
weapon_jellyfish_info,"Has a smooth, ice cold exterior.
Releases mini lightning bolts which emit electric fields that paralyze and slow enemies.","Tiene un exterior suave y helado.
Libera mini rayos que emiten campos eléctricos que paralizan y ralentizan a los enemigos."
weapon_kanata,Katana,Katana
weapon_kanata_comment,Blink and you'll miss it!,¡Parpadea y te lo perderás!
weapon_kanata_info,"Glimmers with a cold light. Extremely sharp.
Charge up to unleash an incredibly fierce piercing attack.","Brilla con una luz fría. Extremadamente afilada.
Carga para desatar un ataque perforante increíblemente feroz."
weapon_laserCannon,Laser Cannon,Cañón Láser
weapon_laserCannon_comment,Attention! Huge energy imminent!,¡Atención! ¡Energía masiva inminente!
weapon_laserCannon_info,"A large energy weapon with incredible power.
Heats up quickly in your hands.","Un arma de energía enorme con un poder increíble.
Se calienta rápido en tus manos."
weapon_laserGun,Laser Gun,Pistola Láser
weapon_laserGun_comment,This is a high-powered weapon that can overheat quickly!,¡Esta es un arma de alta potencia que puede sobrecalentarse rápido!
weapon_laserGun_info,"An energy weapon based on fantastic alien technology.
Unleashes a linear beam with unlimited range. Bursts through all enemies.","Un arma de energía basada en fantástica tecnología alienígena.
Desata un rayo lineal de alcance ilimitado. Atraviesa a todos los enemigos."
weapon_laserReflection,Laser Refractor,Refractor Láser
weapon_laserReflection_comment,Start your show!,¡Comienza tu espectáculo!
weapon_laserReflection_info,"One of the most marvelous pieces of alien technology.
Fires multi-refracting light rays with no blind-spots.","Una de las piezas más maravillosas de tecnología alienígena.
Dispara rayos de luz multirrefractantes sin puntos ciegos."
weapon_laserSidearm,Laser Pistol,Pistola Láser Compacta
weapon_laserSidearm_comment,"Save energy, fry fruits.","Ahorra energía, fríe frutas."
weapon_laserSidearm_info,A portable laser gun that has all the advantages of other laser weapons - except firepower...,Una pistola láser portátil que tiene todas las ventajas de las demás armas láser... excepto la potencia de fuego...
weapon_lightningChainGun,Lightning Chainer,Encadenador de Rayos
weapon_lightningChainGun_comment,"Shake and shiver, fruits!","¡Tiemblen y estremézcanse, frutas!"
weapon_lightningChainGun_info,Emits a powerful chaining electrical current. Fruits serve as perfect conductors for electricity. Most effective when used on a pack of enemies.,Emite una poderosa corriente eléctrica en cadena. Las frutas son conductores perfectos de electricidad. Más efectiva contra un grupo de enemigos.
weapon_lightningGun,Stun Gun,Pistola Aturdidora
weapon_lightningGun_comment,*Zap*! Let me see you wiggle!,¡*Zap*! ¡A ver cómo te retuerces!
weapon_lightningGun_info,A small but ferocious electrical beast of a weapon. Shocks and short circuits fruits and their innards.,Una pequeña pero feroz bestia eléctrica de arma. Electrocuta y cortocircuita a las frutas y sus entrañas.
weapon_lightningMan,Electrio,Electrio
weapon_lightningMan_comment,Get out of the way! Electric shock incoming!,¡Quítate del medio! ¡Descarga eléctrica en camino!
weapon_lightningMan_info,"The lighting rods on this helmet chain together to produce terrifying electric shocks.
Be careful not to electrocute your allies.","Los pararrayos de este casco se conectan entre sí para producir aterradoras descargas eléctricas.
Ten cuidado de no electrocutar a tus aliados."
weapon_littleLantern,Little Lantern,Farolito
weapon_littleLantern_comment,Highly flammable and highly explosive.,Altamente inflamable y altamente explosivo.
weapon_littleLantern_info,This little lantern is filled with highly volatile dragon's breath. Fires a slow moving mini lantern which drifts towards an enemy and then detonates to cause a massive explosion.,Este farolito está lleno de aliento de dragón altamente volátil. Dispara una mini linterna lenta que flota hacia un enemigo y luego detona causando una explosión masiva.
weapon_lovePiece,Dubious Blaster,Pistola Dudosa
weapon_lovePiece_comment,Who knew fruits were capable of such love?,¿Quién iba a decir que las frutas eran capaces de tanto amor?
weapon_lovePiece_info,"Contains a heart full of love. Projectiles may charm enemy fruits, temporarily turning them into your allies.","Contiene un corazón lleno de amor. Los proyectiles pueden encantar a las frutas enemigas, convirtiéndolas temporalmente en tus aliadas."
weapon_magnetGun,Magnetizer,Magnetizador
weapon_magnetGun_comment,Hold on... Fruits are magnetic?,Un momento... ¿las frutas son magnéticas?
weapon_magnetGun_info,Produces a magnetic field that pulls nearby enemies together while keeping a perfect distance between you and your targets.,"Produce un campo magnético que atrae a los enemigos cercanos entre sí, mientras mantiene una distancia perfecta entre tú y tus objetivos."
weapon_masterSword,Prophet's Sword,Espada del Profeta
weapon_masterSword_comment,*Haiya*! I'm a little dizzy...,¡*Haiya*! Estoy un poco mareado...
weapon_masterSword_info,"A legendary sword for masters and cosplayers alike. Charge up to deliver a devastating spin attack.
The sword of every demon hunter's dreams.","Una espada legendaria tanto para maestros como para cosplayers. Carga para asestar un devastador ataque giratorio.
La espada de los sueños de todo cazador de demonios."
weapon_megaman,Rock Buster,Rock Buster
weapon_megaman_comment,Everything can be solved with a simple punch.,Todo se puede resolver con un simple puñetazo.
weapon_megaman_info,A strangely familiar blue blaster that can unleash a powerful attack after a sufficient charge.,Un extrañamente familiar cañón azul que puede desatar un ataque poderoso tras cargarse lo suficiente.
weapon_megatron,Giga Revolver,Gigarrevólver
weapon_megatron_comment,Bigger. Faster. Stronger.,Más grande. Más rápido. Más fuerte.
weapon_megatron_info,Crafted from pure thorium. A single shot is all you need.,Forjado con torio puro. Un solo disparo es todo lo que necesitas.
weapon_melonKiller,Melon Killer,Asesino de Melones
weapon_melonKiller_comment,You ruthless killer. Can't you just let the melons go?,Asesino despiadado. ¿No puedes simplemente dejar en paz a los melones?
weapon_melonKiller_info,"The tail of a giant melon dog. Looks domineering.
Charge up to unleash a line of melon seeds.","La cola de un perro melón gigante. Se ve imponente.
Carga para desatar una línea de semillas de melón."
weapon_mp3,MP3,MP3
weapon_mp3_comment,What? You want an MP100?!,¿Qué? ¡¿Quieres un MP100?!
weapon_mp3_info,A reliable automatic rifle that fires bursts of 3 bullets.,Un confiable rifle automático que dispara ráfagas de 3 balas.
weapon_newbie,Rubber Chicken,Pollo de Goma
weapon_newbie_comment,*Squuuuaawk*!!!,¡¡¡*Cloooc*!!!
weapon_newbie_info,Squeeze with high pressure to cause surprisingly violent attacks.,Apriétalo con fuerza para causar ataques sorprendentemente violentos.
weapon_nsDogHead,Pup'troller,Perrimando
weapon_nsDogHead_comment,"*Woof*, *woof*!","¡*Guau*, *guau*!"
weapon_nsDogHead_info,A dog head with a good grip. Easily switch between ice and fire attacks.,Una cabeza de perro con buen agarre. Cambia fácilmente entre ataques de hielo y fuego.
weapon_oneShotBee,Honeycomb,Panal
weapon_oneShotBee_comment,Be patient while your bees hatch after activation.,Ten paciencia mientras tus abejas eclosionan tras la activación.
weapon_oneShotBee_info,A swarm of bees will fly out from the honeycomb each time its opened.,Un enjambre de abejas saldrá volando del panal cada vez que se abra.
weapon_oneShotGun,Charged Shotgun,Escopeta Cargada
weapon_oneShotGun_comment,Please be patient while your gun charges.,Ten paciencia mientras tu arma se carga.
weapon_oneShotGun_info,Unleash all charged energy in one shot for devastating results.,Desata toda la energía cargada en un solo disparo para resultados devastadores.
weapon_oscars,Goldie,Doradito
weapon_oscars_comment,VIP15 only!,¡Solo VIP15!
weapon_oscars_info,Try to keep your speech short. Smack enemies for a chance to earn loads of coins. A good tool to get rich.,Intenta que tu discurso sea breve. Golpea a los enemigos para tener la oportunidad de ganar un montón de monedas. Una buena herramienta para hacerte rico.
weapon_peargodHeadline,Laser Vine,Enredadera Láser
weapon_peargodHeadline_comment,Also makes a good hat.,También sirve de buen sombrero.
weapon_peargodHeadline_info,Its vine contains a surprising amount of energy which can be focused into a powerful laser beam.,Su enredadera contiene una sorprendente cantidad de energía que se puede enfocar en un poderoso rayo láser.
weapon_pineappleGrenade,Pineapple Grenade,Granada de Piña
weapon_pineappleGrenade_comment,You got something to say to me?,¿Tienes algo que decirme?
weapon_pineappleGrenade_info,A special modification of a standard hand grenade which includes additional shrapnel. Awaiting verified combat results for more data.,Una modificación especial de una granada de mano estándar que incluye metralla adicional. Se esperan resultados de combate verificados para más datos.
weapon_plateCake,Cake Carbine,Carabina de Pastel
weapon_plateCake_comment,Ain't nothin' sweeter.,No hay nada más dulce.
weapon_plateCake_info,"Crafted from the core of the Cake Castle, it has the power to draw enemies towards its deadly blades.","Forjada a partir del núcleo del Castillo de Pastel, tiene el poder de atraer a los enemigos hacia sus mortíferas hojas."
weapon_playerUnknowsPan,Frying Pan,Sartén
weapon_playerUnknowsPan_comment,The ultimate weapon in the kitchen and on the battlefield.,"El arma definitiva, tanto en la cocina como en el campo de batalla."
weapon_playerUnknowsPan_info,"An ordinary non-stick pan.
Can reflect enemy projectiles after charging up.","Una sartén antiadherente común.
Puede reflejar proyectiles enemigos tras cargarse."
weapon_portableDrill,Power Drill,Taladro Eléctrico
weapon_portableDrill_comment,I'm here! And I'm gone! Just try to hit me!,¡Aquí estoy! ¡Y ya me fui! ¡Intenta darme!
weapon_portableDrill_info,This drill bit rotates at unfathomable speeds strong enough to pull your body forward.,"Esta broca gira a velocidades insondables, lo bastante fuertes como para arrastrar tu cuerpo hacia adelante."
weapon_positronGun,Positron Blaster,Cañón de Positrones
weapon_positronGun_comment,Don't forget to bring an extra battery pack.,No olvides traer una batería de repuesto.
weapon_positronGun_info,"A high tech, fully automatic rifle with incredible firing speed and power. Its power supply is limited however, and must be recharged after each round of attacks.","Un rifle totalmente automático de alta tecnología con una velocidad de disparo y potencia increíbles. Sin embargo, su suministro de energía es limitado y debe recargarse tras cada ronda de ataques."
weapon_powerChicken,Power Poultry,Ave de Poder
weapon_powerChicken_comment,Turning into a swole rooster is every chick's dream.,Convertirse en un gallo musculoso es el sueño de todo pollito.
weapon_powerChicken_info,Each chick will mature rapidly after hatching into an extremely reliable and strong Power Poultry.,Cada pollito madurará rápidamente tras eclosionar en un Ave de Poder extremadamente confiable y fuerte.
weapon_ppBat,Ping Pong Paddle,Paleta de Ping Pong
weapon_ppBat_comment,Ace!,¡Ace!
weapon_ppBat_info,A classic wooden racket with rubber on both sides. A projectile ping pong ball blasts out with each swing.,Una raqueta de madera clásica con caucho en ambos lados. Una pelota de ping pong sale disparada con cada golpe.
weapon_pyroblast,Pyroblast,Piroexplosión
weapon_pyroblast_comment,"Explosions are art, too.",Las explosiones también son arte.
weapon_pyroblast_info,"Using pressurized fuel cans, this gun ignites the ground and the bodies of your targets.","Usando latas de combustible presurizado, esta arma incendia el suelo y los cuerpos de tus objetivos."
weapon_redSpear,Sakura Spear,Lanza Sakura
weapon_redSpear_comment,Stick 'em with the pointy end.,Clávasela con la punta.
weapon_redSpear_info,"This spear's impressive range makes it far more powerful than most other melee weapons, but it takes a great deal of skill to wield.","El impresionante alcance de esta lanza la hace mucho más poderosa que la mayoría de las otras armas cuerpo a cuerpo, pero requiere mucha habilidad para manejarla."
weapon_revolver,Revolver,Revólver
weapon_revolver_comment,It's actually not that bad!,¡En realidad no está tan mal!
weapon_revolver_info,"A fragile pistol that weighs nearly nothing at all.
You can pretend it's useful when nothing else is available.","Una pistola frágil que casi no pesa nada.
Puedes fingir que es útil cuando no tienes nada más disponible."
weapon_rockstar,Rocket Launcher,Lanzacohetes
weapon_rockstar_comment,It's fruit slashin' time!,¡Es hora de rebanar frutas!
weapon_rockstar_info,A heavy weapon that causes massive destruction. Think about your next shot while reloading.,Un arma pesada que causa una destrucción masiva. Piensa en tu próximo disparo mientras recargas.
weapon_rotateEmitGun,Plasma Rotator,Rotador de Plasma
weapon_rotateEmitGun_comment,Rotate! Fire! I won't stop!,¡Gira! ¡Dispara! ¡No pararé!
weapon_rotateEmitGun_info,Shot by a violent cat burglar. Don't provoke it!,Disparada por un violento ladrón felino. ¡No la provoques!
weapon_sawGun,Sawblade Shooter,Lanzasierras
weapon_sawGun_comment,Highly rated by all previous owners.,Muy bien valorada por todos sus dueños anteriores.
weapon_sawGun_info,Fires sawblades which return upon hitting an enemy. Dominates in narrow passageways.,Dispara hojas de sierra que regresan al golpear a un enemigo. Domina en pasillos estrechos.
weapon_shotgun,Shotgun,Escopeta
weapon_shotgun_comment,That's one big mouth.,Vaya bocota.
weapon_shotgun_info,This gun's giant muzzle fires several bullets at once which pack a punch at close range and allow for a large spread of damage at range.,"El gigantesco cañón de esta arma dispara varias balas a la vez, que golpean fuerte de cerca y permiten una gran dispersión de daño a distancia."
weapon_shuttle,Clipper,Clíper
weapon_sig229,SIG229,SIG229
weapon_sig229_comment,Any weapon can kill in the hands of a master.,Cualquier arma puede matar en manos de un maestro.
weapon_sig229_info,"Based on German designs, this high-quality gun is reliable, stable, and sleek.
It's really just a tiny gun.","Basada en diseños alemanes, esta arma de alta calidad es confiable, estable y elegante.
En realidad es solo una pistola pequeña."
weapon_snipeGun,Sniper Rifle,Rifle de Francotirador
weapon_snipeGun_comment,Say your prayers before aiming.,Reza tus oraciones antes de apuntar.
weapon_snipeGun_info,Packs a punch. Charge shots to increase accuracy.,Golpea fuerte. Carga los disparos para aumentar la precisión.
weapon_snowman,Snowman,Muñeco de Nieve
weapon_snowman_comment,This is pretty cool!,¡Esto está bastante genial!
weapon_snowman_info,Launches snowballs that slow and then freeze enemies.,Lanza bolas de nieve que ralentizan y luego congelan a los enemigos.
weapon_steam,Stean,Vapor
weapon_steam_comment,Shut up and take my money!,¡Cállate y toma mi dinero!
weapon_steam_info,"Keep hitting your enemies with incredible discounts.
Earn extra Coins when defeating enemies.","Sigue golpeando a tus enemigos con descuentos increíbles.
Gana Monedas extra al derrotar enemigos."
weapon_stopSign,Stop Sign,Señal de Alto
weapon_stopSign_comment,Stop! No one moves!,¡Alto! ¡Nadie se mueve!
weapon_stopSign_info,Which intersection was this taken from? Hits enemies so hard that they won't be able to move.,¿De qué cruce sacaron esto? Golpea a los enemigos tan fuerte que no podrán moverse.
weapon_tartoo,Tartoo,Tartoo
weapon_tartoo_comment,Who would be willing to throw this out?,¿Quién estaría dispuesto a tirar esto?
weapon_tartoo_info,Rapid firing with impressive power. Is this perfection? Take a good look at it.,Disparo rápido con un poder impresionante. ¿Será esto la perfección? Mírala bien.
weapon_throwHammer,War Hammer,Martillo de Guerra
weapon_throwHammer_comment,Please provide your own anti-nausea pills.,Trae tus propias pastillas contra el mareo.
weapon_throwHammer_info,A War Hammer's heavy weight makes it hard to lift but easy to keep spinning due to centripetal force.,"El gran peso de un Martillo de Guerra dificulta levantarlo, pero facilita mantenerlo girando gracias a la fuerza centrípeta."
weapon_throwingAxe,Throwing Axe,Hacha Arrojadiza
weapon_throwingAxe_comment,"When facing a giant axe, it's best to run.","Ante un hacha gigante, lo mejor es correr."
weapon_throwingAxe_info,"Charge up to toss with terrifying strength.
Just remember that you'll need to pick it up yourself!","Carga para lanzarla con una fuerza aterradora.
¡Solo recuerda que tendrás que recogerla tú mismo!"
weapon_toxinKit,Bio Blaster,Biocañón
weapon_toxinKit_comment,Poison isn't pleasant.,El veneno no es agradable.
weapon_toxinKit_info,Projectiles create a pool of toxins after hitting a target. Both firing damage and toxin damage are quite impressive!,Los proyectiles crean un charco de toxinas al golpear un objetivo. ¡Tanto el daño de disparo como el de veneno son bastante impresionantes!
weapon_trRPG,Guided Missile Launcher,Lanzamisiles Guiados
weapon_trRPG_comment,No fruit will escape.,Ninguna fruta escapará.
weapon_trRPG_info,Launches multiple homing missiles at the same time. Who has time to bother aiming?,Lanza varios misiles teledirigidos al mismo tiempo. ¿Quién tiene tiempo para molestarse en apuntar?
weapon_treemomEye,Eye of the Fruit,Ojo de la Fruta
weapon_treemomEye_comment,It's the circle of life.,Es el círculo de la vida.
weapon_treemomEye_info,Contains naturalistic powers which cause spikey vines to grow nearby.,Contiene poderes naturales que hacen crecer enredaderas espinosas cerca.
weapon_tutuPro,SMG,Subfusil
weapon_tutuPro_comment,Only a true master can wield this gun.,Solo un verdadero maestro puede empuñar esta arma.
weapon_tutuPro_info,An advanced cross gun. Its ammo splits multiple times to deal devastating damage. A bit hard to hit targets in the middle.,Una pistola cruz avanzada. Su munición se divide varias veces para infligir un daño devastador. Un poco difícil de acertar en el centro.
weapon_twinGun,Dual Brass Blaster,Doble Cañón de Bronce
weapon_twinGun_comment,A classical instrument retrofitted as a weapon.,Un instrumento clásico reconvertido en arma.
weapon_twinGun_info,One horn shoots lasers while the other drops bombs. Switch modes on this versatile weapon whenever you want!,Una trompa dispara láseres mientras la otra suelta bombas. ¡Cambia de modo en esta versátil arma cuando quieras!
weapon_uzi,Uzi,Uzi
weapon_uzi_comment,Could a pistol be even faster?,¿Podría una pistola ser aún más rápida?
weapon_uzi_info,"It's not very powerful but it shoots with incredible speed.
Its rapid firing speed makes up for its lackluster power.","No es muy poderosa, pero dispara a una velocidad increíble.
Su rápida cadencia de disparo compensa su falta de potencia."
weapon_wallet,Wallet,Billetera
weapon_wallet_comment,Remember to collect your cash!,¡Recuerda recoger tu efectivo!
weapon_wallet_info,"Although you can't overdraft your account, only your existing balance will be available. Control your spending!","Aunque no puedes sobregirar tu cuenta, solo tendrás disponible tu saldo actual. ¡Controla tus gastos!"
weapon_wrench,Wrench,Llave Inglesa
weapon_wrench_comment,That hurts!,¡Eso duele!
weapon_wrench_info,"A crude wrench made from sturdy materials.
Smacking an enemy with this may stun them.","Una llave inglesa tosca hecha de materiales resistentes.
Golpear a un enemigo con esto puede aturdirlo."
weapon_yellowSubmarine,Yellow Submarine,Submarino Amarillo
weapon_yellowSubmarine_comment,Ready... Aim... Fire!,Listos... Apunten... ¡Fuego!
weapon_yellowSubmarine_info,"A rare, high quality weapon from the mercenary corps. Attacks are rapid with quite acceptable power.",Un arma rara y de alta calidad del cuerpo de mercenarios. Sus ataques son rápidos con una potencia bastante aceptable.
weapon_yogoda,Yogoda,Yogoda
weapon_yogoda_comment,Charging...,Cargando...
weapon_yogoda_info,"A fast shooting automatic energy rifle.
Each beam is a wonder of technology.","Un rifle de energía automático de disparo rápido.
Cada rayo es una maravilla de la tecnología."
weapon_zergFang,Zerg Stinger,Aguijón Zerg
weapon_zergFang_comment,Don't poke yourself.,No te pinches a ti mismo.
weapon_zergFang_info,"Completely covered in sharp stingers.
Every projectile from this alien weapon is coated in toxins.","Completamente cubierta de aguijones afilados.
Cada proyectil de esta arma alienígena está recubierto de toxinas."