Term,English,Spanish (es-ES)
line:04e6928,"<br><align=""center"">You Obtained {0} <sprite name=""{1}""> <style=Item>{2}</style>!","<br><align=""center"">¡Has obtenido {0} <sprite name=""{1}""> <style=Item>{2}</style>!"
line:0e79299,"You rolled [plural value={0} 8 = ""an"" 11 = ""an"" 18 = ""a natural"" other= ""a""/] {1} <sprite name=""dice""> + {2} {3} <sprite name=""{4}"">","Tiraste [plural value={0} 8 = ""un"" 11 = ""un"" 18 = ""un resultado natural de"" other= ""un""/] {1} <sprite name=""dice""> + {2} {3} <sprite name=""{4}"">"
line:0f3ad89,"With the help of {0}you reach {1} {2} <sprite name=""{3}"">","Con la ayuda de {0} llegas a {1} {2} <sprite name=""{3}"">"
line:08404ec,"<sprite name=""yes""><br><br>Confirm","<sprite name=""yes""><br><br>Confirmar"
line:0850ad4,"<sprite name=""no""><br><br>Cancel","<sprite name=""no""><br><br>Cancelar"
line:0fa6f0c,"<sprite name=""yes""><br><br>Confirm","<sprite name=""yes""><br><br>Confirmar"
line:0f0fb5c,"<sprite name=""no""><br><br>Cancel","<sprite name=""no""><br><br>Cancelar"
line:09d3ade,"<sprite name=""alda""> Alda: My dear baladins! These last two months of leisure were quite invigorating but…","<sprite name=""alda""> Alda: ¡Mis queridos baladins! Estos últimos dos meses de descanso fueron muy revitalizantes, pero…"
line:0b70bdd,"<sprite name=""alda""> Alda: Holidays are over now!","<sprite name=""alda""> Alda: ¡Se acabaron las vacaciones!"
line:089a3f0,"<sprite name=""alda""> Alda: The Peace Festival is in six weeks! And we’re far from ready!","<sprite name=""alda""> Alda: ¡Faltan seis semanas para el Festival de la Paz y aún nos queda muchísimo por hacer!"
line:03934a1,"<sprite name=""alda""> Alda: We still have work to do to make the celebration of the century truly perfect.","<sprite name=""alda""> Alda: Todavía tenemos trabajo para que la celebración del siglo sea realmente perfecta."
line:03b0eef,"<sprite name=""alda""> Alda: People count on our guild to make it happen, whatever the cost. So I put my trust in you with this great quest:","<sprite name=""alda""> Alda: La gente cuenta con nuestro gremio para lograrlo, cueste lo que cueste. Así que les encomiendo esta gran misión:"
line:03d30e5,"<sprite name=""alda""> Alda: Deliver this <b>crate<b> to the <b>next village</b>.","<sprite name=""alda""> Alda: Lleven esta <b>caja<b> a la <b>aldea vecina</b>."
line:0f260b6,"<sprite name=""alda""> Alda: Yeah. That’s it.","<sprite name=""alda""> Alda: Sí. Eso es todo."
line:011d47f,"<sprite name=""alda""> Alda: Actually! One more thing!","<sprite name=""alda""> Alda: ¡Cierto! ¡Una cosa más!"
line:0044924,"<sprite name=""alda""> Alda: We still haven't received <b>the wine</b> for the festival!","<sprite name=""alda""> Alda: ¡Todavía no recibimos <b>el vino</b> para el festival!"
line:0e1f070,"<sprite name=""alda""> Alda: Could you check out <b>the Winemaker's Castle</b> and get the wine we need?","<sprite name=""alda""> Alda: ¿Podrían pasar por <b>el Castillo de los Vinicultores</b> y conseguir el vino que necesitamos?"
line:0cd267e,"<sprite name=""alda""> Alda: Something must have upset <b>the winemakers</b>… again.","<sprite name=""alda""> Alda: Algo debe haber molestado a <b>los vinicultores</b>… otra vez."
line:05527df,"<sprite name=""alda""> Alda: Are you ready, baladins?!","<sprite name=""alda""> Alda: ¿Están listos, baladins?"
line:0b8c728,"<sprite name=""destruction"">{0}<br><br>Roar!","<sprite name=""destruction"">{0}<br><br>¡Rugir!"
line:02f6b3b,Narrator: You roar like a troop of lions!,Narrador: ¡Rugen como una manada de leones!
line:00292e0,Narrator: You cheer softly but it's not realy convincing.,"Narrador: Celebran en voz baja, pero no suena muy convincente."
line:01d7024,"<sprite name=""physique"">{0}<br><br>Show some muscle","<sprite name=""physique"">{0}<br><br>Mostrar los músculos"
line:02d41e5,Narrator: You bend your arms to show your determination.,Narrador: Flexionan los brazos para demostrar su determinación.
line:02d5387,Narrator: You bend your arms and a loud cracking can be heard. You're a bit rusty.,Narrador: Flexionan los brazos y se oye un fuerte crujido. Están algo oxidados.
line:0940eb5,"<sprite name=""alda""> Alda: I’ll be right here if you need help.","<sprite name=""alda""> Alda: Estaré aquí mismo si necesitan ayuda."
line:032a140,"<sprite name=""alda""> Alda: Be safe on your journey, dear baladins!","<sprite name=""alda""> Alda: ¡Cuídense durante el viaje, queridos baladins!"
line:0c1c7ce,"<sprite name=""alda""> Alda: Well, it's not like anything dangerous ever happens anyway...","<sprite name=""alda""> Alda: Aunque tampoco es que alguna vez ocurra algo peligroso…"
line:046ea47,"<sprite name=""alda""> Alda: My dear baladins! These last two months of leisure were quite invigorating but…","<sprite name=""alda""> Alda: ¡Mis queridos baladins! Estos últimos dos meses de descanso fueron muy revitalizantes, pero…"
line:03f95bd,"<sprite name=""alda""> Alda: Wait. I already told you that!","<sprite name=""alda""> Alda: Esperen. ¡Eso ya se los dije!"
line:040ec88,"<sprite name=""alda""> Alda: Oh! I remember now! The Peace Festival! The dragon! The warp!","<sprite name=""alda""> Alda: ¡Ah! ¡Ya recuerdo! ¡El Festival de la Paz! ¡El dragón! ¡El salto temporal!"
line:0eb5813,"<sprite name=""alda""> Alda: It seems we've been transported six weeks back in time!","<sprite name=""alda""> Alda: ¡Parece que retrocedimos seis semanas en el tiempo!"
line:0b2a71b,"<sprite name=""alda""> Alda: Could've been worse, actually! They didn't eat us.","<sprite name=""alda""> Alda: ¡Pudo ser peor! Al menos no nos devoró."
line:0d35268,"<sprite name=""alda""> Alda: But I think we should start investigating this situation. I'll summon you when I need your help, dear baladins!","<sprite name=""alda""> Alda: Pero creo que debemos investigar la situación. ¡Los convocaré cuando necesite su ayuda, queridos baladins!"
line:04f2673,"<sprite name=""alda""> Alda: Baladins! I've summoned you because the situation is... dire to say the least.","<sprite name=""alda""> Alda: ¡Baladins! Los convoqué porque la situación es… grave, por decirlo suavemente."
line:0ea9501,"<sprite name=""alda""> Alda: It appears that this blasted dragon has sent us back in the past.","<sprite name=""alda""> Alda: Al parecer, ese maldito dragón nos envió al pasado."
line:04a47cb,"<sprite name=""alda""> Alda: And, upon investigation, I can confirm that only our guild members remember what happened!","<sprite name=""alda""> Alda: Y, tras investigar, ¡puedo confirmar que solo los miembros de nuestro gremio recuerdan lo ocurrido!"
line:00ebd84,"<sprite name=""alda""> Alda: I can't explain why, we need to investigate further!","<sprite name=""alda""> Alda: No puedo explicar por qué. ¡Debemos seguir investigando!"
line:0832300,"<sprite name=""alda""> Alda: If my calculations are correct, we've six weeks before the dragon returns!","<sprite name=""alda""> Alda: Si mis cálculos son correctos, ¡tenemos seis semanas antes de que regrese el dragón!"
line:08ba554,"<sprite name=""alda""> Alda: Quick, baladins! Forget about the Peace Festival! We need to warn everybody about the incoming catastrophe!","<sprite name=""alda""> Alda: ¡Rápido, baladins! ¡Olviden el Festival de la Paz! ¡Debemos advertirles a todos de la catástrofe que se avecina!"
line:0609dba,"<sprite name=""alda""> Alda: Go to the Castle of Hortegarde, and ask for the Great Council! They'll surely know how to help!","<sprite name=""alda""> Alda: ¡Vayan al Castillo de Hortegarde y pidan hablar con el Gran Consejo! ¡Seguro sabrán cómo ayudarnos!"
line:0a37b0a,"<sprite name=""alda""> Alda: They have to find a solution. Tell them it's urgent!","<sprite name=""alda""> Alda: Tienen que encontrar una solución. ¡Díganles que es urgente!"
line:0eb3cfc,"<sprite name=""alda""> Alda: Here we go again.","<sprite name=""alda""> Alda: Aquí vamos otra vez."
line:01a4174,"<sprite name=""alda""> Alda: Remember that you can seek help from Cecil the Judge.","<sprite name=""alda""> Alda: Recuerden que pueden pedirle ayuda a Cecil, la jueza."
line:03e4fdb,"<sprite name=""alda""> Alda: You can find her at the Tribunal in Mercazon, the region south of Hortegarde.","<sprite name=""alda""> Alda: La encontrarán en el Tribunal de Mercazon, la región al sur de Hortegarde."
line:0d52db1,"<sprite name=""alda""> Alda: If you didn't go yet, you can meet Onorada and ask her help.","<sprite name=""alda""> Alda: Si aún no han ido, pueden conocer a Onorada y pedirle ayuda."
line:097be9e,"<sprite name=""alda""> Alda: She's the Head-Mage of the Spellhold of Lumensac, north of Hortegarde.","<sprite name=""alda""> Alda: Es la archimaga del Bastión Mágico de Lumensac, al norte de Hortegarde."
line:0c51c57,"<sprite name=""alda""> Alda: If you don't find a way to get rid of the dragon, try at least to find good items to feed it!","<sprite name=""alda""> Alda: Si no encuentran cómo deshacerse del dragón, ¡al menos busquen buenos objetos para alimentarlo!"
line:089a648,"<sprite name=""alda""> Alda: We can get rid of Colobra if we feed them with meaningful items.","<sprite name=""alda""> Alda: Podemos librarnos de Colobra si le damos objetos con un significado especial."
line:0a02a65,"<sprite name=""alda""> Alda: And remember the true mission of our guild: bring people together!","<sprite name=""alda""> Alda: Y recuerden la verdadera misión de nuestro gremio: ¡unir a la gente!"
line:04f4282,"<sprite name=""alda""> Alda: Try to seek help at the Great Council in Hortegarde!","<sprite name=""alda""> Alda: ¡Intenten conseguir ayuda del Gran Consejo de Hortegarde!"
line:0e7bbb6,"<sprite name=""alda""> Alda: We've been a bit short on time, eh?","<sprite name=""alda""> Alda: Se nos vino el tiempo encima, ¿eh?"
line:060f97d,"<sprite name=""alda""> Alda: Don't panic. We can still do it! We can still make the greatest Peace Festival ever!","<sprite name=""alda""> Alda: No entren en pánico. ¡Aún podemos hacerlo! ¡Todavía podemos organizar el mejor Festival de la Paz de todos!"
line:095604c,"<sprite name=""alda""> Alda: Good luck, my dear baladins!","<sprite name=""alda""> Alda: ¡Buena suerte, queridos baladins!"
line:09b6fd8,"<sprite name=""alda""> Alda: So! It seems this so-called ""dragon"" is quite the gourmet type.","<sprite name=""alda""> Alda: ¡Vaya! Parece que este supuesto ""dragón"" es todo un gourmet."
line:01c9635,"<sprite name=""alda""> Alda: And they're looking for specific items. ""Meaningful symbols of trust and friendship"" as they said.","<sprite name=""alda""> Alda: Y busca objetos específicos. ""Símbolos importantes de confianza y amistad"", según dijo."
line:02b3080,"<sprite name=""alda""> Alda: That's interesting. I mean, as baladins, trust and friendship are part of the job!","<sprite name=""alda""> Alda: Eso es interesante. Después de todo, ¡la confianza y la amistad son parte del oficio de los baladins!"
line:0044bad,"<sprite name=""alda""> Alda: We even organize the Peace Festival!","<sprite name=""alda""> Alda: ¡Incluso organizamos el Festival de la Paz!"
line:0f5cb4f,"<sprite name=""alda""> Alda: I wonder if this beast has some kind of special connection with us...","<sprite name=""alda""> Alda: Me pregunto si esa bestia tendrá alguna conexión especial con nosotros…"
line:06f819e,"<sprite name=""alda""> Alda: I'll look into our oldest archives and I'll let you know.","<sprite name=""alda""> Alda: Revisaré nuestros archivos más antiguos y les avisaré."
line:0b891bb,"<sprite name=""alda""> Alda: In the meantime, maybe try to make people friends again.","<sprite name=""alda""> Alda: Mientras tanto, intenten que la gente vuelva a llevarse bien."
line:06339f9,"<sprite name=""alda""> Alda: Baladins! I've been looking in our archives and they were... Not helpful.","<sprite name=""alda""> Alda: ¡Baladins! Estuve revisando nuestros archivos y fueron… poco útiles."
line:040aaf2,"<sprite name=""alda""> Alda: Something is bothering me. It appears there is no wax cylinder older than two hundred years ago.","<sprite name=""alda""> Alda: Hay algo que me preocupa. Al parecer, no tenemos ningún cilindro de cera de hace más de doscientos años."
line:0b04ab0,"<sprite name=""alda""> Alda: Maybe they were destroyed, or stolen?","<sprite name=""alda""> Alda: ¿Quizá los destruyeron o los robaron?"
line:0ddfed4,"<sprite name=""alda""> Alda: You should try to find old wax cylinders from the Guild's archives. Maybe there are some out there in the wild.","<sprite name=""alda""> Alda: Deberían buscar cilindros de cera antiguos de los archivos del gremio. Quizá quede alguno por ahí."
line:09bf601,"<sprite name=""alda""> Alda: You can ask for the national archives at the council of Hortegarde...","<sprite name=""alda""> Alda: Pueden preguntar por los archivos nacionales en el consejo de Hortegarde…"
line:00c4803,"<sprite name=""alda""> Alda: And there are probably some stored at the Spellhold of Lumensac as well.","<sprite name=""alda""> Alda: Y probablemente también guarden algunos en el Bastión Mágico de Lumensac."
line:05c5a50,"<sprite name=""alda""> Alda: Maybe at the tribunal in Mercazon they've got some?","<sprite name=""alda""> Alda: ¿Quizá tengan alguno en el Tribunal de Mercazon?"
line:082c6b7,"<sprite name=""alda""> Alda: If by any chance you find one, bring it back to me! They're our only chance to discover the truth!","<sprite name=""alda""> Alda: Si por casualidad encuentran uno, ¡tráiganmelo! ¡Es nuestra única oportunidad de descubrir la verdad!"
line:056a492,Narrator: It's hopeless. We need a miracle to find the lost archives of the baladins!,Narrador: No hay esperanza. ¡Necesitamos un milagro para encontrar los archivos perdidos de los baladins!
line:009a273,"<sprite name=""alda""> Alda: This is it, baladins! Our chance to save Gatherac!","<sprite name=""alda""> Alda: ¡Llegó el momento, baladins! ¡Esta es nuestra oportunidad de salvar Gatherac!"
line:0d9335b,"<sprite name=""alda""> Alda: Not from the dragon, but from itself!","<sprite name=""alda""> Alda: ¡No del dragón, sino de sí mismo!"
line:000e14c,"<sprite name=""alda""> Alda: And we're back! More prepared than ever!","<sprite name=""alda""> Alda: ¡Y aquí estamos de nuevo! ¡Más preparados que nunca!"
line:014273e,"<sprite name=""alda""> Alda: We need to make the best Peace Festival in history to make people like each other again!","<sprite name=""alda""> Alda: ¡Tenemos que organizar el mejor Festival de la Paz de la historia para que la gente vuelva a apreciarse!"
line:0ed469a,"<sprite name=""alda""> Alda: Are you ready to end this, baladins?","<sprite name=""alda""> Alda: ¿Están listos para terminar con esto, baladins?"
line:0453891,"<sprite name=""alda""> Alda: Are you ready to do what it takes to make the greatest Peace Festival ever made?","<sprite name=""alda""> Alda: ¿Están dispuestos a hacer lo necesario para organizar el mejor Festival de la Paz de todos los tiempos?"
line:0949367,YEAH!,¡SÍ!
line:078372b,"Narrator: Be careful, you'll have to prepare the Peace Festival. Are you sure?","Narrador: Cuidado, tendrán que preparar el Festival de la Paz. ¿Están seguros?"
line:01c3d24,"<sprite name=""yes""><br><br>Yes","<sprite name=""yes""><br><br>Sí"
line:0eb6377,"<sprite name=""alda""> Alda: Great!","<sprite name=""alda""> Alda: ¡Excelente!"
line:0d016a8,"<sprite name=""alda""> Alda: Travel to Mouliac, Hortegarde, Lumensac and Mercazon.","<sprite name=""alda""> Alda: Viajen a Mouliac, Hortegarde, Lumensac y Mercazon."
line:09794c8,"<sprite name=""alda""> Alda: Make a show in each region to invite people, to remind them why they love coming to the Peace Festival!","<sprite name=""alda""> Alda: ¡Den un espectáculo en cada región para invitar a la gente y recordarles por qué les encanta asistir al Festival de la Paz!"
line:079c206,"<sprite name=""alda""> Alda: Make it relatable! Talk about their problems, use what you've learned about them!","<sprite name=""alda""> Alda: ¡Hagan que se sientan identificados! ¡Hablen de sus problemas y usen todo lo que aprendieron sobre ellos!"
line:07dfd44,"<sprite name=""alda""> Alda: I'll be preparing everything here with Sopheline!","<sprite name=""alda""> Alda: ¡Yo prepararé todo aquí con Sopheline!"
line:0f8251b,"<sprite name=""no""><br><br>No","<sprite name=""no""><br><br>No"
line:07c395b,Not yet...,Todavía no…
line:0d380a7,Narrator: Be careful! You won't be able to organize the Peace Festival during this time loop. Are you sure?,Narrador: ¡Cuidado! No podrán organizar el Festival de la Paz durante este bucle temporal. ¿Están seguros?
line:0ec793c,"<sprite name=""yes""><br><br>Yes","<sprite name=""yes""><br><br>Sí"
line:0880010,"<sprite name=""alda""> Alda: Oh? Ok. I guess we can make it in the next time loop if there are still things you want to discover...","<sprite name=""alda""> Alda: ¿Ah? Está bien. Supongo que podemos hacerlo en el próximo bucle temporal si aún quieren descubrir otras cosas…"
line:02cd031,"<sprite name=""alda""> Alda: But I don't want to be stuck in the time loop for all eternity.","<sprite name=""alda""> Alda: Pero no quiero quedar atrapada en este bucle temporal por toda la eternidad."
line:0b6ca11,"<sprite name=""no""><br><br>No","<sprite name=""no""><br><br>No"
line:0b5a760,"Narrator: Today's the big day, and the geyser issue has NOT been solved.",Narrador: Hoy es el gran día y el problema del géiser NO está resuelto.
line:096c877,Narrator: But the Peace Festival is already in full swing!,Narrador: ¡Pero el Festival de la Paz ya está en pleno apogeo!
line:079f765,"Narrator: Mouliac is already filling up with visitors from all over Gatherac, who can't wait to party!","Narrador: Mouliac ya se está llenando de visitantes de todo Gatherac, ¡ansiosos por celebrar!"
line:0ea119c,Narrator: Some clever baladins decide to pretend the theme of this year's festival is celebrating water.,Narrador: A algunos baladins ingeniosos se les ocurre fingir que el tema del festival de este año es una celebración del agua.
line:0ce6ab2,"Narrator: The results are... mixed, to say the least.","Narrador: Los resultados son… dispares, por decirlo suavemente."
line:0f1b96d,"Narrator: Suddenly, the ground starts shaking once again!","Narrador: De pronto, ¡el suelo vuelve a temblar!"
line:0f9671c,Narrator: The water stops pouring out...,Narrador: El agua deja de brotar…
line:00122b7,Narrator: ... and a dark mass emerges from the well!,Narrador: …¡y una masa oscura emerge del pozo!
line:025ab3a,Narrator: Could it be...,Narrador: ¿Acaso es…?
line:0e238a0,Narrator: A dragon?!,Narrador: ¡¿Un dragón?!
line:0d6308d,Dragon: WHO DARES AWAKEN A DRAGON?,Dragón: ¿QUIÉN SE ATREVE A DESPERTAR A UN DRAGÓN?
line:0bc4d8e,Narrator: Uh oh!,"Narrador: ¡Oh, oh!"
line:0d16bdd,Dragon: To what do I owe this racket?,Dragón: ¿A qué debo todo este alboroto?
line:0863d27,Dragon: You think you can wake the mighty Colobra without facing consequences?,Dragón: ¿Creen que pueden despertar a la poderosa Colobra sin sufrir las consecuencias?
line:09e78bc,Colobra: What is this farce of a banquet you're throwing?,Colobra: ¿Qué clase de farsa de banquete están celebrando?
line:06277c2,Colobra: Have you forgotten the meaning of the Festival?,Colobra: ¿Acaso olvidaron el significado del Festival?
line:0e15c78,Colobra: You fools!,Colobra: ¡Insensatos!
line:031360e,Colobra: You and your foolish attempts to keep me down there!,Colobra: ¡Ustedes y sus absurdos intentos por mantenerme ahí abajo!
line:0c5e1d9,Colobra: Plugging the well with a cork?,Colobra: ¿Tapar el pozo con un corcho?
line:0d7ad71,Colobra: Trying to drink all of my water?,Colobra: ¿Intentar beberse toda mi agua?
line:0be51b2,Colobra: Futile!,Colobra: ¡Inútil!
line:0c79c78,"Narrator: Without further warning, the dragon's enormous jaw opens wide.","Narrador: Sin previo aviso, las enormes fauces del dragón se abren de par en par."
line:0390b2b,Narrator: You can feel the wind coming from out of your bag and pockets.,Narrador: Sienten cómo el viento sale de sus bolsas y bolsillos.
line:088fa0c,Colobra: Ha! I see you brought something to eat.,Colobra: ¡Ja! Veo que trajeron algo para comer.
line:0e24d83,Colobra: But it's not enough. I'll have to eat something more... Substantial.,Colobra: Pero no es suficiente. Tendré que comer algo más… sustancioso.
line:006e4df,Colobra: And you didn't bring one thing for me to eat?,Colobra: ¿Y no trajeron ni una sola cosa para que comiera?
line:0abf175,"Colobra: And while I'm buried and starving, you're here, having a whale of a time!","Colobra: ¡Mientras yo sigo enterrada y hambrienta, ustedes están aquí divirtiéndose de lo lindo!"
line:05abfb1,"Colobra: Actually, speaking of time: here's an idea!","Colobra: En fin, hablando del tiempo… ¡se me ocurre una idea!"
line:041d602,"Narrator: A flash of blue light sparks between the teeth of the beast, and...",Narrador: Un destello de luz azul surge entre los dientes de la bestia y…
line:006fe2b,Narrator: The world starts spinning!,Narrador: ¡El mundo comienza a dar vueltas!
line:038e2c0,"Narrator: You try to clear tunnels, moving rock after rock with your bare hands.",Narrador: Intentas despejar los túneles moviendo una roca tras otra con las manos desnudas.
line:0112199,"Narrator: It doesn’t lead you anywhere new, but your muscles are as hard as the rock!","Narrador: No descubres ningún camino nuevo, ¡pero tus músculos quedan tan duros como la roca!"
line:09bfef3,Narrator: You spend the night cooking for the guests in the tavern.,Narrador: Pasas la noche cocinando para los clientes de la taberna.
line:048bca9,Narrator: You've earned your wage!,Narrador: ¡Te ganaste el sueldo!
line:0e788cd,Narrator: You help the lutins tend to the mushrooms.,Narrador: Ayudas a los duendes a cuidar los hongos.
line:0a7f7d1,Narrator: Taking care of living beings and helping them grow inspires you.,Narrador: Cuidar seres vivos y ayudarlos a crecer te inspira.
line:05362e9,Narrator: You spend the day at the market and observe the merchants.,Narrador: Pasas el día en el mercado observando a los comerciantes.
line:01110c2,Narrator: You learn some useful tricks!,Narrador: ¡Aprendes algunos trucos útiles!
line:0f6599e,Narrator: You help the lutins pick mushrooms.,Narrador: Ayudas a los duendes a recolectar hongos.
line:0e5a13a,Narrator: Working in nature gives you a better understanding of the forest.,Narrador: Trabajar en la naturaleza mejora tu comprensión del bosque.
line:0517c37,Narrator: You find a mushroom you really like and decide to keep it.,Narrador: Encuentras un hongo que te gusta mucho y decides quedártelo.
line:0010ca1,Narrator: The corridors are covered with ancient carvings.,Narrador: Los pasadizos están cubiertos de grabados antiguos.
line:085ec29,"Narrator: Deciphering them is colossal work, but you learn a lot about old times.","Narrador: Descifrarlos supone un trabajo colosal, pero aprendes mucho sobre tiempos remotos."
line:049c5b4,Narrator: You rehearse a theater play for the Peace Festival.,Narrador: Ensayas una obra teatral para el Festival de la Paz.
line:0fdeb63,"Narrator: It’s the same one every year, but you try to offer a refreshing take on the mise-en-scene.","Narrador: Es la misma de todos los años, pero intentas darle un enfoque renovado a la puesta en escena."
line:0928a61,Narrator: You help Tonneline sell her best casks at the highest price.,Narrador: Ayudas a Tonneline a vender sus mejores barriles al precio más alto.
line:0d094d9,Narrator: This experience is inspiring… and lucrative!,Narrador: ¡Esta experiencia resulta inspiradora… y lucrativa!
line:00f00a2,"Narrator: Splash splash! You spend the day inside a giant barrel, mashing grapes with your bare feet.","Narrador: ¡Chapoteo, chapoteo! Pasas el día dentro de un barril gigante, aplastando uvas con los pies descalzos."
line:090a8f4,Narrator: The chaotic energy of this type of work is invigorating!,Narrador: ¡La energía caótica de este tipo de trabajo resulta revitalizante!
line:06963d3,"Narrator: When you leave, you find grapes in your underpants.",Narrador: Al salir encuentras uvas en tu ropa interior.
line:02c5a88,Narrator: You try out the most recent fireworks created by the guild.,Narrador: Pruebas los fuegos artificiales más recientes creados por el gremio.
line:080836e,Narrator: You think these rockets could have more interesting applications than entertainment!,Narrador: ¡Crees que estos cohetes podrían tener aplicaciones más interesantes que el entretenimiento!
line:0ce28ef,Narrator: Camping in the forest can be challenging for the body.,Narrador: Acampar en el bosque puede ser duro para el cuerpo.
line:06405a7,Narrator: You manage to find a good spot to build your tent and a warm fire.,Narrador: Consigues encontrar un buen lugar donde armar la tienda y encender una cálida fogata.
line:0bc0a8f,"Narrator: In the morning, you feel fully rested!",Narrador: ¡Por la mañana te sientes completamente descansado!
line:00c3456,"Narrator: You spend a rough night, lying on rocks and roots.","Narrador: Pasas una noche difícil, acostado sobre rocas y raíces."
line:0e2c875,"Narrator: In the morning, your back is killing you.",Narrador: Por la mañana te duele muchísimo la espalda.
line:0833c73,"Narrator: You spend a horrible night, feeling alternately cold and afraid.","Narrador: Pasas una noche horrible, alternando entre el frío y el miedo."
line:0e2e9e1,Narrator: You never manage to fall asleep.,Narrador: No consigues dormir en ningún momento.
line:0be1547,"Narrator: In the morning, you’re exhausted.",Narrador: Por la mañana estás agotado.
line:0fbc008,Narrator: You hear horrible noises ahead. It could be a terrible monster!,Narrador: Escuchas unos ruidos horribles más adelante. ¡Podría ser un monstruo terrible!
line:0629f14,"Narrator:But as you approach carefully, you realize it's only an ogress singing cheerfully.","Narrador: Pero al acercarte con cuidado, descubres que solo es una ogresa cantando alegremente."
line:03561cb,"<sprite name=""tonneline""> Tonneline: Hello there! What a beautiful day! I'm Tonneline Burdiga! Winemaker and matriarch of the castle, but surely you know me already!","<sprite name=""tonneline""> Tonneline: ¡Hola! ¡Qué día tan hermoso! Soy Tonneline Burdiga, vinicultora y matriarca del castillo. ¡Pero seguro que ya me conoces!"
line:02a3115,"Narrator:But as you approach carefully, you realize it's only Tonneline singing cheerfully.","Narrador: Pero al acercarte con cuidado, descubres que solo es Tonneline cantando alegremente."
line:009941a,"<sprite name=""tonneline""> Tonneline: Hello there! What a beautiful day!","<sprite name=""tonneline""> Tonneline: ¡Hola! ¡Qué día tan hermoso!"
line:01acbf3,"<sprite name=""tonneline""> Tonneline: Would you like to sing with me?","<sprite name=""tonneline""> Tonneline: ¿Te gustaría cantar conmigo?"
line:0b15d19,"<sprite name=""creation"">{0}<br><br>Sing with her","<sprite name=""creation"">{0}<br><br>Cantar con ella"
line:0afb0b2,"<sprite name=""exclamation""><br><br>Ask her why","<sprite name=""exclamation""><br><br>Preguntarle por qué"
line:013131d,Narrator: You sing along with the ogress and manage to stay in tune.,Narrador: Cantas con la ogresa y consigues mantener el tono.
line:001f5cf,"<sprite name=""tonneline""> Tonneline: Haha! You sing better than I do!","<sprite name=""tonneline""> Tonneline: ¡Ja, ja! ¡Cantas mejor que yo!"
line:040a67a,"<sprite name=""tonneline""> Tonneline: But your voice is still the second most beautiful thing I’ve witnessed today.","<sprite name=""tonneline""> Tonneline: Pero tu voz sigue siendo la segunda cosa más hermosa que he presenciado hoy."
line:020e3b4,Narrator: You sing along with the ogress but get distracted by her terrible singing.,"Narrador: Cantas con la ogresa, pero su terrible canto te distrae."
line:0892164,"<sprite name=""tonneline""> Tonneline: Haha! Your singing is as bad as mine!","<sprite name=""tonneline""> Tonneline: ¡Ja, ja! ¡Cantas tan mal como yo!"
line:04d5b81,"<sprite name=""tonneline""> Tonneline: But nevermind. I’ve already witnessed enough beauty for the week, this morning!","<sprite name=""tonneline""> Tonneline: Pero no importa. ¡Esta mañana ya contemplé suficiente belleza para toda la semana!"
line:097cec6,Narrator: You ask the ogress what she seems so happy about.,Narrador: Le preguntas a la ogresa por qué parece tan feliz.
line:09837e8,"<sprite name=""tonneline""> Tonneline: Haha! You’re nosy, but I like it!","<sprite name=""tonneline""> Tonneline: ¡Ja, ja! Eres entrometido, ¡pero me agrada!"
line:00d3daa,"<sprite name=""tonneline""> Tonneline: I just delivered wine to <b>Filomena the innkeeper</b>.","<sprite name=""tonneline""> Tonneline: Acabo de entregarle vino a <b>Filomena, la posadera</b>."
line:0f24010,"<sprite name=""tonneline""> Tonneline: I don’t know why, but I’m always happy to see her…","<sprite name=""tonneline""> Tonneline: No sé por qué, pero verla siempre me hace feliz…"
line:07b1d6f,"<sprite name=""tonneline""> Tonneline: She’s merely human but she can drink gallons of any beverage! It’s impressive.","<sprite name=""tonneline""> Tonneline: Es una simple humana, ¡pero puede beber litros de cualquier bebida! Es impresionante."
line:0314f14,"<sprite name=""tonneline""> Tonneline: And surely there must be some kind of magic behind all that…But it’s part of her charm!","<sprite name=""tonneline""> Tonneline: Seguro que hay alguna clase de magia detrás de todo eso… ¡Pero forma parte de su encanto!"
line:01b8094,"<sprite name=""tonneline""> Tonneline: Pay her a visit in <b>Mouliac</b> if you want to meet a beautiful, kind person.…","<sprite name=""tonneline""> Tonneline: Visítala en <b>Mouliac</b> si quieres conocer a una persona hermosa y amable…"
line:0136aa1,"<sprite name=""tonneline""> Tonneline: …or need to get rid of an outstanding amount of liquid.","<sprite name=""tonneline""> Tonneline: …o necesitas deshacerte de una cantidad extraordinaria de líquido."
line:0a9fd42,Narrator: You are approached by a lutin smelling surprisingly good.,Narrador: Se te acerca un duende que huele sorprendentemente bien.
line:0b63bcb,"<sprite name=""lutin""> Lutin: Good day to you, traveler!","<sprite name=""lutin""> Duende: ¡Que tengas un buen día, viajero!"
line:053697c,"<sprite name=""lutin""> Lutin: What a pleasing sight for the eyes you are!","<sprite name=""lutin""> Duende: ¡Eres un auténtico deleite para la vista!"
line:0360bde,"<sprite name=""lutin""> Lutin: May I offer to walk with you to your destination?","<sprite name=""lutin""> Duende: ¿Me permites acompañarte hasta tu destino?"
line:0d6266c,"<sprite name=""yes""><br><br>Accept","<sprite name=""yes""><br><br>Aceptar"
line:0b03629,"<sprite name=""no""><br><br>Decline","<sprite name=""no""><br><br>Rechazar"
line:0780145,"<sprite name=""lutin""> Lutin: Splendid! I knew the teachings of master <b>Bungus</b> would help me to seduce people.","<sprite name=""lutin""> Duende: ¡Espléndido! Sabía que las enseñanzas de <b>Bungus</b> me ayudarían a seducir a la gente."
line:00ada25,"<sprite name=""lutin""> Lutin: They have recently found an ancient <b>Scroll of Love</b>, containing much wisdom about the art of seduction.","<sprite name=""lutin""> Duende: Hace poco encontró un antiguo <b>Pergamino del amor</b> repleto de sabiduría sobre el arte de la seducción."
line:00e2fca,Narrator: The lutin spends the rest of your journey talking about their master Bungus.,Narrador: El duende pasa el resto del trayecto hablando de Bungus.
line:00c46c9,Narrator: Perhaps you could visit them in the <b>Cork Forest</b> to learn about this ancient scroll.,Narrador: Quizá podrías visitar a Bungus en el <b>Bosque del Corcho</b> para conocer ese antiguo pergamino.
line:04b35df,"<sprite name=""lutin""> Lutin: Well… Did I not manage to seduce you?","<sprite name=""lutin""> Duende: Bueno… ¿No logré seducirte?"
line:0350b02,"<sprite name=""lutin""> Lutin: But, I’ve been following the teachings of master <b>Bungus</b>.","<sprite name=""lutin""> Duende: Pero he seguido las enseñanzas de <b>Bungus</b>."
line:0856ba4,"<sprite name=""lutin""> Lutin: They have recently found an ancient <b>Scroll of Love</b>, containing much wisdom about the art of seduction.","<sprite name=""lutin""> Duende: Hace poco encontró un antiguo <b>Pergamino del amor</b> repleto de sabiduría sobre el arte de la seducción."
line:03d0d68,"<sprite name=""lutin""> Lutin: You should visit my master in the <b>Cork Forest</b> and learn about it.","<sprite name=""lutin""> Duende: Deberías visitar a Bungus en el <b>Bosque del Corcho</b> y aprender sus enseñanzas."
line:010326d,"<sprite name=""lutin""> Lutin: Perhaps you'll be a better student than me.","<sprite name=""lutin""> Duende: Quizá seas mejor estudiante que yo."
line:070b0af,Narrator: You come across a giant salamander!,Narrador: ¡Te encuentras con una salamandra gigante!
line:0e97c2e,Narrator: It looks familiar.,Narrador: Te resulta familiar.
line:0cf69c4,"<sprite name=""destruction"">{0}<br><br>Scare them","<sprite name=""destruction"">{0}<br><br>Asustarla"
line:0e6db29,"<sprite name=""physique"">{0}<br><br>Run for your life","<sprite name=""physique"">{0}<br><br>Correr por tu vida"
line:01bf9e2,"<sprite name=""finesse"">{0}<br><br>Create a distraction","<sprite name=""finesse"">{0}<br><br>Crear una distracción"
line:0bd5749,Narrator: You light fireworks and scare the salamander away!,Narrador: ¡Enciendes fuegos artificiales y ahuyentas a la salamandra!
line:03c9b00,Narrator: You hope it never comes back.,Narrador: Esperas que nunca regrese.
line:07d0df4,"Narrator: You light fireworks, but the noise angers the animal.","Narrador: Enciendes fuegos artificiales, pero el ruido enfurece al animal."
line:06fcbe2,Narrator: You throw some of your gunpowder at them to create a distraction and run away.,Narrador: Le arrojas un poco de pólvora para distraerla y sales corriendo.
line:01bfffe,Narrator: You run for your life and manage to lose the salamander.,Narrador: Corres por tu vida y consigues perder de vista a la salamandra.
line:01ea014,"Narrator: You’re not sure it was following you in the first place, but it was nice to exercise!","Narrador: No sabes si te estaba siguiendo, pero ¡te vino bien hacer ejercicio!"
line:0c4b66a,Narrator: You try to run but fall flat on the ground.,"Narrador: Intentas correr, pero caes de bruces al suelo."
line:0ce1e39,Narrator: You wait for the salamander to devour you alive.,Narrador: Esperas a que la salamandra te devore con vida.
line:06b2a3f,Narrator: But it only laughs at you.,Narrador: Pero solo se ríe de ti.
line:078df16,Narrator: It hurts nonetheless.,"Narrador: Aun así, resulta doloroso."
line:0557e1b,Narrator: You point at something behind the salamander with a fearful look on your face.,Narrador: Señalas algo detrás de la salamandra con una expresión aterrada.
line:0904730,"Narrator: Surprisingly, it turns around to look and you run away.","Narrador: Para tu sorpresa, se da la vuelta para mirar y tú sales corriendo."
line:0a35f52,Narrator: You point at something behind the salamander with a fearful look on your face.,Narrador: Señalas algo detrás de la salamandra con una expresión aterrada.
line:0621ae6,Narrator: But the salamander gets scared and starts running in your direction.,Narrador: Pero la salamandra se asusta y empieza a correr en tu dirección.
line:0c79ab8,"Narrator: You run behind it reflexively, without knowing why, and end up exhausted.",Narrador: Por reflejo corres detrás de ella sin saber por qué y terminas agotado.
line:0e4c9ae,"<sprite name=""tonneline""> Tonneline: Thieves?! In my house?!","<sprite name=""tonneline""> Tonneline: ¿¡Ladrones!? ¿¡En mi casa!?"
line:08eccba,"<sprite name=""tonneline""> Tonneline: Don't you dare come back! And tell Alda she will never have my wine!","<sprite name=""tonneline""> Tonneline: ¡Ni se atrevan a volver! ¡Y díganle a Alda que jamás tendrá mi vino!"
line:037ad9b,"<sprite name=""tonneline""> Tonneline: Ha! One of my little baladins friends!","<sprite name=""tonneline""> Tonneline: ¡Vaya! ¡Uno de mis pequeños amigos baladins!"
line:07718ab,"<sprite name=""tonneline""> Tonneline: What can I do for you?","<sprite name=""tonneline""> Tonneline: ¿Qué puedo hacer por ti?"
line:06dfcf6,"<sprite name=""tonneline""> Tonneline: Tonneline Burdiga: matriarch of this castle!","<sprite name=""tonneline""> Tonneline: ¡Tonneline Burdiga, matriarca de este castillo!"
line:0e3d6cf,"<sprite name=""tonneline""> Tonneline: Why are you bothering me, baladin?","<sprite name=""tonneline""> Tonneline: ¿Por qué me molestas, baladin?"
line:0d111cf,"<sprite name=""bard""><sprite name=""finesse"">{0}<br><br>Appease her","<sprite name=""bard""><sprite name=""finesse"">{0}<br><br>Calmarla"
line:01a653b,"<sprite name=""exclamation""><br><br>About Filomena...","<sprite name=""exclamation""><br><br>Sobre Filomena..."
line:09b0921,"<sprite name=""exclamation""><br><br>Ask for the wine","<sprite name=""exclamation""><br><br>Pedir el vino"
line:0b60d43,"<sprite name=""talk""><br><br>Filomena...","<sprite name=""talk""><br><br>Filomena..."
line:00277e3,"<sprite name=""talk""><br><br>About Filomena...","<sprite name=""talk""><br><br>Sobre Filomena..."
line:0625054,"<sprite name=""talk""><br><br>Ask about the place","<sprite name=""talk""><br><br>Preguntar por el lugar"
line:065f34a,"<sprite name=""trade""><br><br>Give","<sprite name=""trade""><br><br>Entregar"
line:0d0715b,"<sprite name=""leave""><br><br>Leave","<sprite name=""leave""><br><br>Irse"
line:0e15d8e,"<sprite name=""tonneline""> Tonneline: A stooge of Alda, right?","<sprite name=""tonneline""> Tonneline: Eres un mandadero de Alda, ¿verdad?"
line:0ac892d,"<sprite name=""tonneline""> Tonneline: This old bird wants to take credit for the Festival.","<sprite name=""tonneline""> Tonneline: Esa vieja quiere llevarse todo el mérito por el Festival."
line:0260c95,"<sprite name=""tonneline""> Tonneline: Again.","<sprite name=""tonneline""> Tonneline: Otra vez."
line:019e7d9,"<sprite name=""tonneline""> Tonneline: People will love her because she's soooo great!","<sprite name=""tonneline""> Tonneline: ¡La gente la adorará porque es taaaan maravillosa!"
line:0227790,"<sprite name=""tonneline""> Tonneline: And I will be forgotten!","<sprite name=""tonneline""> Tonneline: ¡Y a mí me olvidarán!"
line:0b63aae,"<sprite name=""tonneline""> Tonneline: Again!","<sprite name=""tonneline""> Tonneline: ¡Otra vez!"
line:079e2ec,"<sprite name=""tonneline""> Tonneline: Even if I provide all the wine for the party!","<sprite name=""tonneline""> Tonneline: ¡Aunque yo proporcione todo el vino para la fiesta!"
line:0c2295d,"<sprite name=""tonneline""> Tonneline: Well, you tell Alda something: …","<sprite name=""tonneline""> Tonneline: Bueno, dile algo a Alda: …"
line:0194d96,"<sprite name=""tonneline""> Tonneline: I'll give her the wine if this year's festival is called…","<sprite name=""tonneline""> Tonneline: Le daré el vino si el festival de este año se llama…"
line:041aa27,"<sprite name=""tonneline""> Tonneline: The Tonneline Festival!","<sprite name=""tonneline""> Tonneline: ¡El Festival de Tonneline!"
line:0efccb0,"<sprite name=""tonneline""> Tonneline: People need to know this party can only happen because of me.","<sprite name=""tonneline""> Tonneline: La gente debe saber que esta fiesta solo es posible gracias a mí."
line:0640775,"<sprite name=""tonneline""> Tonneline: Hurry up! The wine won't wait!","<sprite name=""tonneline""> Tonneline: ¡Date prisa! ¡El vino no esperará!"
line:001dc85,"<sprite name=""tonneline""> Tonneline: Well actually…","<sprite name=""tonneline""> Tonneline: Bueno, en realidad…"
line:05eac2f,"<sprite name=""tonneline""> Tonneline: Where did you find this?!","<sprite name=""tonneline""> Tonneline: ¿¡Dónde encontraste esto!?"
line:0b82aaa,"<sprite name=""tonneline""> Tonneline: It's… It's confidential!","<sprite name=""tonneline""> Tonneline: Es… ¡Es confidencial!"
line:0e64e78,"<sprite name=""tonneline""> Tonneline: What with these lutin writings?","<sprite name=""tonneline""> Tonneline: ¿Qué significan estos escritos de duendes?"
line:05881bd,"<sprite name=""tonneline""> Tonneline: Well… I guess I owe you on this one.","<sprite name=""tonneline""> Tonneline: Bueno… Supongo que esta vez te debo una."
line:0488f1e,"<sprite name=""tonneline""> Tonneline: Behind these strong walls lives my family, the Burdigas!","<sprite name=""tonneline""> Tonneline: ¡Detrás de estos sólidos muros vive mi familia, los Burdiga!"
line:0965157,"<sprite name=""tonneline""> Tonneline: They're my cousins, brothers and sisters, but I – Tonneline – am the person in charge around here!","<sprite name=""tonneline""> Tonneline: Son mis primos, hermanos y hermanas, pero yo, Tonneline, ¡soy quien manda aquí!"
line:0450126,"<sprite name=""tonneline""> Tonneline: Every day,  we crush gallons of grapes to make the best wine in the country…","<sprite name=""tonneline""> Tonneline: Todos los días trituramos litros de uvas para elaborar el mejor vino del país…"
line:02d054f,"<sprite name=""tonneline""> Tonneline: Sorry… The best wine in the world!","<sprite name=""tonneline""> Tonneline: Perdón… ¡El mejor vino del mundo!"
line:094af54,"<sprite name=""tonneline""> Tonneline: There's nothing I love more than my wine!","<sprite name=""tonneline""> Tonneline: ¡No hay nada que ame más que mi vino!"
line:097d652,"<sprite name=""tonneline""> Tonneline: Well… Almost nothing.","<sprite name=""tonneline""> Tonneline: Bueno… Casi nada."
line:0b1c52e,"<sprite name=""tonneline""> Tonneline: I'd like to reward you with some wine…","<sprite name=""tonneline""> Tonneline: Me gustaría recompensarte con algo de vino…"
line:0b6b62a,"<sprite name=""tonneline""> Tonneline: But unfortunately, thieves broke into my castle last night!","<sprite name=""tonneline""> Tonneline: Pero, por desgracia, ¡anoche unos ladrones entraron en mi castillo!"
line:008cfe6,"<sprite name=""tonneline""> Tonneline: And they've stolen the wine I've been keeping for the festival!","<sprite name=""tonneline""> Tonneline: ¡Y robaron el vino que guardaba para el festival!"
line:023f9a2,"<sprite name=""tonneline""> Tonneline: I'm sorry but you'll have to find those scoundrels to get it back!","<sprite name=""tonneline""> Tonneline: Lo siento, ¡tendrás que encontrar a esos sinvergüenzas para recuperarlo!"
line:0644c38,"<sprite name=""tonneline""> Tonneline: OH! That smells good!","<sprite name=""tonneline""> Tonneline: ¡OH! ¡Qué bien huele!"
line:0245a7a,"<sprite name=""tonneline""> Tonneline: I'm pretty sure it would make a fantastic liquor!","<sprite name=""tonneline""> Tonneline: ¡Seguro que serviría para preparar un licor fantástico!"
line:004298b,"<sprite name=""tonneline""> Tonneline: I was thinking about making experiments with plants to find new spirits.","<sprite name=""tonneline""> Tonneline: Pensaba experimentar con plantas para descubrir nuevas bebidas espirituosas."
line:07f57d9,"<sprite name=""tonneline""> Tonneline: This one seems perfect!","<sprite name=""tonneline""> Tonneline: ¡Esta parece perfecta!"
line:0244609,"<sprite name=""tonneline""> Tonneline: Tell the people who grow it I'll buy everything!","<sprite name=""tonneline""> Tonneline: ¡Diles a quienes la cultivan que se las compraré todas!"
line:0b9bddc,"<sprite name=""tonneline""> Tonneline: Yes. I'm in love with her! Is it a crime? I like resourceful women. How do you know?","<sprite name=""tonneline""> Tonneline: Sí. ¡Estoy enamorada de ella! ¿Es un delito? Me gustan las mujeres ingeniosas. ¿Cómo lo sabes?"
line:05cb519,"<sprite name=""tonneline""> Tonneline: You gave what?! My letter?! By the gods! What have you done?","<sprite name=""tonneline""> Tonneline: ¿¡Entregaste qué!? ¿¡Mi carta!? ¡Por los dioses! ¿Qué has hecho?"
line:07611da,"<sprite name=""tonneline""> Tonneline: I wrote that letter to tell her how I feel but... I never had the guts to send it. I felt it wasn't the best way to express my feelings.","<sprite name=""tonneline""> Tonneline: Escribí esa carta para contarle lo que siento, pero… nunca me atreví a enviarla. Sentía que no era la mejor forma de expresar mis sentimientos."
line:0d17080,"<sprite name=""tonneline""> Tonneline: I'm not ready yet.","<sprite name=""tonneline""> Tonneline: Todavía no estoy lista."
line:0d3d992,"<sprite name=""tonneline""> Tonneline: You ruined everything by giving her my letter! It was only a draft!","<sprite name=""tonneline""> Tonneline: ¡Lo arruinaste todo al darle mi carta! ¡Solo era un borrador!"
line:046aa83,"<sprite name=""tonneline""> Tonneline: I can't tell her how I feel now. I will look stupid.","<sprite name=""tonneline""> Tonneline: Ahora no puedo contarle lo que siento. Haré el ridículo."
line:094877f,Yeah...,Sí...
line:0ad88a1,"<sprite name=""creation"">{0}<br><br>Tell a poem","<sprite name=""creation"">{0}<br><br>Recitar un poema"
line:0deecc5,"<sprite name=""knowledge"">{0}<br><br> Give advice","<sprite name=""knowledge"">{0}<br><br>Dar un consejo"
line:02ad9d0,"<sprite name=""trade""><br><br>Give her courage","<sprite name=""trade""><br><br>Darle valor"
line:0dab106,"<sprite name=""tonneline""> Tonneline: Alcohol? I'm not short of it.","<sprite name=""tonneline""> Tonneline: ¿Alcohol? No me falta."
line:0882af2,"<sprite name=""tonneline""> Tonneline: I see where you're going with this, but I don't think it's a good idea.","<sprite name=""tonneline""> Tonneline: Entiendo por dónde vas, pero no creo que sea buena idea."
line:0cf8963,"<sprite name=""tonneline""> Tonneline: Do you really think I need to drink to find the courage to talk to Filomena?","<sprite name=""tonneline""> Tonneline: ¿De verdad crees que necesito beber para reunir el valor de hablar con Filomena?"
line:0e2f8f4,"<sprite name=""tonneline""> Tonneline: We'll see about that!","<sprite name=""tonneline""> Tonneline: ¡Ya veremos!"
line:09ca990,"<sprite name=""tonneline""> Tonneline: By Textia! Why wouldn't she like me?!","<sprite name=""tonneline""> Tonneline: ¡Por Textia! ¿¡Por qué no iba a gustarle!?"
line:03bf827,"<sprite name=""tonneline""> Tonneline: Alright, baladin! Let's do this!","<sprite name=""tonneline""> Tonneline: ¡Muy bien, baladin! ¡Hagámoslo!"
line:038ac40,"<sprite name=""tonneline""> Tonneline: I'm on my way to Mouliac!","<sprite name=""tonneline""> Tonneline: ¡Voy camino a Mouliac!"
line:041526f,"Narrator: And the wine maker leaves her castle at once, leaving the door open.",Narrador: La vinicultora abandona enseguida su castillo y deja la puerta abierta.
line:0ebc068,"<sprite name=""tonneline""> Tonneline: Hey! It's me! Why are you showing me this?","<sprite name=""tonneline""> Tonneline: ¡Oye! ¡Soy yo! ¿Por qué me muestras esto?"
line:0613f29,"<sprite name=""tonneline""> Tonneline: Oh I see. It's so I can look at myself as I really am?","<sprite name=""tonneline""> Tonneline: Ah, ya veo. ¿Es para que me contemple tal como soy en realidad?"
line:068a8e4,"<sprite name=""tonneline""> Tonneline: And finally see how beautiful I am?","<sprite name=""tonneline""> Tonneline: ¿Y por fin vea lo hermosa que soy?"
line:083a038,"<sprite name=""tonneline""> Tonneline: Don't you think I know that?! I know I'm beautiful! And strong! And funny! And caring!","<sprite name=""tonneline""> Tonneline: ¿¡Crees que no lo sé!? ¡Sé que soy hermosa! ¡Y fuerte! ¡Y divertida! ¡Y cariñosa!"
line:00af84a,"<sprite name=""tonneline""> Tonneline: And if Filomena doesn't see it, well! It's her loss!","<sprite name=""tonneline""> Tonneline: Y si Filomena no lo ve, bueno, ¡ella se lo pierde!"
line:0fd273a,"<sprite name=""tonneline""> Tonneline: You think I need to drink a potion to have the courage to talk to Filomena?","<sprite name=""tonneline""> Tonneline: ¿Crees que necesito beber una poción para atreverme a hablar con Filomena?"
line:0ba736d,"<sprite name=""tonneline""> Tonneline: Well, you'll see about that!","<sprite name=""tonneline""> Tonneline: Bueno, ¡ya lo verás!"
line:015f985,"<sprite name=""tonneline""> Tonneline: Oh yeah! Thank you baladin! It's the beginning of a long and beautiful story!","<sprite name=""tonneline""> Tonneline: ¡Claro que sí! ¡Gracias, baladin! ¡Es el comienzo de una larga y hermosa historia!"
line:0ee1c97,"<sprite name=""tonneline""> Tonneline: Nothing can unmake the love we have! That's for sure!","<sprite name=""tonneline""> Tonneline: ¡Nada puede destruir nuestro amor! ¡Eso es seguro!"
line:0ec4c23,"<sprite name=""tonneline""> Tonneline: And if I may have talked poorly about the baladins in the past, I changed my mind! Completely!","<sprite name=""tonneline""> Tonneline: Y si alguna vez hablé mal de los baladins, ¡he cambiado de opinión! ¡Por completo!"
line:0851355,"<sprite name=""tonneline""> Tonneline: You're my friends now!","<sprite name=""tonneline""> Tonneline: ¡Ahora son mis amigos!"
line:0450743,"<sprite name=""tonneline""> Tonneline: This would be of bad taste in my castle!","<sprite name=""tonneline""> Tonneline: ¡Eso sería de muy mal gusto en mi castillo!"
line:095d763,Narrator: You tell a poem about the wonders of love and the inner beauty of Tonneline.,Narrador: Recitas un poema sobre las maravillas del amor y la belleza interior de Tonneline.
line:0a88f9e,"<sprite name=""tonneline""> Tonneline: Baladin! Your words! I can feel them!","<sprite name=""tonneline""> Tonneline: ¡Baladin! ¡Tus palabras! ¡Puedo sentirlas!"
line:0879514,"<sprite name=""tonneline""> Tonneline: Love! Love can't wait! I need to go talk to Filomena!","<sprite name=""tonneline""> Tonneline: ¡Amor! ¡El amor no puede esperar! ¡Tengo que ir a hablar con Filomena!"
line:071def2,"<sprite name=""tonneline""> Tonneline: Are you trying to seduce me baladin?","<sprite name=""tonneline""> Tonneline: ¿Intentas seducirme, baladin?"
line:01dcccd,"<sprite name=""tonneline""> Tonneline: Because it's bad timing.","<sprite name=""tonneline""> Tonneline: Porque no es un buen momento."
line:0ce7790,"<sprite name=""tonneline""> Tonneline: And what would I do with a weakling like you?","<sprite name=""tonneline""> Tonneline: Además, ¿qué haría con alguien tan débil como tú?"
line:042597b,Narrator: You ponder your life experience and give Tonneline your best advice.,Narrador: Reflexionas sobre tus experiencias y le das a Tonneline tu mejor consejo.
line:0af9b2f,"<sprite name=""tonneline""> Tonneline: So I should be honest, tell her the truth and don't expect her to change if she's not interested?","<sprite name=""tonneline""> Tonneline: Entonces, ¿debo ser sincera, decirle la verdad y no esperar que cambie si no está interesada?"
line:0e7649b,"<sprite name=""tonneline""> Tonneline: Love works in mysterious ways indeed.","<sprite name=""tonneline""> Tonneline: En efecto, el amor obra de maneras misteriosas."
line:006e66d,"<sprite name=""tonneline""> Tonneline: Scream really loud and offer her raw meat?","<sprite name=""tonneline""> Tonneline: ¿Gritar muy fuerte y ofrecerle carne cruda?"
line:03c0f0b,"<sprite name=""tonneline""> Tonneline: Are you sure, baladin?","<sprite name=""tonneline""> Tonneline: ¿Estás seguro, baladin?"
line:0a4c088,"<sprite name=""tonneline""> Tonneline: Leave me, now.","<sprite name=""tonneline""> Tonneline: Déjame sola. Ahora."
line:0c1d4b0,Narrator: You sing about sharing to appease Tonneline's wrath.,Narrador: Cantas sobre compartir para calmar la ira de Tonneline.
line:0cba82d,"<sprite name=""tonneline""> Tonneline: Hum. You know how to talk to me, baladin. After all we've known each other for a long time.","<sprite name=""tonneline""> Tonneline: Hum. Sabes cómo hablarme, baladin. Después de todo, nos conocemos desde hace mucho."
line:00820f9,"<sprite name=""tonneline""> Tonneline: Aw, so cute! I'll give you a cask of wine...","<sprite name=""tonneline""> Tonneline: ¡Ay, qué ternura! Te daré un barril de vino..."
line:0045d30,"<sprite name=""tonneline""> Tonneline: In your dreams! Your tacky song is not enough to buy me!","<sprite name=""tonneline""> Tonneline: ¡En tus sueños! ¡Tu canción de mal gusto no basta para comprarme!"
line:0b13ec7,"<sprite name=""tonneline""> Tonneline: Here… Have this cask of wine!","<sprite name=""tonneline""> Tonneline: Toma… ¡Quédate con este barril de vino!"
line:0969f39,"<sprite name=""tonneline""> Tonneline: I'll settle things with Alda after the Festival…","<sprite name=""tonneline""> Tonneline: Arreglaré mis asuntos con Alda después del Festival…"
line:0406f53,"<sprite name=""filomena""> Filomena: Hum...?","<sprite name=""filomena""> Filomena: ¿Hum...?"
line:064949d,"<sprite name=""filomena""> Filomena: Oh it's you! Wanna drink?","<sprite name=""filomena""> Filomena: ¡Ah, eres tú! ¿Quieres beber?"
line:0a76b47,"<sprite name=""filomena""> Filomena: Hmm… Ho! That's you!","<sprite name=""filomena""> Filomena: Mmm… ¡Oh! ¡Eres tú!"
line:00f89bb,"<sprite name=""filomena""> Filomena: What brings you here again, baladin?","<sprite name=""filomena""> Filomena: ¿Qué te trae por aquí otra vez, baladin?"
line:019c254,"<sprite name=""filomena""> Filomena: Hello traveler! Welcome to Mouliac!","<sprite name=""filomena""> Filomena: ¡Hola, viajero! ¡Te doy la bienvenida a Mouliac!"
line:0f830ae,"<sprite name=""filomena""> Filomena: May I help you?","<sprite name=""filomena""> Filomena: ¿Puedo ayudarte?"
line:0e2b76b,"<sprite name=""exclamation""><br><br>Ask about drinking the geyser","<sprite name=""exclamation""><br><br>Pedirle que beba del géiser"
line:01150ec,"<sprite name=""talk""><br><br>Tonneline...","<sprite name=""talk""><br><br>Tonneline..."
line:07ceeff,"<sprite name=""talk""><br><br>Ask about the place","<sprite name=""talk""><br><br>Preguntar por el lugar"
line:04f52d2,"<sprite name=""gold""><br><br>Buy","<sprite name=""gold""><br><br>Comprar"
line:0136b1b,"<sprite name=""trade""><br><br>Give","<sprite name=""trade""><br><br>Entregar"
line:0317c7f,"<sprite name=""leave""><br><br>Leave","<sprite name=""leave""><br><br>Irse"
line:063484f,"<sprite name=""filomena""> Filomena: Yeah it would look great on the tavern wall, but I don't have any more room!","<sprite name=""filomena""> Filomena: Sí, quedaría genial en la pared de la taberna, ¡pero ya no tengo espacio!"
line:0a3c342,"<sprite name=""filomena""> Filomena: I'm sorry, baladin. But I'm quite troubled by this thing with Tonneline!","<sprite name=""filomena""> Filomena: Lo siento, baladin. ¡Pero este asunto con Tonneline me tiene muy preocupada!"
line:0c7ef01,"<sprite name=""filomena""> Filomena: I've lost my thirst!","<sprite name=""filomena""> Filomena: ¡Hasta perdí la sed!"
line:0268f41,"<sprite name=""filomena""> Filomena: Something has changed inside me! I can't help you with your geyser anymore.","<sprite name=""filomena""> Filomena: ¡Algo cambió dentro de mí! Ya no puedo ayudarte con el géiser."
line:0abd3cc,"<sprite name=""filomena""> Filomena: That's what happens when I get too much attention…","<sprite name=""filomena""> Filomena: Eso me pasa cuando recibo demasiada atención…"
line:003cd7a,"<sprite name=""filomena""> Filomena: I'm so sorry, you'll have to find another way.","<sprite name=""filomena""> Filomena: Lo siento mucho, tendrás que buscar otra solución."
line:086475b,"<sprite name=""filomena""> Filomena: You want to challenge me again?","<sprite name=""filomena""> Filomena: ¿Quieres volver a desafiarme?"
line:045da12,"<sprite name=""filomena""> Filomena: Alright! Drink more than me and I'll help you with your geyser.","<sprite name=""filomena""> Filomena: ¡Muy bien! Bebe más que yo y te ayudaré con el géiser."
line:0688c62,"<sprite name=""filomena""> Filomena: Keep it on the downlow, though. I don't want the entire town to know about our little bet.","<sprite name=""filomena""> Filomena: Pero mantenlo en secreto. No quiero que todo el pueblo se entere de nuestra pequeña apuesta."
line:0d388eb,"<sprite name=""filomena""> Filomena: Me? Drink all the water of the geyser?","<sprite name=""filomena""> Filomena: ¿Yo? ¿Beber toda el agua del géiser?"
line:09354ce,"<sprite name=""filomena""> Filomena: Ugh! I hate that reputation! I'm not that much of a heavy drinker!","<sprite name=""filomena""> Filomena: ¡Uf! ¡Odio esa reputación! ¡No bebo tanto!"
line:0bb1c24,"<sprite name=""filomena""> Filomena: Why would I do that? It's not such a big deal!","<sprite name=""filomena""> Filomena: ¿Por qué haría eso? ¡Tampoco es para tanto!"
line:003a424,"<sprite name=""filomena""> Filomena: Look… what about a bet?","<sprite name=""filomena""> Filomena: Mira… ¿Qué te parece una apuesta?"
line:0acf4cb,"<sprite name=""filomena""> Filomena: If you can drink more than me, I'll help you!","<sprite name=""filomena""> Filomena: ¡Si puedes beber más que yo, te ayudaré!"
line:0fb0f15,"<sprite name=""physique"">{0}<br><br>Accept the challenge","<sprite name=""physique"">{0}<br><br>Aceptar el desafío"
line:0540770,Narrator: Filomena fills two barrels with ale.,Narrador: Filomena llena dos barriles de cerveza.
line:074cdcd,Narrator: She manages to empty her barrel within a few seconds.,Narrador: Consigue vaciar el suyo en pocos segundos.
line:083489f,Narrator: Even an ogre would struggle drinking this much!,Narrador: ¡Hasta un ogro tendría dificultades para beber tanto!
line:0ada7e7,"Narrator: But you empty your mind, take your time and manage to drink your barrel.","Narrador: Pero despejas la mente, te tomas tu tiempo y consigues vaciar tu barril."
line:0d9e871,"<sprite name=""no""><br><br>Decline","<sprite name=""no""><br><br>Rechazar"
line:01fe957,"<sprite name=""filomena""> Filomena: Well! Too bad for you!","<sprite name=""filomena""> Filomena: ¡Bueno! ¡Tú te lo pierdes!"
line:034e1c6,"<sprite name=""filomena""> Filomena: But don't spread the rumor that I'm the heaviest drinker around!","<sprite name=""filomena""> Filomena: ¡Pero no difundas el rumor de que soy quien más bebe por aquí!"
line:0849e42,Narrator: And even ask for another one!,Narrador: ¡Y hasta pides otro!
line:0a9d3d4,"<sprite name=""filomena""> Filomena: You... What?!","<sprite name=""filomena""> Filomena: Tú… ¿¡Qué!?"
line:03e0782,Narrator: She pours a second round with a shaky hand.,Narrador: Sirve una segunda ronda con la mano temblorosa.
line:0ad514a,Narrator: All the customers of the tavern are here to watch the contest!,Narrador: ¡Todos los clientes de la taberna se acercan para presenciar el duelo!
line:0f90c9e,Narrator: The innkeeper seems uncomfortable being the center of attention.,Narrador: La posadera parece incómoda siendo el centro de atención.
line:0f2af2a,Narrator: She starts drinking but drops the cask midway through!,"Narrador: ¡Empieza a beber, pero suelta el barril a mitad de camino!"
line:0234056,"Narrator: You, on the other hand, manage to finish your second drink!","Narrador: ¡Tú, en cambio, consigues terminar tu segunda bebida!"
line:07f965e,"<sprite name=""filomena""> Filomena: Oops! Haha! Er... I think I just lost the bet!","<sprite name=""filomena""> Filomena: ¡Ups! ¡Ja, ja! Esto… ¡Creo que perdí la apuesta!"
line:080b1b6,"<sprite name=""filomena""> Filomena: Nobody can say I'm the heaviest drinker around, now!","<sprite name=""filomena""> Filomena: ¡Ahora nadie podrá decir que soy quien más bebe por aquí!"
line:0585152,"<sprite name=""filomena""> Filomena: I'll help you with your geyser! I'll meet you there!","<sprite name=""filomena""> Filomena: ¡Te ayudaré con el géiser! ¡Nos vemos allí!"
line:0fd3591,"<sprite name=""filomena""> Filomena: Alright everybody! The show's over!","<sprite name=""filomena""> Filomena: ¡Muy bien, gente! ¡Se acabó el espectáculo!"
line:0e1bd30,Narrator: She goes back to work like nothing happened.,Narrador: Vuelve al trabajo como si nada hubiera pasado.
line:0a23781,Narrator: You need to rest for a minute.,Narrador: Necesitas descansar un momento.
line:0428b35,Narrator: Your mind wanders: did she let you win?,Narrador: Una duda te ronda la cabeza: ¿te dejó ganar?
line:09092bb,Narrator: You take a deep breath but you don't even manage to lift the barrel from the ground.,"Narrador: Respiras hondo, pero ni siquiera consigues levantar el barril del suelo."
line:08aaf86,Narrator: You dip your head into the ale and nearly drown.,Narrador: Metes la cabeza en la cerveza y casi te ahogas.
line:0eacb6d,"<sprite name=""filomena""> Filomena: Well… Not today I suppose…","<sprite name=""filomena""> Filomena: Bueno… Hoy no, supongo…"
line:044c1a3,Narrator: You lift the barrel from the ground and spill gallons of ale on your head.,Narrador: Levantas el barril y derramas litros de cerveza sobre tu cabeza.
line:01009fc,"<sprite name=""filomena""> Filomena: You know you're supposed to drink it, right?","<sprite name=""filomena""> Filomena: Sabes que debes beberla, ¿verdad?"
line:05339ef,Narrator: The direct contact with the ale makes you more resistant to alcohol.,Narrador: El contacto directo con la cerveza aumenta tu resistencia al alcohol.
line:0ff2713,"<sprite name=""filomena""> Filomena: Come back when you're in better shape!","<sprite name=""filomena""> Filomena: ¡Vuelve cuando estés en mejor forma!"
line:0c478ed,"<sprite name=""filomena""> Filomena: Well… Thanks!","<sprite name=""filomena""> Filomena: Bueno… ¡Gracias!"
line:0c12668,"<sprite name=""filomena""> Filomena: I think this will look great on the wall of my tavern!","<sprite name=""filomena""> Filomena: ¡Creo que quedará genial en la pared de mi taberna!"
line:0048184,"<sprite name=""filomena""> Filomena: What is… Oh my gods…","<sprite name=""filomena""> Filomena: ¿Qué es…? Ay, dioses…"
line:0f6a909,"<sprite name=""filomena""> Filomena: A letter from… Tonneline?","<sprite name=""filomena""> Filomena: ¿Una carta de… Tonneline?"
line:0b31206,"<sprite name=""filomena""> Filomena: Listing all my… “qualities, wonders and delights”?","<sprite name=""filomena""> Filomena: ¿Una lista de todas mis… «cualidades, maravillas y encantos»?"
line:05bdb1b,"<sprite name=""filomena""> Filomena: In alphabetical order?","<sprite name=""filomena""> Filomena: ¿En orden alfabético?"
line:028ea8d,"<sprite name=""filomena""> Filomena: With weird annotations in lutin dialect?","<sprite name=""filomena""> Filomena: ¿Con anotaciones extrañas en dialecto de los duendes?"
line:05363d7,"<sprite name=""filomena""> Filomena: That's… Unexpected!","<sprite name=""filomena""> Filomena: Esto es… ¡inesperado!"
line:09abbed,"<sprite name=""filomena""> Filomena: I… Can't…","<sprite name=""filomena""> Filomena: Yo… No puedo…"
line:09679b5,Narrator: She blushes and disappears into a room behind the counter.,Narrador: Se sonroja y desaparece en una habitación detrás de la barra.
line:01e483c,Narrator: You've never seen the innkeeper so bothered!,Narrador: ¡Nunca habías visto tan alterada a la posadera!
line:0bb779b,Narrator: It seems that Tonneline the winemaker is in love with Filomena. And the innkeeper surely has feelings for her too!,"Narrador: Parece que Tonneline, la vinicultora, está enamorada de Filomena. ¡Y está claro que la posadera también siente algo por ella!"
line:036a53e,Narrator: You should talk about it with Tonneline.,Narrador: Deberías hablar de esto con Tonneline.
line:0c2ce14,"<sprite name=""filomena""> Filomena: I'm Filomena and I founded this tavern.","<sprite name=""filomena""> Filomena: Soy Filomena y fundé esta taberna."
line:0480d38,"<sprite name=""filomena""> Filomena: You're in the lovely town of Mouliac! The beating heart of the vineyards.","<sprite name=""filomena""> Filomena: ¡Estás en el encantador pueblo de Mouliac, el corazón de los viñedos!"
line:080cf1b,"<sprite name=""filomena""> Filomena: It's pretty quiet most of the year…","<sprite name=""filomena""> Filomena: Es bastante tranquilo durante casi todo el año…"
line:01f2500,"<sprite name=""filomena""> Filomena: But when summer ends, everyone in Gatherac travels here to attend the great Peace Festival!","<sprite name=""filomena""> Filomena: Pero al terminar el verano, ¡todo Gatherac viene para asistir al gran Festival de la Paz!"
line:01e1b2d,"<sprite name=""filomena""> Filomena: Since the best wine is made around here, it's more convenient to have a party on site! Haha!","<sprite name=""filomena""> Filomena: Como el mejor vino se elabora aquí, ¡es más práctico celebrar la fiesta en el lugar! ¡Ja, ja!"
line:0e887bf,"<sprite name=""filomena""> Filomena: But you should know better than me, you're one of the organizers!","<sprite name=""filomena""> Filomena: Pero tú debes saberlo mejor que yo, ¡eres parte de la organización!"
line:050eeee,"<sprite name=""filomena""> Filomena: Oh, you know... We started seeing each other outside of work.","<sprite name=""filomena""> Filomena: Ah, ya sabes… Empezamos a vernos fuera del trabajo."
line:04ab811,"<sprite name=""filomena""> Filomena: And it's been going great for now.","<sprite name=""filomena""> Filomena: Y por ahora todo marcha de maravilla."
line:05b56e7,"Narrator: Filomena stares in the distance with a candid smile, before she realizes that you're still here.","Narrador: Filomena contempla la distancia con una sonrisa inocente, hasta que se da cuenta de que aún estás aquí."
line:0388420,"<sprite name=""filomena""> Filomena: But... What am I talking about?! That's none of your business!","<sprite name=""filomena""> Filomena: Pero… ¿¡Qué estoy diciendo!? ¡No es asunto tuyo!"
line:05bc676,"<sprite name=""filomena""> Filomena: Wanna drink something?","<sprite name=""filomena""> Filomena: ¿Quieres beber algo?"
line:0fe8281,"<sprite name=""alda""> Alda: Hello dear baladin!","<sprite name=""alda""> Alda: ¡Hola, querido baladin!"
line:00ac0dc,"<sprite name=""alda""> Alda: How may I help you in your quest?","<sprite name=""alda""> Alda: ¿Cómo puedo ayudarte en tu misión?"
line:0939830,"<sprite name=""knowledge"">{0}<br><br>Listen to old songs","<sprite name=""knowledge"">{0}<br><br>Escuchar canciones antiguas"
line:0e8f604,"<sprite name=""tonneline""><br><br>Tell about Tonneline","<sprite name=""tonneline""><br><br>Hablarle de Tonneline"
line:02299bc,"<sprite name=""talk""><br><br>Ask about the place","<sprite name=""talk""><br><br>Preguntar por el lugar"
line:0bfbc58,"<sprite name=""trade""><br><br>Give","<sprite name=""trade""><br><br>Entregar"
line:09ea3ae,"<sprite name=""leave""><br><br>Leave","<sprite name=""leave""><br><br>Irse"
line:0cfdc7f,"<sprite name=""alda""> Alda: A present for your beloved Alda?","<sprite name=""alda""> Alda: ¿Un regalo para tu querida Alda?"
line:0e4da70,"<sprite name=""alda""> Alda: Oh, thank you! But the Guild Hall is already crowded.","<sprite name=""alda""> Alda: ¡Oh, gracias! Pero el salón del gremio ya está abarrotado."
line:03b037b,Narrator: You listen to old songs recorded on wax cylinders by troubadours from the first days of the Guild.,Narrador: Escuchas viejas canciones grabadas en cilindros de cera por trovadores de los primeros días del gremio.
line:04f08b3,Narrator: You focus and think hard to understand the lyrics.,Narrador: Te concentras y haces un gran esfuerzo para comprender la letra.
line:021e6f3,Narrator: It's a tale about a dragon who came from the depth of the earth.,Narrador: Cuenta la historia de un dragón que llegó desde las profundidades de la tierra.
line:00abd49,"Narrator: ""And the dragon started to eat, and eat, and eat.""","Narrador: «Y el dragón comenzó a comer, y comer, y comer»."
line:0b883df,"Narrator: ""'T'was a beast the mightiest warriors could not defeat!""",Narrador: «¡Era una bestia que ni los guerreros más fuertes podían vencer!»
line:0c374b4,"Narrator: ""The dragon ate so much it even ate Time!""",Narrador: «¡El dragón comió tanto que hasta devoró el Tiempo!»
line:0ea1e47,"Narrator: ""And the world repeated itself, in an uninspired rhyme.""","Narrador: «Y el mundo volvió a empezar, con una rima sin inspiración»."
line:0987d32,Narrator: Well... That's a weird song.,Narrador: Bueno… Es una canción extraña.
line:09526cd,Narrator: You try your best to pay attention to the lyrics.,Narrador: Te esfuerzas al máximo por prestar atención a la letra.
line:00fdf5b,Narrator: It's gibberish to your ears.,Narrador: A tus oídos no es más que un galimatías.
line:04b4480,Narrator: But at least you tried and picked up a word or two.,Narrador: Pero al menos lo intentaste y lograste captar una o dos palabras.
line:035bab3,"<sprite name=""alda""> Alda: Come back when you've learned more about the world.","<sprite name=""alda""> Alda: Regresa cuando hayas aprendido más sobre el mundo."
line:0d0ab20,"<sprite name=""alda""> Alda: A more educated baladin should manage to understand it eventually.","<sprite name=""alda""> Alda: Un baladin más instruido debería poder entenderla tarde o temprano."
line:0c377d9,"<sprite name=""alda""> Alda: You literally just spent your entire summer here, right?","<sprite name=""alda""> Alda: Literalmente acabas de pasar todo el verano aquí, ¿verdad?"
line:0a55250,"<sprite name=""alda""> Alda: Even entertainers need a home to come back to.","<sprite name=""alda""> Alda: Incluso los artistas necesitan un hogar al cual regresar."
line:0475e78,"<sprite name=""alda""> Alda: That's why the Guild built this place!","<sprite name=""alda""> Alda: ¡Por eso el gremio construyó este lugar!"
line:0fa3f44,"<sprite name=""alda""> Alda: It used to be an old apiary.","<sprite name=""alda""> Alda: Antes era un antiguo apiario."
line:09d3182,"<sprite name=""alda""> Alda: The bees accepted the baladins… as long as they took care of them.","<sprite name=""alda""> Alda: Las abejas aceptaron a los baladins… siempre que cuidaran de ellas."
line:0c9c49d,"<sprite name=""alda""> Alda: And we found out the beeswax could be used to record our songs!","<sprite name=""alda""> Alda: ¡Y descubrimos que podíamos usar la cera de abeja para grabar nuestras canciones!"
line:09165f5,"<sprite name=""alda""> Alda: Oh. Well.","<sprite name=""alda""> Alda: Ah. Bueno."
line:0f6e7f4,"<sprite name=""alda""> Alda: Do you remember the dragon problem?","<sprite name=""alda""> Alda: ¿Recuerdas el problema con el dragón?"
line:0849acf,"<sprite name=""alda""> Alda: We're not really looking to organize the Peace Festival at the moment...","<sprite name=""alda""> Alda: En este momento no estamos precisamente pensando en organizar el Festival de la Paz…"
line:03e8d20,"<sprite name=""alda""> Alda: You can keep the wine. Surely Colobra will appreciate it!","<sprite name=""alda""> Alda: Puedes quedarte con el vino. ¡Seguro que Colobra lo apreciará!"
line:0ea3801,"<sprite name=""alda""> Alda: Great! I see Tonneline has finally come to her senses!","<sprite name=""alda""> Alda: ¡Genial! ¡Veo que Tonneline por fin entró en razón!"
line:03a0916,"<sprite name=""alda""> Alda: With this wine, the real Peace Festival can take place!","<sprite name=""alda""> Alda: ¡Con este vino podrá celebrarse el verdadero Festival de la Paz!"
line:03a677d,"<sprite name=""alda""> Alda: I mean… Not that drinking wine is necessary… But it's a matter of tradition!","<sprite name=""alda""> Alda: Quiero decir… No es que beber vino sea indispensable… ¡Pero es una cuestión de tradición!"
line:099aff7,"<sprite name=""alda""> Alda: I just hope you didn't have to steal it!","<sprite name=""alda""> Alda: ¡Solo espero que no hayas tenido que robarlo!"
line:0216866,"<sprite name=""alda""> Alda: But a sweetheart like you couldn't steal anything!","<sprite name=""alda""> Alda: Aunque alguien tan encantador como tú nunca robaría nada."
line:0236635,"<sprite name=""alda""> Alda: Thanks! The Guild and the people of Gatherac owe you one!","<sprite name=""alda""> Alda: ¡Gracias! ¡El gremio y la gente de Gatherac están en deuda contigo!"
line:072778e,"<sprite name=""alda""> Alda: Still jealous of me, isn't she?","<sprite name=""alda""> Alda: Sigue celosa de mí, ¿verdad?"
line:0a227c7,"<sprite name=""alda""> Alda: What a pity! I don't want people to be upset because of me!","<sprite name=""alda""> Alda: ¡Qué lástima! ¡No quiero que nadie se disguste por mi culpa!"
line:0ec48eb,"<sprite name=""alda""> Alda: But still, I can't dedicate the Peace Festival to a single person.","<sprite name=""alda""> Alda: Aun así, no puedo dedicarle el Festival de la Paz a una sola persona."
line:03a00c7,"<sprite name=""alda""> Alda: It's a celebration of the people of Gatherac! No individual should get all the credit!","<sprite name=""alda""> Alda: ¡Es una celebración de toda la gente de Gatherac! ¡Nadie debería llevarse todo el mérito!"
line:07c71cb,"<sprite name=""alda""> Alda: The Festival is about being nice to each other. Maybe if you help her with something, she will help us in return?","<sprite name=""alda""> Alda: El Festival consiste en tratarnos bien. Quizá, si la ayudas con algo, ella nos ayude a cambio."
line:0f31ed7,"<sprite name=""alda""> Alda: What's this? You found a cylinder!","<sprite name=""alda""> Alda: ¿Qué es esto? ¡Encontraste un cilindro!"
line:0666337,"<sprite name=""alda""> Alda: Let's listen to it right now!","<sprite name=""alda""> Alda: ¡Escuchémoslo ahora mismo!"
line:06bf3fd,Narrator: Alda brings her phonograph and plays the wax cylinder.,Narrador: Alda trae su fonógrafo y reproduce el cilindro de cera.
line:0ea9116,"Narrator: The recording is old, but among the cracking sound and white noise, a voice can be heard:","Narrador: La grabación es antigua, pero entre los crujidos y el ruido de fondo se escucha una voz:"
line:0c4fdcb,"Narrator: ""My name is Goliard, and I'm a proud baladin of the Ensemble.""",Narrador: «Me llamo Goliard y soy un orgulloso baladin del Conjunto».
line:0195ce2,"Narrator: ""A wicked dragon named Colobra descended upon us and challenged us to do good.""",Narrador: «Un dragón malvado llamado Colobra descendió sobre nosotros y nos desafió a hacer el bien».
line:0052dc9,"Narrator: ""It eats everything and sends us baladins back in time, over and over again.""","Narrador: «Lo devora todo y nos envía a los baladins atrás en el tiempo, una y otra vez»."
line:09afbaf,"Narrator: ""I discovered that the beast loved the taste of our wax cylinders, and I sacrificed them all, but it wasn't enough.""","Narrador: «Descubrí que a la bestia le encantaba el sabor de nuestros cilindros de cera y los sacrifiqué todos, pero no fue suficiente»."
line:060f0c3,"Narrator: ""It's not here to eat. It's here to warn us, to protect us from ourselves.""","Narrador: «No está aquí para comer. Está aquí para advertirnos, para protegernos de nosotros mismos»."
line:0ec4494,"Narrator: ""If we are to lift the curse, we, the baladins, need to remember our true purpose in this world.""","Narrador: «Si queremos romper la maldición, nosotros, los baladins, debemos recordar nuestro verdadero propósito en este mundo»."
line:07bd026,"Narrator: ""We must bring people together, at all costs. That's why we're organizing a great festival in Mouliac.""","Narrador: «Debemos unir a la gente, cueste lo que cueste. Por eso estamos organizando un gran festival en Mouliac»."
line:0888914,"Narrator: ""If you're listening to this, it means that we succeeded and we haven't gone back in time again.""","Narrador: «Si escuchas esto, significa que lo logramos y que no hemos vuelto a retroceder en el tiempo»."
line:071fe75,"<sprite name=""alda""> Alda: So... Colobra isn't our enemy? They're here to warn us?","<sprite name=""alda""> Alda: Entonces… ¿Colobra no es nuestro enemigo? ¿Está aquí para advertirnos?"
line:0f37f04,"<sprite name=""alda""> Alda: It's a fact, fewer and fewer people come to the Peace Festival every year...","<sprite name=""alda""> Alda: Es cierto, cada año viene menos gente al Festival de la Paz…"
line:0c05c34,"<sprite name=""alda""> Alda: But I had no idea that the festival was this important for the safety of our land!","<sprite name=""alda""> Alda: ¡Pero no tenía idea de que el festival fuera tan importante para la seguridad de nuestra tierra!"
line:054ba18,"<sprite name=""alda""> Alda: Baladin! We know our true mission is more important than amusing people! We must bring them together.","<sprite name=""alda""> Alda: ¡Baladin! ¡Ahora sabemos que nuestra verdadera misión es más importante que divertir a la gente! Debemos unirla."
line:01e405c,"<sprite name=""alda""> Alda: And now we know where all our archives have gone...","<sprite name=""alda""> Alda: Y ahora sabemos adónde fueron a parar todos nuestros archivos…"
line:0e78834,"<sprite name=""alda""> Alda: It's the same cylinder. We won't learn anything new.","<sprite name=""alda""> Alda: Es el mismo cilindro. No aprenderemos nada nuevo."
line:089444a,"<sprite name=""alda""> Alda: You can keep it or give it to Colobra. They seem to like it!","<sprite name=""alda""> Alda: Puedes conservarlo o dárselo a Colobra. ¡Parece que le gusta!"
line:0802a76,Narrator: You help beekeepers with their tasks.,Narrador: Ayudas a los apicultores con sus tareas.
line:008489a,Narrator: The queen bee is so pleased with your services that she offers you some royal jelly!,Narrador: ¡La abeja reina está tan satisfecha con tus servicios que te ofrece un poco de jalea real!
line:0e32687,"Narrator: As gentle as you are, you still need strong reflexes to dodge a few bee stings.","Narrador: Por muy cuidadoso que seas, necesitas buenos reflejos para esquivar algunos aguijonazos."
line:015d981,Narrator: You manage to gather a small pot of honey.,Narrador: Consigues recolectar un pequeño tarro de miel.
line:07ed2bd,"Narrator: As sneaky as you are, the bees are swarming around you and you can't approach the hive.","Narrador: Por muy sigiloso que seas, las abejas te rodean y no puedes acercarte a la colmena."
line:0f6e65d,"Narrator: You're so clumsy that you hit the beehive and it falls, spilling all the honey on the floor.","Narrador: Eres tan torpe que golpeas la colmena y esta cae, derramando toda la miel por el suelo."
line:0f79956,Narrator: The bees are furious and chase you around until sundown.,Narrador: Las abejas se enfurecen y te persiguen hasta el anochecer.
line:0528475,"<sprite name=""finesse"">{0}<br><br>The normal way","<sprite name=""finesse"">{0}<br><br>De la forma normal"
line:0f30c21,"<sprite name=""dancer"">{0}<br><br>By dancing!","<sprite name=""dancer"">{0}<br><br>¡Bailando!"
line:065b826,Narrator: You approach the hive on the tip of your toes and bees start to flow around you.,Narrador: Te acercas a la colmena de puntillas y las abejas empiezan a revolotear a tu alrededor.
line:0f7624b,"Narrator: This way, collecting honey is fun for everybody!",Narrador: ¡Así recolectar miel resulta divertido para todo el mundo!
line:0972f3d,Narrator: You find a tunnel full of beautiful stalactites…,Narrador: Encuentras un túnel lleno de hermosas estalactitas…
line:0396104,Narrator: And stalagmites!,Narrador: ¡Y estalagmitas!
line:0c792ff,Narrator: It’s too tempting. You just want to break some.,Narrador: Es demasiado tentador. Solo quieres romper algunas.
line:0eb0474,"Narrator: Actually, breaking one is enough to quench your thirst for destruction.","Narrador: En realidad, romper una basta para saciar tu sed de destrucción."
line:04c0d15,Narrator: You manage to cut the stalactite clean and decide to keep it.,Narrador: Consigues cortar limpiamente la estalactita y decides quedártela.
line:0189943,Narrator: You push hard. Harder. Harder!,Narrador: Empujas con fuerza. ¡Más fuerte! ¡Más fuerte!
line:096c422,Narrator: But it’s not working. You can’t break anything.,Narrador: Pero no funciona. No consigues romper nada.
line:0d04f6e,"Narrator: As you break a stalactite, a loud rumbling echoes through the cave.","Narrador: Cuando rompes una estalactita, un fuerte estruendo resuena por la cueva."
line:0a3c71c,Narrator: You manage to escape the tunnel before it collapses and swear you won't do anything this foolish in the future.,Narrador: Consigues escapar antes de que el túnel se derrumbe y juras no volver a hacer algo tan insensato.
line:01b7b85,Narrator: You spend the night playing cards in the tavern.,Narrador: Pasas la noche jugando a las cartas en la taberna.
line:0ce120f,"Narrator: Luck shines upon you, and you're quite skillful at the game.",Narrador: La suerte te sonríe y demuestras mucha habilidad en el juego.
line:0b0c0b9,Narrator: You win big and know when to stop playing!,Narrador: ¡Ganas mucho y sabes cuándo dejar de jugar!
line:083707c,"Narrator: You're not very lucky, and your opponents are quite skillful.",Narrador: No tienes mucha suerte y tus rivales juegan muy bien.
line:0046246,"Narrator: You lose a few hands, but have enough sense to stop playing.","Narrador: Pierdes algunas manos, pero tienes suficiente sentido común para retirarte."
line:0292514,"Narrator: You're not very lucky, and your opponents are quite skillful.",Narrador: No tienes mucha suerte y tus rivales juegan muy bien.
line:046b11e,Narrator: You lose every game you play and keep trying despite your losses.,"Narrador: Pierdes todas las partidas, pero sigues intentándolo a pesar de tus pérdidas."
line:079e184,Narrator: They say old wines encapsulate memories of the year the grapes were grown.,Narrador: Dicen que los vinos añejos conservan recuerdos del año en que se cultivaron sus uvas.
line:0bcf89a,Narrator: You have to know how to taste a wine properly!,Narrador: ¡Hay que saber catar un vino correctamente!
line:01e0e3b,Narrator: And you sure do!,Narrador: ¡Y vaya si sabes hacerlo!
line:00c300c,Narrator: You see a vision of an old secret passage leading to the castle's cellar!,Narrador: ¡Tienes una visión de un antiguo pasadizo secreto que conduce a la bodega del castillo!
line:0fa9457,Narrator: A precious piece of information that must not fall into the wrong hands.,Narrador: Una información valiosa que no debe caer en las manos equivocadas.
line:0fca827,Narrator: And you sure do!,Narrador: ¡Y vaya si sabes hacerlo!
line:016082d,"Narrator: While taking a sip, you manage to catch a glimpse of the spirit of ancient times.",Narrador: Al dar un sorbo consigues vislumbrar el espíritu de tiempos antiguos.
line:06d52e5,Narrator: But you don’t.,Narrador: Pero no sabes hacerlo.
line:0b30192,"Narrator: You have a few glasses of wine. As delicious as it is, you don't feel anything special.","Narrador: Bebes unas copas de vino. Por delicioso que sea, no sientes nada especial."
line:02d9bf4,Narrator: But something must have gone wrong with this cask.,Narrador: Pero algo debe haber salido mal con este barril.
line:0eec345,Narrator: You faint and have terrible nightmares. You wake up with a strong headache.,Narrador: Te desmayas y sufres pesadillas terribles. Despiertas con un fuerte dolor de cabeza.
line:0e0fc55,"Narrator: You meet Cameli the tailor, covered with pigeon droppings.","Narrador: Te encuentras con el sastre Cameli, cubierto de excremento de paloma."
line:0b49e06,"<sprite name=""tailor""> Cameli: I HATE this city! Can't we take a dozen steps without being soiled?","<sprite name=""tailor""> Cameli: ¡ODIO esta ciudad! ¿No se pueden dar doce pasos sin acabar cubierto de suciedad?"
line:0eac25a,"<sprite name=""finesse"">{0} + <sprite name=""creation"">{1}<br><br>Create a new fashion","<sprite name=""finesse"">{0} + <sprite name=""creation"">{1}<br><br>Crear una nueva moda"
line:0c03be4,"<sprite name=""leave""><br><br>Walk along","<sprite name=""leave""><br><br>Seguir caminando"
line:0414585,"<sprite name=""trade""><br><br>Give","<sprite name=""trade""><br><br>Entregar"
line:0f8a8a7,"Narrator: It's not the duty of a baladin, you think.","Narrador: No es deber de un baladin, piensas."
line:068cc22,Narrator: You hear Cameli rumbling as you walk away from him.,Narrador: Oyes a Cameli refunfuñar mientras te alejas.
line:0cca745,Narrator: You hand the soap to the tailor and he starts rubbing his clothes with it.,"Narrador: Le entregas el jabón al sastre, que empieza a frotarlo contra su ropa."
line:0f75155,"<sprite name=""tailor""> Cameli: It seems to come off...","<sprite name=""tailor""> Cameli: Parece que está saliendo..."
line:0770e21,Narrator: You light up some incense for the tailor.,Narrador: Enciendes un poco de incienso para el sastre.
line:01ebf81,"<sprite name=""tailor""> Cameli: What's that smell?","<sprite name=""tailor""> Cameli: ¿Qué es ese aroma?"
line:048d021,"<sprite name=""tailor""> Cameli: It smells... so good.","<sprite name=""tailor""> Cameli: Huele... muy bien."
line:030eeef,"<sprite name=""tailor""> Cameli: What was I saying? Nevermind. I need to go enjoy the delights of this world.","<sprite name=""tailor""> Cameli: ¿Qué estaba diciendo? No importa. Debo ir a disfrutar los placeres de este mundo."
line:02fedcc,"<sprite name=""tailor""> Cameli: What is this rag?","<sprite name=""tailor""> Cameli: ¿Qué es este harapo?"
line:03ee964,"<sprite name=""tailor""> Cameli: I guess I don't have much choice...","<sprite name=""tailor""> Cameli: Supongo que no tengo muchas opciones..."
line:0c48a92,Narrator: The tailor covers himself with the clothes you gave him.,Narrador: El sastre se cubre con la ropa que le diste.
line:0c09573,"Narrator: The way he wears it around his shoulders is uncommon, but definitely stylish.","Narrador: La forma en que la lleva sobre los hombros es inusual, pero indudablemente elegante."
line:03c9abf,"<sprite name=""tailor""> Cameli: You're lucky I can pull anything off!","<sprite name=""tailor""> Cameli: ¡Tienes suerte de que todo me quede bien!"
line:04fdd35,"<sprite name=""tailor""> Cameli: What should I do with all this garbage?","<sprite name=""tailor""> Cameli: ¿Qué se supone que haga con toda esta basura?"
line:02334e1,"<sprite name=""tailor""> Cameli: Out of my way, you useless jester!","<sprite name=""tailor""> Cameli: ¡Fuera de mi camino, bufón inútil!"
line:0ebc6bf,"<sprite name=""tailor""> Cameli: Thank you, baladin. I kinda owe you one.","<sprite name=""tailor""> Cameli: Gracias, baladin. Creo que te debo una."
line:0fff643,"<sprite name=""tailor""> Cameli: Come and see me at Backstage Alley if you need fabric.","<sprite name=""tailor""> Cameli: Ven a verme al Callejón de los Bastidores si necesitas tela."
line:0841d97,Narrator: You try to convince Cameli that these droppings make a killer look!,Narrador: ¡Intentas convencer a Cameli de que ese excremento le da un aspecto sensacional!
line:0ad90c6,"<sprite name=""tailor""> Cameli: Meow, meow... Now that you mention it...","<sprite name=""tailor""> Cameli: Miau, miau... Ahora que lo mencionas..."
line:0adf669,"<sprite name=""tailor""> Cameli: It adds asymmetry! It's breaking the structure! The rules!","<sprite name=""tailor""> Cameli: ¡Aporta asimetría! ¡Rompe la estructura! ¡Las reglas!"
line:0addbea,"<sprite name=""tailor""> Cameli: I love it! And it's so <i>not bourgeois</i>!","<sprite name=""tailor""> Cameli: ¡Me encanta! ¡Y es tan <i>poco burgués</i>!"
line:0cab767,"<sprite name=""tailor""> Cameli: You have an eye, my friend. Come to my shop in Backstage Alley, if you need sewing!","<sprite name=""tailor""> Cameli: Tienes buen ojo. ¡Ven a mi tienda en el Callejón de los Bastidores si necesitas que cosa algo!"
line:025f2d5,Narrator: You feel validated.,Narrador: Te sientes valorado.
line:0df368e,"<sprite name=""tailor""> Cameli: Are you kidding?","<sprite name=""tailor""> Cameli: ¿Estás bromeando?"
line:0916afe,"<sprite name=""tailor""> Cameli: I'm sure you like bathing in a pigsty everyday, but I have manners and a sense of hygiene.","<sprite name=""tailor""> Cameli: Seguro que disfrutas bañarte a diario en una pocilga, pero yo tengo modales y sentido de la higiene."
line:071233c,"<sprite name=""tailor""> Cameli: Don't you dare make fun of fashion in front of me again.","<sprite name=""tailor""> Cameli: No vuelvas a burlarte de la moda delante de mí."
line:05d522c,Narrator: That had to hurt!,Narrador: ¡Eso debió doler!
line:071e4ad,"Narrator: You stumble upon Petreize, the local drunkard, sitting on the side of the road.","Narrador: Te encuentras con Petreize, la persona ebria del lugar, sentada al borde del camino."
line:0a49da9,Narrator: They're contemplating a collection of mugs full of ale.,Narrador: Contempla una colección de jarras llenas de cerveza.
line:04cadc3,"<sprite name=""drunkard""> Petreize: Would you care to play, baladin?","<sprite name=""drunkard""> Petreize: ¿Te apetece jugar, baladin?"
line:0e1fb0f,"<sprite name=""drunkard""> Petreize: It's called ""Beer Paume"" and it only requires a bit of dexterity...","<sprite name=""drunkard""> Petreize: Se llama «Pelota Cervecera» y solo requiere un poco de destreza..."
line:0963149,"<sprite name=""drunkard""> Petreize: ...and a coin!","<sprite name=""drunkard""> Petreize: ...¡y una moneda!"
line:002a8eb,"<sprite name=""physique"">{0}<br><br>Play","<sprite name=""physique"">{0}<br><br>Jugar"
line:0dcd257,"<sprite name=""no""><br><br>Decline","<sprite name=""no""><br><br>Rechazar"
line:0e59c68,"<sprite name=""trade""><br><br>Give","<sprite name=""trade""><br><br>Entregar"
line:07d945b,Narrator: You manage to throw a wooden ball in your opponent's mug every time you try!,Narrador: ¡Logras lanzar una pelota de madera dentro de la jarra de tu oponente en cada intento!
line:0a7b2d1,"Narrator: Of course, you're not as drunk as they are, but still, it's remarkable.","Narrador: Claro que no has bebido tanto como Petreize, pero aun así es notable."
line:0ca30e4,"<sprite name=""drunkard""> Petreize: Grah! It's not so much fun when you lose so much!","<sprite name=""drunkard""> Petreize: ¡Grr! ¡No es tan divertido cuando pierdes tanto!"
line:0f49d6c,"<sprite name=""drunkard""> Petreize: Take your money and get lost!","<sprite name=""drunkard""> Petreize: ¡Toma tu dinero y lárgate!"
line:04b3dc7,Narrator: Throwing your wooden ball in your opponent's mug appears to be more difficult than expected.,Narrador: Lanzar la pelota de madera dentro de la jarra de tu oponente resulta más difícil de lo esperado.
line:003fa1f,Narrator: And it becomes harder with each drink you down.,Narrador: Y se vuelve más difícil con cada trago que tomas.
line:045b26e,"Narrator: Petreize, on the other hand, is quite skillful despite their inebriation.","Narrador: Petreize, en cambio, demuestra mucha habilidad a pesar de la embriaguez."
line:0bf40b5,"<sprite name=""drunkard""> Petreize: Your loss! Could've been fun!","<sprite name=""drunkard""> Petreize: ¡Tú te lo pierdes! ¡Podría haber sido divertido!"
line:0369c07,"<sprite name=""drunkard""> Petreize: Think I'll just play by myself, as always...","<sprite name=""drunkard""> Petreize: Creo que jugaré a solas, como siempre..."
line:006cfed,"<sprite name=""drunkard""> Petreize: It might inspire me to write a poem. Who knows!","<sprite name=""drunkard""> Petreize: Tal vez me inspire para escribir un poema. ¡Quién sabe!"
line:060e043,"<sprite name=""drunkard""> Petreize: You bring me the famous money chicken!","<sprite name=""drunkard""> Petreize: ¡Me traes la famosa gallina de los huevos de oro!"
line:05cee3c,"<sprite name=""drunkard""> Petreize: No more gambling for me! Haha!","<sprite name=""drunkard""> Petreize: ¡Se acabaron las apuestas para mí! ¡Ja, ja!"
line:0429f64,"<sprite name=""drunkard""> Petreize: Well! You've got some good <i>spirit</i>, haha!","<sprite name=""drunkard""> Petreize: ¡Vaya! Tienes buen <i>espíritu</i>, ¡ja, ja!"
line:09a603e,"<sprite name=""drunkard""> Petreize: Hey I'm no beggar! I just wanna play!","<sprite name=""drunkard""> Petreize: ¡Oye, no mendigo! ¡Solo quiero jugar!"
line:0b46cf4,"Narrator: You see Petreize, the local drunkard, looking up to something.","Narrador: Ves a Petreize, la persona ebria del lugar, mirando hacia arriba."
line:08d4dd4,"Narrator: Looking up yourself, you discover a chicken perched on a store sign.","Narrador: Al levantar la mirada, descubres una gallina posada sobre el letrero de una tienda."
line:045a461,"<sprite name=""drunkard""> Petreize: Oi, baladin! Have you seen this beast?!","<sprite name=""drunkard""> Petreize: ¡Oye, baladin! ¡¿Viste a esta bestia?!"
line:050e832,"<sprite name=""drunkard""> Petreize: She's called Cagdolor!","<sprite name=""drunkard""> Petreize: ¡Se llama Cagdolor!"
line:0dfae0a,"<sprite name=""drunkard""> Petreize: 'Need to catch it! But I'm a bit too short, I'm afraid.","<sprite name=""drunkard""> Petreize: ¡Tengo que atraparla! Pero me temo que soy algo bajito."
line:0c1cd78,"<sprite name=""drunkard""> Petreize: Would you help me get back my chicken?","<sprite name=""drunkard""> Petreize: ¿Me ayudarías a recuperar mi gallina?"
line:06bec47,"<sprite name=""physique"">{0}<br><br>Jump for it","<sprite name=""physique"">{0}<br><br>Saltar por ella"
line:090eae8,"<sprite name=""finesse"">{0}<br><br>Make a trap","<sprite name=""finesse"">{0}<br><br>Preparar una trampa"
line:0cc2ec1,"<sprite name=""exclamation""><br><br>Refuse","<sprite name=""exclamation""><br><br>Negarse"
line:0969f26,"<sprite name=""trade""><br><br>Use something","<sprite name=""trade""><br><br>Usar algo"
line:0a4a6a9,Narrator: You jump and manage to catch the bird by surprise.,Narrador: Saltas y logras atrapar al ave por sorpresa.
line:05cae2c,"Narrator: When you touch the ground, a handful of gold coins falls from the chicken's... Bottom.","Narrador: Cuando tocas el suelo, un puñado de monedas de oro cae del... trasero de la gallina."
line:06f17a8,Narrator: The sign was higher than expected.,Narrador: El letrero estaba más alto de lo esperado.
line:010005c,"Narrator: You manage to jump high enough to scare the chicken, though.","Narrador: Aun así, logras saltar lo suficiente para asustar a la gallina."
line:0738e20,Narrator: You manage to set up a trap with stuff lying on the street and a lot of cunning.,"Narrador: Con objetos tirados en la calle y mucha astucia, logras preparar una trampa."
line:05f4a76,Narrator: It's very efficient and you manage to catch the chicken in a bucket.,Narrador: Es muy eficaz y consigues atrapar a la gallina dentro de un balde.
line:062775e,Narrator: The bird is shaking! You can hear something fall in the bottom of the bucket.,Narrador: ¡El ave está temblando! Oyes que algo cae al fondo del balde.
line:0662337,Narrator: Eggs? No! Gold coins!,Narrador: ¿Huevos? ¡No! ¡Monedas de oro!
line:0efd4ed,"Narrator: You try to fix a trap with things lying around in the street, but everything falls apart.","Narrador: Intentas improvisar una trampa con objetos de la calle, pero todo se desarma."
line:011b4ed,"<sprite name=""drunkard""> Petreize: Whaaat? Your loss, mate!","<sprite name=""drunkard""> Petreize: ¿Quééé? ¡Tú te lo pierdes!"
line:0f979c6,"<sprite name=""drunkard""> Petreize: But don't ask me for a favor!","<sprite name=""drunkard""> Petreize: ¡Pero no me pidas ningún favor!"
line:0770caf,"<sprite name=""drunkard""> Petreize: Oh, yeah. She... Does that. Apparently.","<sprite name=""drunkard""> Petreize: Ah, sí. Ella... hace eso. Al parecer."
line:07e9f3d,"<sprite name=""drunkard""> Petreize: Can you give it back to me?","<sprite name=""drunkard""> Petreize: ¿Puedes devolvérmelo?"
line:03c5183,"<sprite name=""exclamation""><br><br>Give it","<sprite name=""exclamation""><br><br>Entregarlo"
line:0e4b004,"<sprite name=""exclamation""><br><br>Keep it","<sprite name=""exclamation""><br><br>Quedárselo"
line:03aef45,"<sprite name=""drunkard""> Petreize: Ha! You're a true knight!","<sprite name=""drunkard""> Petreize: ¡Ja! ¡Eres un verdadero caballero!"
line:07ed824,"<sprite name=""drunkard""> Petreize: I'll make good use of it!","<sprite name=""drunkard""> Petreize: ¡Le daré buen uso!"
line:00154be,"<sprite name=""drunkard""> Petreize: Thank you baladin, you can keep the change!","<sprite name=""drunkard""> Petreize: Gracias, baladin. ¡Puedes quedarte con el cambio!"
line:005feb7,"<sprite name=""drunkard""> Petreize: That's true, you did all the hard work.","<sprite name=""drunkard""> Petreize: Es cierto, tú hiciste todo el trabajo duro."
line:0490d47,"<sprite name=""drunkard""> Petreize: But I could've used some coin for... purchases.","<sprite name=""drunkard""> Petreize: Pero me habrían servido algunas monedas para... comprar cosas."
line:0c2549d,"Narrator: The lutin seems unhappy, but too weak to fight for the chicken.","Narrador: Petreize parece molesto, pero está demasiado débil para pelear por la gallina."
line:08ed882,"Narrator: Frightened, the beast disappears by an open window and drops a few... gold coins?","Narrador: Asustada, la bestia desaparece por una ventana abierta y deja caer unas... ¿monedas de oro?"
line:0bd56df,"<sprite name=""drunkard""> Petreize: Grah! My money chicken! You imbecile!","<sprite name=""drunkard""> Petreize: ¡Grr! ¡Mi gallina del dinero! ¡Imbécil!"
line:0d7846f,"Narrator: The lutin runs after the bird, surprisingly swiftly.",Narrador: Petreize corre tras el ave con sorprendente rapidez.
line:0f030b5,Narrator: You grab the few coins laid by Cagdolor.,Narrador: Recoges las pocas monedas que puso Cagdolor.
line:0bf5fef,Narrator: You wave your weapon at Cagdolor.,Narrador: Agitas tu arma ante Cagdolor.
line:09c56ad,Narrator: Cagdolor looks at your belongings with curiosity. And a bit of disdain.,Narrador: Cagdolor observa tus pertenencias con curiosidad. Y con cierto desdén.
line:0454916,Narrator: The universal language.,Narrador: El lenguaje universal.
line:022fae0,Narrator: It's easy to lure the beast down from its sign with some food.,Narrador: Es fácil atraer a la bestia desde el letrero con algo de comida.
line:01b04df,Narrator: Cagdolor is so happy that she lays a few gold coins on the floor!,Narrador: ¡Cagdolor está tan feliz que pone unas monedas de oro en el suelo!
line:0ec5ac0,Narrator: You hear a familiar sound of flapping wings.,Narrador: Oyes el conocido sonido de unas alas batiendo.
line:0f62069,Narrator: A cocatrix swoops down on you!,Narrador: ¡Una cocatriz se abalanza sobre ti!
line:04d645f,Narrator: Beware! It's a dangerous animal!,Narrador: ¡Cuidado! ¡Es un animal peligroso!
line:0a60ccd,"<sprite name=""destruction"">{0}<br><br>Scare the beast","<sprite name=""destruction"">{0}<br><br>Asustar a la bestia"
line:0492612,"<sprite name=""physique"">{0}<br><br>Run","<sprite name=""physique"">{0}<br><br>Correr"
line:0b5a229,"<sprite name=""trade""><br><br>Give","<sprite name=""trade""><br><br>Entregar"
line:02ead26,Narrator: You storm into the cocatrix like a cannonball!,Narrador: ¡Te lanzas contra la cocatriz como una bala de cañón!
line:0a4b4b9,Narrator: You take the beast by surprise and appear more dangerous than you are!,Narrador: ¡Tomas a la bestia por sorpresa y pareces más peligroso de lo que eres!
line:0c79791,"Narrator: The serpentine bird flies away, never to be seen again. Surely.",Narrador: El ave serpentina se aleja volando para no volver jamás. Seguramente.
line:021bf33,Narrator: And you make eye-contact with the beast!,Narrador: ¡Y cruzas la mirada con la bestia!
line:08c6c68,Narrator: You run away before the cocatrix can strike!,Narrador: ¡Huyes antes de que la cocatriz pueda atacar!
line:0369df7,Narrator: The serpentine bird screeches behind your back as you run away.,Narrador: El ave serpentina chilla a tus espaldas mientras huyes.
line:0b2d070,"Narrator: Soon, you manage to ditch the monster through the streets of Hortegarde.",Narrador: Pronto logras despistar al monstruo por las calles de Hortegarde.
line:0b0b157,Narrator: Too slow!,Narrador: ¡Demasiado lento!
line:09303cf,Narrator: You hold up the mirror in front of your face.,Narrador: Sostienes el espejo frente a tu rostro.
line:0d910e9,Narrator: The beast has a glimpse of its own petrifying look.,Narrador: La bestia alcanza a ver su propia mirada petrificante.
line:07e3c1a,Narrator: And turn itself into stone!,Narrador: ¡Y se convierte en piedra!
line:0d80f8a,Narrator: Food is always a good distraction.,Narrador: La comida siempre es una buena distracción.
line:00f1897,"Narrator: While the beast is busy eating your leftovers, you run away.","Narrador: Mientras la bestia devora tus sobras, huyes."
line:061bd40,Narrator: You swing your weapon and strike the beast on the head!,Narrador: ¡Blandes tu arma y golpeas a la bestia en la cabeza!
line:0586296,Narrator: You throw random items at the beast.,Narrador: Arrojas objetos al azar contra la bestia.
line:05f4734,Narrator: You only manage to enrage it even more!,Narrador: ¡Solo consigues enfurecerla aún más!
line:03a289b,Narrator: The serpentine bird flies away with a naughty cackle.,Narrador: El ave serpentina se aleja volando con una risita traviesa.
line:04f384e,Narrator: You've been turned to stone by it's petrifying look!,Narrador: ¡Su mirada petrificante te convirtió en piedra!
line:0fd4f3e,"Narrator: Hopefully, this should be temporary.","Narrador: Con suerte, será temporal."
line:015e26a,Narrator: You hear flapping wings and crying children in the distance.,Narrador: Oyes aleteos y llantos de niños a lo lejos.
line:0978463,"Narrator: Horror! As you come closer, you see a cocatrix harassing Regnon!","Narrador: ¡Qué horror! Al acercarte, ¡ves una cocatriz acosando a Regnon!"
line:0145dc7,"<sprite name=""destruction"">{0}<br><br>Scare the beast","<sprite name=""destruction"">{0}<br><br>Asustar a la bestia"
line:0872a47,"<sprite name=""physique"">{0}<br><br>Save the lutin","<sprite name=""physique"">{0}<br><br>Salvar al lutin"
line:0b794b5,"<sprite name=""trade""><br><br>Give","<sprite name=""trade""><br><br>Entregar"
line:0984940,Narrator: You storm into the cocatrix like a cannonball!,Narrador: ¡Te lanzas contra la cocatriz como una bala de cañón!
line:098e5a9,Narrator: You take the beast by surprise and appear more dangerous than you are!,Narrador: ¡Tomas a la bestia por sorpresa y pareces más peligroso de lo que eres!
line:0941623,"Narrator: The serpentine bird flies away, never to be seen again. Surely.",Narrador: El ave serpentina se aleja volando para no volver jamás. Seguramente.
line:0a1d7a4,Narrator: The monster strikes your forehead with its beak. It hurts so bad!,Narrador: El monstruo te golpea la frente con el pico. ¡Duele muchísimo!
line:0c3a118,Narrator: You rub your painful skull and don't make eye-contact with the cocatrix.,Narrador: Te frotas el cráneo dolorido y evitas mirar a la cocatriz a los ojos.
line:01cf81d,Narrator: Regnon was not so lucky.,Narrador: Regnon no tuvo tanta suerte.
line:07617c4,"Narrator: As you dry your tears, you find the lutin has been turned to stone, and the cocatrix is gone.","Narrador: Mientras secas tus lágrimas, descubres que el lutin se convirtió en piedra y la cocatriz desapareció."
line:0feb1f8,Narrator: You run and grab the lutin before the cocatrix can strike!,Narrador: ¡Corres y atrapas al lutin antes de que la cocatriz pueda atacar!
line:0f9cf42,Narrator: The serpentine bird screeches behind your back as you run away with your friend.,Narrador: El ave serpentina chilla a tus espaldas mientras huyes con Regnon.
line:0b4f560,"Narrator: Soon, you manage to ditch the monster through the streets of Hortegarde.",Narrador: Pronto logras despistar al monstruo por las calles de Hortegarde.
line:05c3f0b,Narrator: Too slow! The serpentine bird flies away with a naughty cackle.,Narrador: ¡Demasiado tarde! El ave serpentina se aleja volando con una risita traviesa.
line:0de6cc0,Narrator: You realize the lutin between your arms has been turned to stone!,Narrador: ¡Descubres que el lutin que llevas entre los brazos se convirtió en piedra!
line:00cb2f7,Narrator: You hold up the mirror in front of your face.,Narrador: Sostienes el espejo frente a tu rostro.
line:0f40ef3,Narrator: The beast has a glimpse of its own petrifying look.,Narrador: La bestia alcanza a ver su propia mirada petrificante.
line:012eae4,Narrator: And turn itself into stone!,Narrador: ¡Y se convierte en piedra!
line:060f541,Narrator: Food is always a good distraction.,Narrador: La comida siempre es una buena distracción.
line:06cff36,"Narrator: While the beast is busy eating your leftovers, you run away with Regnon.","Narrador: Mientras la bestia devora tus sobras, huyes con Regnon."
line:0037cda,Narrator: You swing your weapon and strike the beast on the head!,Narrador: ¡Blandes tu arma y golpeas a la bestia en la cabeza!
line:02feff9,Narrator: You throw random items at the beast.,Narrador: Arrojas objetos al azar contra la bestia.
line:0441d5e,Narrator: You only manage to enrage it even more!,Narrador: ¡Solo consigues enfurecerla aún más!
line:0c4ec3b,"<sprite name=""carrierlutin""> Regnon: That was close! Thanks for saving my life, baladin!","<sprite name=""carrierlutin""> Regnon: ¡Estuvo cerca! ¡Gracias por salvarme la vida, baladin!"
line:0fcc083,"<sprite name=""carrierlutin""> Regnon: But it'll come back.","<sprite name=""carrierlutin""> Regnon: Pero volverá."
line:088ec35,"<sprite name=""carrierlutin""> Regnon: I think I should stop stealing mail. It's safer that way.","<sprite name=""carrierlutin""> Regnon: Creo que debería dejar de robar el correo. Es más seguro así."
line:0ab1313,"<sprite name=""carrierlutin""> Regnon: Here, you can have it. I'll keep it low for a while.","<sprite name=""carrierlutin""> Regnon: Toma, puedes quedártelo. Mantendré un perfil bajo por un tiempo."
line:01aff4a,Narrator: A silhouette storms into your direction.,Narrador: Una silueta avanza furiosamente hacia ti.
line:07f3277,"<sprite name=""fanhater""> Joh: I saw a baladin on stage the other day!","<sprite name=""fanhater""> Joh: ¡El otro día vi a un baladin en el escenario!"
line:07c4924,"<sprite name=""fanhater""> Joh: I’ve to admit: it was one of the greatest theater experiences I had in my life!","<sprite name=""fanhater""> Joh: Debo admitirlo: ¡fue una de las mejores experiencias teatrales de mi vida!"
line:0f5b2b9,"<sprite name=""fanhater""> Joh: Would you be so kind as to sign an autograph for me?","<sprite name=""fanhater""> Joh: ¿Tendrías la amabilidad de darme un autógrafo?"
line:0dc991e,"<sprite name=""yes""><br><br>Accept","<sprite name=""yes""><br><br>Aceptar"
line:01f1d16,"<sprite name=""exclamation""><br><br>Ask for Gold","<sprite name=""exclamation""><br><br>Pedir oro"
line:05daeee,"<sprite name=""no""><br><br>Decline","<sprite name=""no""><br><br>Rechazar"
line:0ae60ba,"<sprite name=""fanhater""> Joh: Really? Oh thank you so much! I’m your greatest fan!","<sprite name=""fanhater""> Joh: ¿De verdad? ¡Muchas gracias! ¡Soy quien más te admira!"
line:0d70dc5,Narrator: You hand them a piece of paper with your name written on it.,Narrador: Le entregas un trozo de papel con tu nombre escrito.
line:081b040,Narrator: The look of sheer bliss in their eyes is quite inspiring. You feel fantastic!,Narrador: La dicha absoluta de su mirada resulta muy inspiradora. ¡Te sientes de maravilla!
line:0c62b85,"<sprite name=""fanhater""> Joh: Oh? Er… Well… I guess it’s fair…","<sprite name=""fanhater""> Joh: ¿Ah? Eh... Bueno... Supongo que es justo..."
line:05f73fb,Narrator: Your fan hands you 5 coins of gold reluctantly. That’s quite a lot of money.,"Narrador: Con reticencia, Joh te entrega 5 monedas de oro. Es bastante dinero."
line:09cc16e,Narrator: But they seem happy to have your signature nonetheless.,"Narrador: Aun así, parece feliz de tener tu firma."
line:00efa3d,"Narrator: You, on the other hand, feel very bad for taking advantage of a fan!","Narrador: Tú, en cambio, ¡te sientes fatal por aprovecharte de alguien que te admira!"
line:032b8f3,"Narrator: After a broken heartbeat, the fan realizes what you just said and shrieks in sorrow.","Narrador: Tras un instante de incredulidad, comprende lo que acabas de decir y grita de pena."
line:03d1de8,"<sprite name=""fanhater""> Joh: WHY? WHY NOT? WHY WOULD YOU DO THIS TO ME?!","<sprite name=""fanhater""> Joh: ¡¿POR QUÉ?! ¡¿POR QUÉ NO?! ¡¿POR QUÉ ME HACES ESTO?!"
line:0a453d5,"Narrator: As they squeal, a small crowd is starting to gather around the both of you.","Narrador: Mientras chilla, una pequeña multitud empieza a reunirse a su alrededor."
line:0a47981,Narrator: You change your mind and give the fan an autograph to defuse the situation.,Narrador: Cambias de opinión y le das un autógrafo para calmar la situación.
line:0be8d4d,"Narrator: Their eyes are drowned in tears and when they finally realize you gave them your autograph, you’re already far away.","Narrador: Sus ojos están llenos de lágrimas y, cuando por fin comprende que le diste tu autógrafo, tú ya estás lejos."
line:0dfe938,Narrator: Why would you refuse someone an autograph?,Narrador: ¿Por qué le negarías un autógrafo a alguien?
line:0bc4ad4,"<sprite name=""fanhater""> Joh: I’ve to admit: it was one of the worst experiences I had in my life!","<sprite name=""fanhater""> Joh: Debo admitirlo: ¡fue una de las peores experiencias de mi vida!"
line:0b05d02,"<sprite name=""fanhater""> Joh: You deserve punishment for what your guild has done.","<sprite name=""fanhater""> Joh: Mereces un castigo por lo que hizo tu gremio."
line:0077b19,"<sprite name=""fanhater""> Joh: Yaaaaarrrh!","<sprite name=""fanhater""> Joh: ¡Aaaaarrrg!"
line:0e9588e,Narrator: Joh shrieks and takes what looks like a fighting stance as they reach under their coat.,Narrador: Joh grita y adopta lo que parece una postura de combate mientras mete la mano bajo su abrigo.
line:0dcbef1,"<sprite name=""physique"">{0}<br><br>Dodge","<sprite name=""physique"">{0}<br><br>Esquivar"
line:0aa1a63,"<sprite name=""knowledge"">{0}<br><br>Recite a poem","<sprite name=""knowledge"">{0}<br><br>Recitar un poema"
line:024431c,"<sprite name=""cook""><br><br>Offer a good meal","<sprite name=""cook""><br><br>Ofrecer una buena comida"
line:042d32d,Narrator: Your reflexes are good enough to roll to the side as Joh throws a bunch of rotten plums at your face.,Narrador: Tus reflejos son lo bastante buenos para rodar a un lado cuando Joh arroja ciruelas podridas a tu rostro.
line:08c360e,"<sprite name=""fanhater""> Joh: You're quick, but you won’t escape my wrath for long!","<sprite name=""fanhater""> Joh: Eres rápido, ¡pero no escaparás de mi ira por mucho tiempo!"
line:00060f1,Narrator: Joh disappears in a dramatic cape movement. Probably a theater enthusiast.,Narrador: Joh desaparece con un dramático movimiento de capa. Probablemente sea amante del teatro.
line:085ba37,"Narrator: Still, one question remains:","Narrador: Aun así, queda una pregunta:"
line:0ee1425,"Narrator: Do they always carry filthy fruits, just in case?",Narrador: ¿Siempre lleva fruta podrida por si acaso?
line:0291389,Narrator: Your reflexes are not what they used to be!,Narrador: ¡Tus reflejos ya no son lo que eran!
line:043bba2,Narrator: You recite a few lines of a poem before Joh makes a move.,Narrador: Recitas unos versos antes de que Joh pueda actuar.
line:06dcf48,"<sprite name=""fanhater""> Joh: Well… it’s… Beautiful. I didn’t know this one.","<sprite name=""fanhater""> Joh: Bueno... Es... hermoso. No lo conocía."
line:0c5ac92,Narrator: You recite a few lines from a children’s poem that you learned in school many years ago.,Narrador: Recitas unos versos de un poema infantil que aprendiste en la escuela hace muchos años.
line:01c5831,"<sprite name=""fanhater""> Joh: Nice try, baladin. But you’ll need more to impress me!","<sprite name=""fanhater""> Joh: Buen intento, baladin. ¡Pero necesitarás más para impresionarme!"
line:01e92ae,"Narrator: Before Joh can make a move, you propose to share a good meal with them.","Narrador: Antes de que Joh pueda actuar, propones compartir una buena comida."
line:0ad279b,"Narrator: Startled at first, they decide to accept your offer.","Narrador: Aunque al principio se sorprende, decide aceptar tu oferta."
line:09fcee5,"<sprite name=""fanhater""> Joh: It seems I misjudged the baladins. Not all of you deserve a humiliating punishment.","<sprite name=""fanhater""> Joh: Parece que juzgué mal a los baladins. No todos ustedes merecen un castigo humillante."
line:01135c1,Narrator: Joh throws a bunch of rotten plums right in your face!,Narrador: ¡Joh te arroja un montón de ciruelas podridas directo a la cara!
line:0321b2e,"<sprite name=""fanhater""> Joh: A modest punishment for your actions, but justice has been done.","<sprite name=""fanhater""> Joh: Es un castigo modesto por tus actos, pero se hizo justicia."
line:042d3ca,Narrator: Joh disappears in a dramatic cape movement. Probably a theater enthusiast.,Narrador: Joh desaparece con un dramático movimiento de capa. Probablemente sea amante del teatro.
line:0b2078b,Narrator: All the passersby know what it means to see a baladin dripping with rotten fruit.,Narrador: Todos los transeúntes saben qué significa ver a un baladin chorreando fruta podrida.
line:0b43225,Narrator: You are humiliated.,Narrador: Sufres una humillación.
line:0ffeaa1,"<sprite name=""fanhater""> Joh: This will be enough for this time. But don’t you dare massacre a play ever again.","<sprite name=""fanhater""> Joh: Esto bastará por ahora. Pero no vuelvas a destrozar una obra teatral."
line:0984ba9,Narrator: Joh disappears with this ominous sentence.,Narrador: Joh desaparece tras pronunciar esa frase amenazante.
line:05c066a,"Narrator: On the middle of the road you see Petreize, the local drunkard, probing the ground.","Narrador: En medio del camino ves a Petreize, la persona ebria del lugar, examinando el suelo."
line:0166c9a,"<sprite name=""drunkard""> Petreize: I dropped my keys, baladin! Come and help me!","<sprite name=""drunkard""> Petreize: ¡Se me cayeron las llaves, baladin! ¡Ven a ayudarme!"
line:0b9e447,"<sprite name=""finesse"">{0}<br><br>Help them","<sprite name=""finesse"">{0}<br><br>Ayudar"
line:0e12439,"<sprite name=""no""><br><br>Refuse","<sprite name=""no""><br><br>Negarse"
line:0456219,Narrator: You spend a few minutes searching the dirt.,Narrador: Pasas unos minutos buscando entre la tierra.
line:01e803a,Narrator: Quickly you notice a shiny object half-buried in the mud.,Narrador: Pronto descubres un objeto brillante medio enterrado en el lodo.
line:02ec8fe,Narrator: It's the key!,Narrador: ¡Es la llave!
line:0a594dd,"<sprite name=""drunkard""> Petreize: You found it! I won't have to sleep on the street, again!","<sprite name=""drunkard""> Petreize: ¡La encontraste! ¡No tendré que dormir otra vez en la calle!"
line:0c93034,Narrator: It's a mirror!,Narrador: ¡Es un espejo!
line:099320c,"<sprite name=""exclamation""><br><br>Keep it","<sprite name=""exclamation""><br><br>Quedárselo"
line:06c187c,"Narrator: You slip the mirror into your bag and disappear in the night, leaving Petreize to their search.","Narrador: Guardas el espejo en tu bolsa y desapareces en la noche, dejando a Petreize con la búsqueda."
line:06a9ab0,"<sprite name=""exclamation""><br><br>Give it to Petreize","<sprite name=""exclamation""><br><br>Dárselo a Petreize"
line:00c6393,"Narrator: In the darkness of the night, you can hardly find your own feet!",Narrador: ¡En la oscuridad de la noche apenas logras ver tus propios pies!
line:08a6074,"Narrator: You spend the night bent over and end up crumbling on the sidewalk, exhausted.","Narrador: Pasas la noche agachado y terminas desplomándote, exhausto, sobre la acera."
line:08a163d,"<sprite name=""drunkard""> Petreize: Well, fat chance!","<sprite name=""drunkard""> Petreize: ¡Bueno, qué mala suerte!"
line:035e18f,"<sprite name=""drunkard""> Petreize: At least we had the pleasure to sober up together in the fresh air of the night.","<sprite name=""drunkard""> Petreize: Al menos tuvimos el gusto de recuperar la sobriedad en compañía, al aire fresco de la noche."
line:0da7d88,"<sprite name=""drunkard""> Petreize: Wait, what?","<sprite name=""drunkard""> Petreize: Espera, ¿qué?"
line:01d5a61,"<sprite name=""drunkard""> Petreize: Thank you for nothing, baladin!","<sprite name=""drunkard""> Petreize: ¡Gracias por nada, baladin!"
line:004e8a9,Narrator: Today is the Great Marathon!,Narrador: ¡Hoy es el Gran Maratón!
line:0a9bf39,Narrator: The General Biscotorius leads her army of gladiators through the streets of Hortegarde.,Narrador: La general Biscotorius guía a su ejército de gladiadores por las calles de Hortegarde.
line:0013729,"Narrator: Quite a show to witness, but you can also participate!","Narrador: Es todo un espectáculo, ¡pero también puedes participar!"
line:0ae9e8e,"<sprite name=""creation"">{0}<br><br>Watch","<sprite name=""creation"">{0}<br><br>Observar"
line:04d5abd,"<sprite name=""physique"">{0}<br><br>Run","<sprite name=""physique"">{0}<br><br>Correr"
line:006cb8c,"Narrator: All those muscles, this naked flesh, this sweat!","Narrador: ¡Todos esos músculos, esa piel desnuda, ese sudor!"
line:06b7d60,Narrator: It's very inspiring!,Narrador: ¡Es muy inspirador!
line:0e20655,Narrator: You start chanting to cheer the athletes.,Narrador: Empiezas a entonar cánticos para animar a los atletas.
line:0101cad,"Narrator: Eventually, the entire crowd sings along.","Narrador: Finalmente, toda la multitud canta contigo."
line:0434deb,Narrator: You feel very hot all the sudden.,Narrador: De pronto sientes mucho calor.
line:09097d4,"Narrator: Actually, it's more than you can handle and you faint in the middle of the crowd.","Narrador: En realidad, es más de lo que puedes soportar y te desmayas entre la multitud."
line:04db16d,Narrator: You decide to run the marathon.,Narrador: Decides correr el maratón.
line:02e7705,"Narrator: Lifted by the cheering crowd, you manage to finish the race!","Narrador: ¡Impulsado por los ánimos del público, logras terminar la carrera!"
line:03d83ac,"Narrator: Exhausted, but hardened!","Narrador: ¡Exhausto, pero fortalecido!"
line:00c7b4e,"Narrator: Lifted by the cheering crowd, you win the race!","Narrador: ¡Impulsado por los ánimos del público, ganas la carrera!"
line:00b5809,Narrator: You win the prize!,Narrador: ¡Ganas el premio!
line:07894d9,"Narrator: It's incredible, it has never been seen before!","Narrador: ¡Es increíble, nunca se había visto algo así!"
line:0701400,Narrator: Nobody has ever run faster than the General Biscotorius!,Narrador: ¡Nadie había corrido jamás más rápido que la general Biscotorius!
line:070e4b4,Narrator: She's furious!,Narrador: ¡Está furiosa!
line:0025cd3,"<sprite name=""general""> Biscotorius: Who's that jerk who thinks they can run faster than me?","<sprite name=""general""> Biscotorius: ¿Quién es ese idiota que cree que puede correr más rápido que yo?"
line:0761692,"<sprite name=""general""> Biscotorius: Don't you ever dare set foot in my arena!","<sprite name=""general""> Biscotorius: ¡No vuelvas a poner un pie en mi arena!"
line:0d68cb0,Narrator: But you find that running for so long takes a little preparation.,Narrador: Pero descubres que correr durante tanto tiempo requiere cierta preparación.
line:00c983d,Narrator: You cough up your lungs and give up halfway through.,Narrador: Toses hasta quedarte sin aliento y abandonas a mitad del recorrido.
line:0148df1,"<sprite name=""fandon""> Don': Oi!","<sprite name=""fandon""> Don': ¡Oye!"
line:0917a01,"<sprite name=""fandon""> Don': D'ya have any Gladi-cards to trade?","<sprite name=""fandon""> Don': ¿Tienes alguna Gladi-carta para intercambiar?"
line:0763cf5,"<sprite name=""no""><br><br>No...","<sprite name=""no""><br><br>No..."
line:075b315,"<sprite name=""trade""><br><br>Give","<sprite name=""trade""><br><br>Entregar"
line:0956566,"<sprite name=""fandon""> Don': Oh, poor you! You don't have cards?","<sprite name=""fandon""> Don': ¡Ay, pobre! ¿No tienes cartas?"
line:0c299ea,"<sprite name=""fanarlette""> Arlette: Come on, Don'! Give'em one!","<sprite name=""fanarlette""> Arlette: ¡Vamos, Don'! ¡Dale una!"
line:04e2787,"<sprite name=""fandon""> Don': Alright, alright.","<sprite name=""fandon""> Don': Está bien, está bien."
line:04a8955,"<sprite name=""fandon""> Don': Take this: the Bonecrusher!","<sprite name=""fandon""> Don': Toma esta: ¡el Rompehuesos!"
line:07ae205,"<sprite name=""fanarlette""> Arlette: Sounds rare!","<sprite name=""fanarlette""> Arlette: ¡Parece rara!"
line:0de5ff6,"<sprite name=""fandon""> Don': Well. It's not.","<sprite name=""fandon""> Don': Bueno. No lo es."
line:07d9f74,"<sprite name=""fandon""> Don': It's the most common card, but better than nothing!","<sprite name=""fandon""> Don': Es la carta más común, ¡pero mejor que nada!"
line:09b6607,"<sprite name=""fanarlette""> Arlette: Now that you have the virus, you have to collect them all! Hihi!","<sprite name=""fanarlette""> Arlette: Ahora que te contagiaste, ¡tienes que conseguirlas todas! ¡Ji, ji!"
line:0ebca2a,"<sprite name=""fanarlette""> Arlette: Lame! Everybody has this one!","<sprite name=""fanarlette""> Arlette: ¡Qué aburrido! ¡Todo el mundo tiene esa!"
line:0aad495,"<sprite name=""fandon""> Don': Um, not me. I gave away all my Bonecrushers!","<sprite name=""fandon""> Don': Mmm, yo no. ¡Regalé todos mis Rompehuesos!"
line:06ce98f,"<sprite name=""fandon""> Don': But I have a spare Silver Knight! This one's for you!","<sprite name=""fandon""> Don': ¡Pero tengo un Caballero de Plata de sobra! ¡Este es para ti!"
line:0a960c9,"<sprite name=""fanarlette""> Arlette: That's a steal!","<sprite name=""fanarlette""> Arlette: ¡Es una ganga!"
line:08294a0,"<sprite name=""fandon""> Don': It's also a pretty common card.","<sprite name=""fandon""> Don': También es una carta bastante común."
line:0a05df3,"<sprite name=""fandon""> Don': Have fun with it!","<sprite name=""fandon""> Don': ¡Diviértete con ella!"
line:0c3ef7a,"<sprite name=""fanarlette""> Arlette: Oh this one's so cute! Let me have it!","<sprite name=""fanarlette""> Arlette: ¡Ay, qué bonita! ¡Dámela!"
line:01da134,"<sprite name=""fanarlette""> Arlette: Here, have a Zooptup. I don't like him, he's too big.","<sprite name=""fanarlette""> Arlette: Toma, te doy un Zooptup. No me gusta, es demasiado grande."
line:0077ab2,"<sprite name=""fandon""> Don': This one's pretty cool! And rare!","<sprite name=""fandon""> Don': ¡Esta es genial! ¡Y rara!"
line:08ee579,"<sprite name=""fandon""> Don': Let me look at it...","<sprite name=""fandon""> Don': Déjame verla..."
line:06d6c32,"<sprite name=""fandon""> Don': Wow! It's a limited series! Look! It has the number 06!","<sprite name=""fandon""> Don': ¡Vaya! ¡Es de una serie limitada! ¡Mira! ¡Tiene el número 06!"
line:0b0b3d5,"<sprite name=""fandon""> Don': I'll give you a shiny Biscotorius!","<sprite name=""fandon""> Don': ¡Te daré una Biscotorius brillante!"
line:08103f1,"<sprite name=""fanarlette""> Arlette: But! It's Biscotorius!","<sprite name=""fanarlette""> Arlette: ¡Pero es Biscotorius!"
line:0ee61e3,"<sprite name=""fandon""> Don': Trust me!","<sprite name=""fandon""> Don': ¡Confía en mí!"
line:05b4a27,Narrator: And they leave you with the rarest Gladi-cards of all.,Narrador: Y te dejan con la más rara de todas las Gladi-cartas.
line:0588929,"<sprite name=""fanarlette""> Arlette: IT'S HER!","<sprite name=""fanarlette""> Arlette: ¡ES ELLA!"
line:0df851a,"<sprite name=""fandon""> Don': BISCOTORIUS!","<sprite name=""fandon""> Don': ¡BISCOTORIUS!"
line:0a20973,"<sprite name=""fandon""> Don': We can't have it for nothing! Here! Take this!","<sprite name=""fandon""> Don': ¡No podemos aceptarla gratis! ¡Toma esto!"
line:0ebbccc,Narrator: The arena-enthusiasts seem to have already completely lost interest in you.,Narrador: Los aficionados de la arena parecen haber perdido por completo el interés en ti.
line:0a20d1e,Narrator: It looks like they're praying in circles around the Biscotorius card.,Narrador: Parece que rezan en círculos alrededor de la carta de Biscotorius.
line:089c54b,"<sprite name=""fanarlette""> Arlette: That's not a card.","<sprite name=""fanarlette""> Arlette: Eso no es una carta."
line:0dfff4a,"<sprite name=""fandon""> Don': Not interested!","<sprite name=""fandon""> Don': ¡No me interesa!"
line:06167dc,"Narrator: In a dark alley, you catch the theater director spying on someone around the corner.","Narrador: En un callejón oscuro, sorprendes al director de teatro espiando a alguien tras una esquina."
line:08564b8,"<sprite name=""director""> Hollibrius: Oh! Didn't see thou there, baladin!","<sprite name=""director""> Hollibrius: ¡Oh! ¡No os había visto ahí, baladin!"
line:0fb5ad5,"<sprite name=""director""> Hollibrius: I'm currently working on a plan to undermine the general Biscotorius!","<sprite name=""director""> Hollibrius: ¡En este preciso instante urdo un plan para socavar a la general Biscotorius!"
line:06e15a7,"<sprite name=""director""> Hollibrius: Would thou help me place this firecracker near her?","<sprite name=""director""> Hollibrius: ¿Me ayudaríais a colocar este petardo cerca de ella?"
line:016e38b,"<sprite name=""director""> Hollibrius: This will give her a good scare and show the world what a coward she is!","<sprite name=""director""> Hollibrius: ¡Le dará un buen susto y mostrará al mundo la cobarde que es!"
line:01b19cf,"<sprite name=""destruction"">{0}<br><br>Help him","<sprite name=""destruction"">{0}<br><br>Ayudarlo"
line:0fea779,"<sprite name=""no""><br><br>Refuse","<sprite name=""no""><br><br>Negarse"
line:000460d,"<sprite name=""exclamation""><br><br>Warn the General","<sprite name=""exclamation""><br><br>Advertir a la general"
line:000b613,Narrator: You grab the firecracker.,Narrador: Tomas el petardo.
line:06dcfec,Narrator: You manage to sneak it near the general.,Narrador: Logras acercarlo sigilosamente a la general.
line:06f41b9,Narrator: It explodes near Biscotorius and she lets out a scream.,Narrador: Explota cerca de Biscotorius y ella suelta un grito.
line:00bc715,"<sprite name=""director""> Hollibrius: Wonderful! Surely all these witnesses will spread the word: Biscotorius is a coward!","<sprite name=""director""> Hollibrius: ¡Maravilloso! Sin duda todos estos testigos correrán la voz: ¡Biscotorius es una cobarde!"
line:0397a08,"<sprite name=""general""> Biscotorius: Guards! Seize the director!","<sprite name=""general""> Biscotorius: ¡Guardias! ¡Atrapen al director!"
line:08ed217,"<sprite name=""director""> Hollibrius: I beg thine pardon?","<sprite name=""director""> Hollibrius: ¿Cómo osáis?"
line:08cf96e,Narrator: It seems you managed to prank the general and make it look like it was Hollibrius.,Narrador: Parece que lograste gastarle una broma a la general y hacer que Hollibrius pareciera culpable.
line:02aaa78,"<sprite name=""general""> Biscotorius: Guards! Seize the baladin!","<sprite name=""general""> Biscotorius: ¡Guardias! ¡Atrapen al baladin!"
line:0a20651,Narrator: It seems you were clumsy on this one.,Narrador: Parece que esta vez actuaste con torpeza.
line:01e263b,Narrator: You're circled by city guards and condemned to community service for assaulting people in the streets!,Narrador: ¡Los guardias de la ciudad te rodean y te condenan a servicio comunitario por atacar a la gente en la calle!
line:03bc779,"Narrator: But before you have the chance to get away from Hollibrius, the firecracker explodes in your hand!","Narrador: Pero antes de que puedas alejarte de Hollibrius, ¡el petardo explota en tu mano!"
line:02b4203,"<sprite name=""director""> Hollibrius: Grrr! Not only thou art a nuisance on the stage, but also thou art useless for evil-doing!","<sprite name=""director""> Hollibrius: ¡Grrr! ¡No solo sois una molestia en el escenario, sino que tampoco servís para las fechorías!"
line:0b4f31f,"<sprite name=""director""> Hollibrius: Disappear, at once! May I never lay my eyes upon thee again.","<sprite name=""director""> Hollibrius: ¡Desapareced de inmediato! Que nunca vuelvan mis ojos a posarse sobre vos."
line:02a85e9,"<sprite name=""general""> Biscotorius: Ho yes! Don't worry I had spotted Hollibrius from the end of the street.","<sprite name=""general""> Biscotorius: ¡Ah, sí! No te preocupes, vi a Hollibrius desde el otro extremo de la calle."
line:03d6dec,"<sprite name=""general""> Biscotorius: It's the third time this week he tried to prank me.","<sprite name=""general""> Biscotorius: Es la tercera vez que intenta gastarme una broma esta semana."
line:0ccbf85,"<sprite name=""general""> Biscotorius: But still, you're awesome, baladin! Come meet me at the arena when you have time!","<sprite name=""general""> Biscotorius: Aun así, ¡eres increíble, baladin! ¡Ven a verme a la arena cuando tengas tiempo!"
line:031c2f7,"<sprite name=""general""> Biscotorius: Here! For your trouble!","<sprite name=""general""> Biscotorius: ¡Toma! ¡Por las molestias!"
line:07ed7ab,Narrator: You feel good for having helped a local figure.,Narrador: Te sientes bien por haber ayudado a una figura local.
line:06c9f05,"<sprite name=""director""> Hollibrius: I knew thou would be useless! Let me do this!","<sprite name=""director""> Hollibrius: ¡Sabía que seríais inútil! ¡Dejadme hacerlo!"
line:0557320,Narrator: The director leaves the shadow with the firecracker in his hand...,Narrador: El director sale de las sombras con el petardo en la mano...
line:09a661d,Narrator: And is immediately surrounded by city guards!,Narrador: ¡Y de inmediato lo rodean los guardias de la ciudad!
line:0901789,"<sprite name=""director""> Hollibrius: Grrr! I'll get her one day!","<sprite name=""director""> Hollibrius: ¡Grrr! ¡Algún día la venceré!"
line:08f6d10,Narrator: The most horrible noise on the planet reaches your ears: a crowd is booing at a stage. Empty.,Narrador: El sonido más horrible del planeta llega a tus oídos: una multitud abuchea un escenario. Vacío.
line:06406e7,Narrator: You quickly notice a comedian running in circles. She notices you.,Narrador: Pronto ves a una comediante corriendo en círculos. Ella repara en ti.
line:0de99ff,"<sprite name=""streetcomedian""> Comedian: YOU! A baladin! Thank Icosa, it’s a miracle!","<sprite name=""streetcomedian""> Comediante: ¡TÚ! ¡Un baladin! ¡Gracias a Icosa, es un milagro!"
line:0faa7bf,"<sprite name=""streetcomedian""> Comedian: One of my comedians is in bed, sick! I need someone to play her part!","<sprite name=""streetcomedian""> Comediante: ¡Una de mis actrices está enferma en cama! ¡Necesito a alguien que interprete su papel!"
line:08ca9bd,"<sprite name=""streetcomedian""> Comedian: It is your sacred duty to entertain people!","<sprite name=""streetcomedian""> Comediante: ¡Entretener a la gente es tu deber sagrado!"
line:014aeb5,Narrator: She’s right. It is your sacred duty indeed.,"Narrador: Tiene razón. En efecto, es tu deber sagrado."
line:0976111,"<sprite name=""creation"">{0}<br><br>Improvise","<sprite name=""creation"">{0}<br><br>Improvisar"
line:0db31db,"<sprite name=""knowledge"">{0}<br><br>You know the part!","<sprite name=""knowledge"">{0}<br><br>¡Conoces el papel!"
line:09e8296,Narrator: Being on stage is natural for you.,Narrador: Estar en el escenario es algo natural para ti.
line:01850f7,"Narrator: You have no trouble coming up with smart and funny lines, you and the other comedians have a great chemistry.",Narrador: No te cuesta inventar frases ingeniosas y divertidas; tú y los demás comediantes tienen una gran química.
line:0c4eb15,"Narrator: The plot drifted from the original script, but who cares? Everybody laughed!","Narrador: La trama se apartó del guion original, pero ¿a quién le importa? ¡Todo el mundo se rio!"
line:0dce210,Narrator: Your performance surely won’t stay unnoticed!,Narrador: ¡Seguro que tu actuación no pasará inadvertida!
line:0b64433,Narrator: It’s been a while since you’ve been on stage. And it shows.,Narrador: Hace tiempo que no subes a un escenario. Y se nota.
line:0b6ca58,"Narrator: You stutter, make long pauses, and don’t know what to do with your arms.","Narrador: Tartamudeas, haces largas pausas y no sabes qué hacer con los brazos."
line:064ded4,"Narrator: The cringe is so strong, the vast majority of the audience leaves before the end.",Narrador: La vergüenza ajena es tan intensa que la gran mayoría del público se marcha antes del final.
line:0074cac,Narrator: They will remember this moment with embarrassment.,Narrador: Recordarán este momento con bochorno.
line:0530dc8,Narrator: Waiting for Ugrobore is quite a classic. Every baladin knows this… Or at least they should.,Narrador: Esperando a Ugrobore es todo un clásico. Todo baladin lo conoce... O al menos debería.
line:0a7985e,Narrator: The audience knows it too and is delighted to recognize the exact words of the author.,Narrador: El público también la conoce y se deleita al reconocer las palabras exactas del autor.
line:04a31cd,Narrator: Your performance surely will not go unnoticed!,Narrador: ¡Seguro que tu actuación no pasará inadvertida!
line:0162420,Narrator: Waiting for Ugrobore is quite a classic. You know the play… or you think you do.,Narrador: Esperando a Ugrobore es todo un clásico. Conoces la obra... o eso crees.
line:051b94c,Narrator: You keep mixing the lines with <i>A Matagot’s Night’s Dream</i> and <i>The Learned Faeries</i>.,Narrador: No dejas de mezclar los diálogos con <i>Sueño de una noche de matagot</i> y <i>Las hadas eruditas</i>.
line:0d9e4a7,"Narrator: Everytime you open your mouth, the other comedians roll their eyes. The audience too.","Narrador: Cada vez que abres la boca, los demás comediantes ponen los ojos en blanco. El público también."
line:0f667b6,Narrator: Few stay to the end. Let’s hope there weren’t any real theater enthusiasts in the crowd.,Narrador: Pocos se quedan hasta el final. Esperemos que no hubiera verdaderos amantes del teatro entre el público.
line:0bcf2ca,Narrator: It's quite late in the night when you stumble upon two people arguing.,Narrador: Es bastante tarde cuando te encuentras con dos personas discutiendo.
line:0d474cd,Narrator: They call each other names and the tension is rising!,Narrador: ¡Se insultan y la tensión va en aumento!
line:09eacc9,Narrator: They will eventually come to blows if nobody does nothing!,Narrador: ¡Terminarán a golpes si nadie hace nada!
line:055b287,"<sprite name=""finesse"">{0}<br><br>Calm them","<sprite name=""finesse"">{0}<br><br>Calmarlos"
line:04afaf1,"<sprite name=""creation"">{0}<br><br>Distract them","<sprite name=""creation"">{0}<br><br>Distraerlos"
line:0c0bff6,"<sprite name=""exclamation""><br><br>Fight!","<sprite name=""exclamation""><br><br>¡Pelear!"
line:036e1f3,"<sprite name=""trade""><br><br>Give","<sprite name=""trade""><br><br>Entregar"
line:047f6cc,Narrator: You ask the two drunkards why they're fighting.,Narrador: Preguntas a los dos borrachos por qué están peleando.
line:02e9b4f,"<sprite name=""drunkard""> Petreize: Well... It's because...","<sprite name=""drunkard""> Petreize: Bueno... Es porque..."
line:03c52af,"<sprite name=""forger""> Edgar: Because they... You know!","<sprite name=""forger""> Edgar: Porque... ¡Ya sabes!"
line:0aa4485,"<sprite name=""drunkard""> Petreize: Yeah! Er... Hey! I don't know!","<sprite name=""drunkard""> Petreize: ¡Sí! Eh... ¡Oye! ¡No lo sé!"
line:0c5a6af,"<sprite name=""forger""> Edgar: What? You don't? I thought you would know! You started it!","<sprite name=""forger""> Edgar: ¿Qué? ¿No lo sabes? ¡Creí que lo sabrías! ¡Tú empezaste!"
line:064415b,"<sprite name=""drunkard""> Petreize: Did I? Thought it was you!","<sprite name=""drunkard""> Petreize: ¿Yo? Creí que habías sido tú."
line:0702e84,"<sprite name=""forger""> Edgar: Maybe.","<sprite name=""forger""> Edgar: Puede ser."
line:0714903,Narrator: It goes on for a few minutes and they both realize they forgot what they were fighting about.,Narrador: La conversación continúa varios minutos hasta que ambos comprenden que olvidaron el motivo de la pelea.
line:009c904,Narrator: You're already far away when they fall into each other's arms.,Narrador: Ya estás lejos cuando se abrazan.
line:090a7ba,Narrator: You ask them to calm down.,Narrador: Les pides que se calmen.
line:0111f56,"<sprite name=""forger""> Edgar: I'm calm!","<sprite name=""forger""> Edgar: ¡Estoy calmado!"
line:0acd04a,"<sprite name=""drunkard""> Petreize: NO! I'm calm!","<sprite name=""drunkard""> Petreize: ¡NO! ¡Yo estoy en calma!"
line:07a2361,"<sprite name=""forger""> Edgar: I'm calmer!","<sprite name=""forger""> Edgar: ¡Yo estoy más calmado!"
line:0f5985c,"<sprite name=""drunkard""> Petreize: I'm the calmest in Hortegarde!","<sprite name=""drunkard""> Petreize: ¡Soy la persona más calmada de Hortegarde!"
line:04f789d,"<sprite name=""forger""> Edgar: Let's see about that!","<sprite name=""forger""> Edgar: ¡Eso habrá que verlo!"
line:00383ba,"Narrator: You start to sing a very famous, but impromptu song.","Narrador: Empiezas a cantar una canción muy famosa, aunque improvisada."
line:005d543,Narrator: The two fighters stop arguing and start listening.,Narrador: Los dos contendientes dejan de discutir y empiezan a escuchar.
line:076dc63,Narrator: They sing with you and clap their hands!,Narrador: ¡Cantan contigo y aplauden!
line:04e5ff3,Narrator: They would even dance if they weren't so wasted!,Narrador: ¡Hasta bailarían si no hubieran bebido tanto!
line:0feaeec,Narrator: Other passersby join your improvised party and everybody laughs!,Narrador: Otros transeúntes se unen a tu fiesta improvisada y todo el mundo ríe.
line:073bb90,"Narrator: You start to sing, but it's late and your voice is tired.","Narrador: Empiezas a cantar, pero es tarde y tienes la voz cansada."
line:0d88f18,"<sprite name=""forger""> Edgar: Listen! Ugrobore himself is singing to bless our mighty fight!","<sprite name=""forger""> Edgar: ¡Escucha! ¡El mismísimo Ugrobore canta para bendecir nuestra gloriosa pelea!"
line:0c572d9,"<sprite name=""drunkard""> Petreize: Let's honor him!","<sprite name=""drunkard""> Petreize: ¡Honrémoslo!"
line:0deb52f,Narrator: You do enjoy a good fight with random strangers!,Narrador: ¡Disfrutas una buena pelea con desconocidos!
line:0c506a7,Narrator: You throw yourself into the battle and get beat up!,Narrador: ¡Te lanzas a la batalla y recibes una paliza!
line:00b4152,"Narrator: When it's over, you shake hands with your opponents and walk your way.","Narrador: Cuando termina, estrechas la mano de tus oponentes y sigues tu camino."
line:08441fd,Narrator: And they throw themselves at each other.,Narrador: Y ambos se abalanzan el uno sobre el otro.
line:03e5e3c,Narrator: Cagdolor flies away.,Narrador: Cagdolor se aleja volando.
line:0b58868,Narrator: You are already far away when some denizens manage to pull them apart.,Narrador: Ya estás lejos cuando varios habitantes logran separarlos.
line:06d9f30,Narrator: You hold up the mirror in front of the two brawlers.,Narrador: Sostienes el espejo frente a los dos peleadores.
line:088e778,"<sprite name=""drunkard""> Petreize: So? This is the face of violence?","<sprite name=""drunkard""> Petreize: Entonces... ¿Este es el rostro de la violencia?"
line:0afaccd,"<sprite name=""forger""> Edgar: It's terrible!","<sprite name=""forger""> Edgar: ¡Es terrible!"
line:0cbe9c7,"Narrator: And both of them burst into tears, swearing never to fight again.",Narrador: Los dos rompen a llorar y juran que nunca volverán a pelear.
line:0ddccc1,Narrator: You throw a soap between the two brawlers.,Narrador: Arrojas un jabón entre los dos peleadores.
line:04f6a45,"Narrator: For some reason, they both want to catch the soap.","Narrador: Por algún motivo, ambos quieren atraparlo."
line:0ac968b,Narrator: Without success.,Narrador: Sin éxito.
line:0622fe6,Narrator: It keeps them busy for a while before they drop of exhaustion.,Narrador: Eso los mantiene ocupados un rato hasta que caen agotados.
line:06e0c72,"<sprite name=""forger""> Edgar: Hey! That's... way too expensive!","<sprite name=""forger""> Edgar: ¡Oye! Eso es... ¡demasiado caro!"
line:0ff4466,Narrator: Weirdly enough the bearded man runs away.,"Narrador: Curiosamente, el hombre barbudo sale corriendo."
line:078a0b4,"<sprite name=""drunkard""> Petreize: Well, if he doesn't want it!","<sprite name=""drunkard""> Petreize: Bueno, ¡si él no lo quiere!"
line:04615af,Narrator: And the lutin grabs it and disappears.,Narrador: Petreize lo recoge y desaparece.
line:0458154,Narrator: The two brawlers don't even notice you.,Narrador: Los dos peleadores ni siquiera reparan en ti.
line:05b15cf,"<sprite name=""forger""> Edgar: Hey! That's my chicken!","<sprite name=""forger""> Edgar: ¡Oye! ¡Esa es mi gallina!"
line:076a4f1,"<sprite name=""drunkard""> Petreize: No! It's mine!","<sprite name=""drunkard""> Petreize: ¡No! ¡Es mía!"
line:041ee71,"<sprite name=""forger""> Edgar: You bet it is!","<sprite name=""forger""> Edgar: ¡Claro que sí!"
line:0fac813,"<sprite name=""fanroka""> Roka: Baladin!","<sprite name=""fanroka""> Roka: ¡Baladin!"
line:0d00e6c,"<sprite name=""fanroka""> Roka: It took us a few days but...","<sprite name=""fanroka""> Roka: Nos llevó varios días, pero..."
line:0208bc3,"<sprite name=""fanveegie""> Veegie: We found the big diamond gem!","<sprite name=""fanveegie""> Veegie: ¡Encontramos el gran diamante!"
line:00240ae,"<sprite name=""fanroka""> Roka: Can we have our reward?","<sprite name=""fanroka""> Roka: ¿Podemos recibir nuestra recompensa?"
line:0d660ec,"<sprite name=""exclamation""><br><br>Take the diamond","<sprite name=""exclamation""><br><br>Tomar el diamante"
line:0f09273,"<sprite name=""exclamation""><br><br>Tell the truth","<sprite name=""exclamation""><br><br>Decir la verdad"
line:0ded624,Narrator: You take the item and send the fans to the arena.,Narrador: Tomas el objeto y envías a los aficionados a la arena.
line:0fc9afe,Narrator: You know that nobody is waiting for them there.,Narrador: Sabes que nadie los espera allí.
line:0c21109,Narrator: They will only find a closed door.,Narrador: Solo encontrarán una puerta cerrada.
line:0c32662,Narrator: A touch of guilt rises in you.,Narrador: Una punzada de culpa nace en tu interior.
line:06f67b4,"<sprite name=""fanroka""> Roka: What?","<sprite name=""fanroka""> Roka: ¿Qué?"
line:0692875,"<sprite name=""fanveegie""> Veegie: WHAAAAT?!","<sprite name=""fanveegie""> Veegie: ¡¿QUÉÉÉ?!"
line:05d9d80,"<sprite name=""fanroka""> Roka: There was no treasure hunt?","<sprite name=""fanroka""> Roka: ¿No había ninguna búsqueda del tesoro?"
line:0e53dde,"<sprite name=""fanveegie""> Veegie: There is no reward?!","<sprite name=""fanveegie""> Veegie: ¡¿No hay recompensa?!"
line:0ba655d,"<sprite name=""fanveegie""> Veegie: HAAAAA!","<sprite name=""fanveegie""> Veegie: ¡AAAAAH!"
line:0dfff5e,Narrator: And they both break into tears.,Narrador: Y ambos rompen a llorar.
line:031d047,Narrator: It is rare to witness such true and candid sorrow.,Narrador: Es raro presenciar una tristeza tan verdadera y sincera.
line:0bbc09a,Narrator: Maybe this will inspire you for the future.,Narrador: Tal vez te inspire en el futuro.
line:09c29d4,"<sprite name=""fanroka""> Roka: OH MY GODS IT'S HER!","<sprite name=""fanroka""> Roka: ¡POR LOS DIOSES, ES ELLA!"
line:007c042,"<sprite name=""fanveegie""> Veegie: BISCOTORIUS, PLEASE, SIGN MY FOREHEAD!","<sprite name=""fanveegie""> Veegie: ¡BISCOTORIUS, POR FAVOR, FIRMA MI FRENTE!"
line:0617289,"<sprite name=""general""> Biscotorius: Ha! I love your energy, guys! But I really need to...","<sprite name=""general""> Biscotorius: ¡Ja! ¡Me encanta su energía! Pero de verdad tengo que..."
line:0e0e683,"<sprite name=""fanroka""> Roka: Oh please! Where are you going?! Can we go with you?!","<sprite name=""fanroka""> Roka: ¡Por favor! ¡¿Adónde vas?! ¡¿Podemos acompañarte?!"
line:09c569f,Narrator: It seems the General Biscotorius has trouble getting rid of her fans.,Narrador: Parece que a la general Biscotorius le cuesta librarse de sus admiradores.
line:0a62e17,"<sprite name=""physique"">{0}<br><br>Provoke a duel","<sprite name=""physique"">{0}<br><br>Provocar un duelo"
line:0a2e212,"<sprite name=""finesse"">{0}<br><br>Make a diversion","<sprite name=""finesse"">{0}<br><br>Crear una distracción"
line:0a153d4,"<sprite name=""trade""><br><br>Give","<sprite name=""trade""><br><br>Entregar"
line:097c8d1,"<sprite name=""general""> Biscotorius: You ask me for a duel?","<sprite name=""general""> Biscotorius: ¿Me desafías a un duelo?"
line:07797fd,"<sprite name=""general""> Biscotorius: Let's show our muscle first!","<sprite name=""general""> Biscotorius: ¡Primero mostremos nuestros músculos!"
line:0d5bf3e,Narrator: You flex your muscles very hard.,Narrador: Tensas los músculos con todas tus fuerzas.
line:0b8993d,Narrator: Biscotorius seems impressed. But then SHE flexes her muscles.,Narrador: Biscotorius parece impresionada. Pero entonces ELLA tensa los suyos.
line:02e3a3b,"<sprite name=""fanroka""> Roka: Oh my...","<sprite name=""fanroka""> Roka: Por..."
line:07d7948,"<sprite name=""fanveegie""> Veegie: Gods...","<sprite name=""fanveegie""> Veegie: ...los dioses."
line:0638608,Narrator: Just looking at this body makes you feel stronger.,Narrador: Contemplar ese cuerpo te hace sentir más fuerte.
line:04ecde8,"Narrator: As they behold the hardened flesh of the almighty Biscotorius, both of the fans faint.","Narrador: Al contemplar los músculos endurecidos de la todopoderosa Biscotorius, los dos admiradores se desmayan."
line:09cc6bd,"<sprite name=""general""> Biscotorius: Nice one, baladin! Can you take care of them?","<sprite name=""general""> Biscotorius: ¡Bien hecho, baladin! ¿Puedes encargarte de ellos?"
line:0ca3e93,"Narrator: But, trying to top the arena champion, you forget to breathe for a long time.","Narrador: Pero, al intentar superar a la campeona de la arena, olvidas respirar durante demasiado tiempo."
line:03b32e6,Narrator: Your vision blurs and you eventually faint.,Narrador: Tu vista se nubla y finalmente te desmayas.
line:063b63a,"<sprite name=""fanroka""> Roka: Are you alright, baladin?","<sprite name=""fanroka""> Roka: ¿Estás bien, baladin?"
line:03c1d8d,"<sprite name=""fanveegie""> Veegie: Wait, where is BISCOTORIUS?","<sprite name=""fanveegie""> Veegie: Espera, ¿dónde está BISCOTORIUS?"
line:0df277b,"<sprite name=""fanroka""> Roka: Oh my gods we lost her because of you, stupid baladin!","<sprite name=""fanroka""> Roka: ¡Por los dioses, la perdimos por tu culpa, baladin estúpido!"
line:07d0cbd,"<sprite name=""fanveegie""> Veegie: Next time we'll let you die in the gutter where you belong!","<sprite name=""fanveegie""> Veegie: ¡La próxima vez dejaremos que mueras en la alcantarilla, donde perteneces!"
line:0aa1153,Narrator: Wow. That was unnecessary. But at least Biscotorius escaped.,Narrador: Vaya. Eso fue innecesario. Pero al menos Biscotorius escapó.
line:0b311ce,Narrator: Maybe she will remember that you helped her?,Narrador: ¿Quizá recuerde que la ayudaste?
line:009d8bd,Narrator: You tell the fans a great treasure hunt is happening in Hortegarde.,Narrador: Les dices que se está celebrando una gran búsqueda del tesoro en Hortegarde.
line:01aa65e,"Narrator: If they can find the big diamond gem, they can spend an entire day with Biscotorius!","Narrador: ¡Si encuentran el gran diamante, podrán pasar un día entero con Biscotorius!"
line:0e00291,"<sprite name=""fanroka""> Roka: An entire day?","<sprite name=""fanroka""> Roka: ¿Un día entero?"
line:0436e16,"<sprite name=""fanveegie""> Veegie: WITH BISCOTORIUS?!","<sprite name=""fanveegie""> Veegie: ¡¿CON BISCOTORIUS?!"
line:0049265,Narrator: The group splits at once and the fans run out into the streets of the city.,Narrador: El grupo se separa de inmediato y los admiradores corren por las calles de la ciudad.
line:088ce93,"<sprite name=""fanroka""> Roka: The what? It's impossible.","<sprite name=""fanroka""> Roka: ¿El qué? Es imposible."
line:044df09,"<sprite name=""fanveegie""> Veegie: Yeah! It doesn't even exist!","<sprite name=""fanveegie""> Veegie: ¡Sí! ¡Ni siquiera existe!"
line:098a156,"<sprite name=""fanroka""> Roka: Are you messing with us?","<sprite name=""fanroka""> Roka: ¿Te burlas de nosotros?"
line:0144567,"<sprite name=""fanveegie""> Veegie: Are you messing with the great Biscotorius?","<sprite name=""fanveegie""> Veegie: ¿Te burlas de la gran Biscotorius?"
line:089c0ba,"<sprite name=""general""> Biscotorius: I don't think...","<sprite name=""general""> Biscotorius: No creo que..."
line:0beebfb,"<sprite name=""fanroka""> Roka: GET LOST! We don't need a stupid baladin!","<sprite name=""fanroka""> Roka: ¡LÁRGATE! ¡No necesitamos a un baladin estúpido!"
line:06ee4af,"<sprite name=""fanveegie""> Veegie: Yeah! Stupid, useless, baladin! Booooo!","<sprite name=""fanveegie""> Veegie: ¡Sí! ¡Baladin estúpido e inútil! ¡Buuuu!"
line:0e07be8,Narrator: It's hopeless. Biscotorius will have to spend the afternoon with her supporters.,Narrador: Es inútil. Biscotorius tendrá que pasar la tarde con sus admiradores.
line:019e190,"<sprite name=""fanroka""> Roka: Wait, are those...","<sprite name=""fanroka""> Roka: Espera, ¿eso es...?"
line:033b7cc,"<sprite name=""fanveegie""> Veegie: CANDIES?!","<sprite name=""fanveegie""> Veegie: ¡¿DULCES?!"
line:07a5dab,Narrator: The two kids throw themselves on the candies like famished beasts.,Narrador: Los dos jóvenes se abalanzan sobre los dulces como bestias hambrientas.
line:05f5e9c,Narrator: Biscotorius is free!,Narrador: ¡Biscotorius es libre!
line:0350d18,"<sprite name=""fanroka""> Roka: Wait, are those...","<sprite name=""fanroka""> Roka: Espera, ¿eso es...?"
line:058c9a1,"<sprite name=""fanveegie""> Veegie: THE BISCOTORIUS CARD?!","<sprite name=""fanveegie""> Veegie: ¡¿LA CARTA DE BISCOTORIUS?!"
line:0673e26,Narrator: The two kids throw themselves on the card like famished beasts.,Narrador: Los dos jóvenes se abalanzan sobre la carta como bestias hambrientas.
line:026dbbf,Narrator: Biscotorius is free!,Narrador: ¡Biscotorius es libre!
line:00977cc,Narrator: The fans don't even look your way.,Narrador: Los admiradores ni siquiera te miran.
line:094ec27,Narrator: It's going to take more than this to distract them from their idol.,Narrador: Hará falta más que esto para apartarlos de su ídolo.
line:0f1ee6b,"<sprite name=""general""> Biscotorius: My fans are super awesome, but... a bit heavy sometimes.","<sprite name=""general""> Biscotorius: Mis admiradores son increíbles, pero... a veces resultan algo pesados."
line:01a5a8d,"<sprite name=""general""> Biscotorius: And Biscotorius never runs away from heavy lifting, amiright?","<sprite name=""general""> Biscotorius: Y Biscotorius nunca huye de las cargas pesadas, ¿verdad?"
line:0c0d6c3,"<sprite name=""general""> Biscotorius: Anyways, thank you. You're a true strategist! Come to the arena, you'll fit right in!","<sprite name=""general""> Biscotorius: En fin, gracias. ¡Eres un verdadero estratega! ¡Ven a la arena, encajarás a la perfección!"
line:04c3c26,"<sprite name=""birdmaster""> Griviel: Hello. What are you doing up here?","<sprite name=""birdmaster""> Griviel: Hola. ¿Qué haces aquí arriba?"
line:0ae7dc6,"<sprite name=""birdmaster""> Griviel: Hey, you're back?","<sprite name=""birdmaster""> Griviel: Oye, ¿has vuelto?"
line:02d241c,"<sprite name=""birdmaster""> Griviel: Make it quick, the birds need my attention.","<sprite name=""birdmaster""> Griviel: Sé breve, las aves necesitan mi atención."
line:02592e1,"<sprite name=""birdmaster""> Griviel: What do you need?","<sprite name=""birdmaster""> Griviel: ¿Qué necesitas?"
line:0337d5b,"<sprite name=""birdmaster""> Griviel: You have courage to climb up here...","<sprite name=""birdmaster""> Griviel: Tienes valor para subir hasta aquí…"
line:08325d1,"<sprite name=""birdmaster""> Griviel: Because I don't want to see you! Get out of my dovecote!","<sprite name=""birdmaster""> Griviel: ¡Porque no quiero verte! ¡Fuera de mi palomar!"
line:0675b97,"<sprite name=""birdmaster""> Griviel: Ha! A friend of the birds! Welcome!","<sprite name=""birdmaster""> Griviel: ¡Ja! ¡Alguien que aprecia a las aves! ¡Qué gusto verte!"
line:0b1a806,"<sprite name=""exclamation""><br><br>The remote village...","<sprite name=""exclamation""><br><br>La aldea remota..."
line:09d944b,"<sprite name=""talk""><br><br>Need help?","<sprite name=""talk""><br><br>¿Necesitas ayuda?"
line:0d4dd92,"<sprite name=""talk""><br><br>About the mail...","<sprite name=""talk""><br><br>Sobre el correo..."
line:0080d83,"<sprite name=""talk""><br><br>Who are you?","<sprite name=""talk""><br><br>¿Quién eres?"
line:04d1530,"<sprite name=""trade""><br><br>Give","<sprite name=""trade""><br><br>Entregar"
line:0b64013,"<sprite name=""leave""><br><br>Leave","<sprite name=""leave""><br><br>Irse"
line:02d8f6d,"<sprite name=""birdmaster""> Griviel: There is something.","<sprite name=""birdmaster""> Griviel: Hay algo."
line:011f549,"<sprite name=""birdmaster""> Griviel: For some weeks now, mail has been disappearing.","<sprite name=""birdmaster""> Griviel: Desde hace unas semanas está desapareciendo el correo."
line:0d04c25,"<sprite name=""birdmaster""> Griviel: And it always turns up, a few weeks later, where it was supposed to go!","<sprite name=""birdmaster""> Griviel: ¡Y siempre aparece unas semanas después donde debía llegar!"
line:0f71046,"<sprite name=""birdmaster""> Griviel: But I never sent it!","<sprite name=""birdmaster""> Griviel: ¡Pero yo nunca lo envié!"
line:0edd795,"<sprite name=""birdmaster""> Griviel: It's as if someone delivered the mail themselves.","<sprite name=""birdmaster""> Griviel: Es como si alguien entregara el correo por su cuenta."
line:0ab7994,"<sprite name=""birdmaster""> Griviel: I need this lunacy to stop!","<sprite name=""birdmaster""> Griviel: ¡Esta locura tiene que terminar!"
line:092323c,"<sprite name=""birdmaster""> Griviel: Please, help me find who's been stealing the mail!","<sprite name=""birdmaster""> Griviel: Por favor, ¡ayúdame a descubrir quién está robando el correo!"
line:0bc52a4,"<sprite name=""exclamation""><br><br>It's Regnon!","<sprite name=""exclamation""><br><br>¡Es Regnon!"
line:03d6d86,Ok...,Está bien...
line:070fceb,"<sprite name=""birdmaster""> Griviel: Great idea!","<sprite name=""birdmaster""> Griviel: ¡Gran idea!"
line:03d5a91,"<sprite name=""birdmaster""> Griviel: I'll talk to them! They could become a proper carrier lutin of the city of Hortegarde!","<sprite name=""birdmaster""> Griviel: ¡Hablaré con Regnon! Podría convertirse en el duende mensajero oficial de Hortegarde."
line:0d70f02,"<sprite name=""birdmaster""> Griviel: Can you go there later and check if they got their mail for me?","<sprite name=""birdmaster""> Griviel: ¿Puedes ir más tarde y comprobar por mí si recibió el correo?"
line:058c0aa,"<sprite name=""birdmaster""> Griviel: What? The lutin who applied to become a carrier pigeon?","<sprite name=""birdmaster""> Griviel: ¿Qué? ¿El duende que solicitó convertirse en paloma mensajera?"
line:0799ead,"<sprite name=""birdmaster""> Griviel: They can't even fly!","<sprite name=""birdmaster""> Griviel: ¡Ni siquiera puede volar!"
line:08f89f6,"<sprite name=""birdmaster""> Griviel: Wait. Maybe we could send them to Duper?","<sprite name=""birdmaster""> Griviel: Espera. ¿Quizá podríamos enviarlo a Duper?"
line:03ef448,"<sprite name=""birdmaster""> Griviel: Stealing mail is a felony!","<sprite name=""birdmaster""> Griviel: ¡Robar el correo es un delito grave!"
line:0eb8442,"<sprite name=""exclamation""><br><br> Talk about Duper","<sprite name=""exclamation""><br><br>Hablar de Duper"
line:0071588,"<sprite name=""birdmaster""> Griviel: A village where pigeons can't go?","<sprite name=""birdmaster""> Griviel: ¿Una aldea a la que no pueden llegar las palomas?"
line:05f4a99,"<sprite name=""birdmaster""> Griviel: A carrier lutin would be useful, then...","<sprite name=""birdmaster""> Griviel: En ese caso, un duende mensajero sería útil…"
line:0454144,Say nothing,No decir nada
line:097757b,"<sprite name=""birdmaster""> Griviel: Let's see if Zaza can find them!","<sprite name=""birdmaster""> Griviel: ¡Veamos si Zaza puede encontrar al responsable!"
line:0b0cd90,Narrator: And the birdmaster opens a cage containing a creature: a cocatrix!,Narrador: El maestro de aves abre una jaula que contiene una criatura: ¡una cocatriz!
line:0b4423e,"Narrator: Half chicken, half snake: a very dangerous beast...",Narrador: Mitad gallina y mitad serpiente: una bestia muy peligrosa…
line:0f16a49,Narrator: You think it might not be a good idea to release it into the city...,Narrador: Crees que quizá no sea buena idea liberarla en la ciudad…
line:0b41bef,Narrator: And the cocatrix flies out the window.,Narrador: La cocatriz sale volando por la ventana.
line:0a18211,"<sprite name=""birdmaster""> Griviel: So you're telling me there's a village where the pigeons can't go?","<sprite name=""birdmaster""> Griviel: Entonces, ¿me dices que hay una aldea adonde no pueden llegar las palomas?"
line:0eedd4e,"<sprite name=""birdmaster""> Griviel: I've never heard of this! They could have sent us a letter!","<sprite name=""birdmaster""> Griviel: ¡Nunca había oído hablar de esto! ¡Podrían habernos enviado una carta!"
line:0e9e525,"<sprite name=""birdmaster""> Griviel: Oh... Well... No I guess they couldn't.","<sprite name=""birdmaster""> Griviel: Ah… Bueno… No, supongo que no podían."
line:097fe26,"<sprite name=""birdmaster""> Griviel: We need to find a solution to solve this situation!","<sprite name=""birdmaster""> Griviel: ¡Tenemos que encontrar una solución para resolver esta situación!"
line:044be5b,"<sprite name=""carrierlutin""><br><br>Maybe Regnon?","<sprite name=""carrierlutin""><br><br>¿Quizá Regnon?"
line:090293f,"<sprite name=""exclamation""><br><br>Ok...","<sprite name=""exclamation""><br><br>Está bien..."
line:03ccee8,"<sprite name=""birdmaster""> Griviel: I'm Griviel, the birdmaster. I live here by myself at the top of the castle.","<sprite name=""birdmaster""> Griviel: Soy Griviel, el maestro de aves. Vivo aquí a solas, en lo alto del castillo."
line:03c8013,"<sprite name=""birdmaster""> Griviel: Here I take care of my little friends.","<sprite name=""birdmaster""> Griviel: Aquí cuido de mis pequeños amigos."
line:020a056,"<sprite name=""birdmaster""> Griviel: I send them all over Gatherac to maintain connection... and peace.","<sprite name=""birdmaster""> Griviel: Los envío por todo Gatherac para mantener la comunicación… y la paz."
line:0563e8a,"<sprite name=""birdmaster""> Griviel: And I gather news of the land to give to the town criers.","<sprite name=""birdmaster""> Griviel: También recopilo noticias de estas tierras para dárselas a los pregoneros."
line:024ec2d,"<sprite name=""birdmaster""> Griviel: I'm the birdmaster, I take care of the mail and the birds.","<sprite name=""birdmaster""> Griviel: Soy el maestro de aves; me encargo del correo y de las aves."
line:0e0862d,"<sprite name=""birdmaster""> Griviel: I also gather the news of the land and give them the town criers.","<sprite name=""birdmaster""> Griviel: También recopilo las noticias de estas tierras y se las doy a los pregoneros."
line:05d4540,"<sprite name=""birdmaster""> Griviel: By the way, there's one of them that drives me crazy: Sebaste!","<sprite name=""birdmaster""> Griviel: Por cierto, hay uno que me vuelve loco: ¡Sebaste!"
line:07f20c0,"<sprite name=""birdmaster""> Griviel: He always tells terrible news. And people seem to like it!","<sprite name=""birdmaster""> Griviel: Siempre anuncia noticias terribles. ¡Y parece que a la gente le gusta!"
line:0a6be48,"<sprite name=""birdmaster""> Griviel: But almost everything he tells is false! Lies!","<sprite name=""birdmaster""> Griviel: ¡Pero casi todo lo que cuenta es falso! ¡Mentiras!"
line:02904fa,"<sprite name=""birdmaster""> Griviel: If you could make him stop... You can find him in Peace Square.","<sprite name=""birdmaster""> Griviel: Si pudieras hacerlo parar… Lo encontrarás en la Plaza de la Paz."
line:090e92f,"<sprite name=""birdmaster""> Griviel: By the way, Sebaste is still spreading misinformation in Peace Square.","<sprite name=""birdmaster""> Griviel: Por cierto, Sebaste sigue difundiendo información falsa en la Plaza de la Paz."
line:028b360,"<sprite name=""birdmaster""> Griviel: If you want to do something about it...","<sprite name=""birdmaster""> Griviel: Por si quieres hacer algo al respecto…"
line:0c1de11,"<sprite name=""birdmaster""> Griviel: By the way, I've heard you dealt with Sebaste already!","<sprite name=""birdmaster""> Griviel: Por cierto, ¡oí que ya te ocupaste de Sebaste!"
line:007b38c,"<sprite name=""birdmaster""> Griviel: Thank you. People of Hortegarde deserve the truth!","<sprite name=""birdmaster""> Griviel: Gracias. ¡La gente de Hortegarde merece conocer la verdad!"
line:0bc32c1,"<sprite name=""birdmaster""> Griviel: So... You found another bag of mail?","<sprite name=""birdmaster""> Griviel: Entonces… ¿Encontraste otra bolsa de correo?"
line:08dfa87,"<sprite name=""birdmaster""> Griviel: But these are the same letters...","<sprite name=""birdmaster""> Griviel: Pero son las mismas cartas…"
line:0ffdffc,"<sprite name=""birdmaster""> Griviel: Is this some kind of a trick?","<sprite name=""birdmaster""> Griviel: ¿Es alguna clase de truco?"
line:00ece9f,"<sprite name=""birdmaster""> Griviel: Get out of my dovecote!","<sprite name=""birdmaster""> Griviel: ¡Fuera de mi palomar!"
line:01ef3cf,Narrator: The birdmaster looks really upset.,Narrador: El maestro de aves parece muy molesto.
line:0efc98b,"<sprite name=""birdmaster""> Griviel: Oh! You brought the mail back!","<sprite name=""birdmaster""> Griviel: ¡Oh! ¡Recuperaste el correo!"
line:0c28070,"<sprite name=""birdmaster""> Griviel: So you found the thief?","<sprite name=""birdmaster""> Griviel: Entonces, ¿encontraste al responsable?"
line:0a3afa1,"<sprite name=""birdmaster""> Griviel: I hope they receive the punishment they deserve!","<sprite name=""birdmaster""> Griviel: ¡Espero que reciba el castigo que merece!"
line:00e9aec,"<sprite name=""birdmaster""> Griviel: Thanks, anyways! You carried the mail like a good bird!","<sprite name=""birdmaster""> Griviel: ¡Gracias de todos modos! ¡Transportaste el correo como una buena ave!"
line:0706dc7,"<sprite name=""birdmaster""> Griviel: You deserve a reward!","<sprite name=""birdmaster""> Griviel: ¡Mereces una recompensa!"
line:01a8661,"<sprite name=""birdmaster""> Griviel: My dovecote is crowded enough! Better ditch this through the window.","<sprite name=""birdmaster""> Griviel: ¡Mi palomar ya está bastante lleno! Mejor arrojar esto por la ventana."
line:0abf433,"<sprite name=""clerk""> Pacian: Good morning, welcome to the Castle!","<sprite name=""clerk""> Pacian: ¡Buenos días! ¡Te damos la bienvenida al Castillo!"
line:05ea002,"<sprite name=""clerk""> Pacian: May I help you?","<sprite name=""clerk""> Pacian: ¿Puedo ayudarte?"
line:08ae569,"<sprite name=""clerk""> Pacian: Number {0}!","<sprite name=""clerk""> Pacian: ¡Número {0}!"
line:096aed3,"<sprite name=""ap""><br><br>Wait...","<sprite name=""ap""><br><br>Esperar..."
line:05b4604,Narrator: You wait for hours. Days maybe?,Narrador: Esperas durante horas. ¿Quizá días?
line:0144dd1,"<sprite name=""exclamation""><br><br>Wax cylinders?","<sprite name=""exclamation""><br><br>¿Cilindros de cera?"
line:00c591e,"<sprite name=""exclamation""><br><br>The Miller","<sprite name=""exclamation""><br><br>El molinero"
line:03d6816,"<sprite name=""exclamation""><br><br>Ask for the Council","<sprite name=""exclamation""><br><br>Preguntar por el Consejo"
line:0c5fa01,"<sprite name=""talk""><br><br>The Miller","<sprite name=""talk""><br><br>El molinero"
line:000da76,"<sprite name=""talk""><br><br>Where are we?","<sprite name=""talk""><br><br>¿Dónde estamos?"
line:053cb45,"<sprite name=""trade""><br><br>Give","<sprite name=""trade""><br><br>Entregar"
line:05baae6,"<sprite name=""leave""><br><br>Leave","<sprite name=""leave""><br><br>Irse"
line:0022424,"<sprite name=""clerk""> Pacian: You're here at the Castle of Hortegarde.","<sprite name=""clerk""> Pacian: Estás en el Castillo de Hortegarde."
line:08c0d5c,"<sprite name=""clerk""> Pacian: It's the central administration of Gatherac.","<sprite name=""clerk""> Pacian: Es la administración central de Gatherac."
line:02317fb,"<sprite name=""clerk""> Pacian: Here we write the law, collect taxes, distribute allowances, coordinate the different councils...","<sprite name=""clerk""> Pacian: Aquí redactamos las leyes, recaudamos impuestos, distribuimos subsidios y coordinamos los distintos consejos…"
line:0e66700,"<sprite name=""clerk""> Pacian: So what do you need?","<sprite name=""clerk""> Pacian: Entonces, ¿qué necesitas?"
line:0a10eb9,"<sprite name=""clerk""> Pacian: Just follow the corridor, it's the last door on the left!","<sprite name=""clerk""> Pacian: ¡Sigue el pasillo, es la última puerta a la izquierda!"
line:0818e52,"<sprite name=""clerk""> Pacian: Councillor Orti is available for public hearings!","<sprite name=""clerk""> Pacian: ¡La consejera Orti está disponible para audiencias públicas!"
line:0bb9e6d,"<sprite name=""clerk""> Pacian: Number {0}!","<sprite name=""clerk""> Pacian: ¡Número {0}!"
line:0a2f823,"<sprite name=""clerk""> Pacian: Sorry we have to close the desk! Come back later!","<sprite name=""clerk""> Pacian: ¡Lo siento, tenemos que cerrar la ventanilla! ¡Regresa más tarde!"
line:07fd291,"<sprite name=""clerk""> Pacian: Sorry, for professional demands, you need to take a ticket and wait in line.","<sprite name=""clerk""> Pacian: Lo siento, para asuntos profesionales debes sacar un número y esperar en la fila."
line:01ccd30,"<sprite name=""clerk""> Pacian: Here, have one. Wait for me to call your number!","<sprite name=""clerk""> Pacian: Toma uno. ¡Espera a que llame tu número!"
line:0394b6c,Narrator: The number on the ticket is...,Narrador: El número del boleto es…
line:0ac7161,Narrator: 692!,Narrador: ¡692!
line:01d981e,Narrator: 692...,Narrador: 692…
line:0920419,"<sprite name=""clerk""> Pacian: Number {0}, please!","<sprite name=""clerk""> Pacian: ¡Número {0}, por favor!"
line:087c895,"<sprite name=""clerk""> Pacian: Are you trying to bribe me to cut the line?","<sprite name=""clerk""> Pacian: ¿Intentas sobornarme para saltarte la fila?"
line:0f80f7d,"<sprite name=""clerk""> Pacian: Wait for your number!","<sprite name=""clerk""> Pacian: ¡Espera tu número!"
line:090dab4,"<sprite name=""clerk""> Pacian: Sorry, it's not your turn!","<sprite name=""clerk""> Pacian: Lo siento, ¡todavía no es tu turno!"
line:0dde011,"<sprite name=""clerk""> Pacian: No cutsies!","<sprite name=""clerk""> Pacian: ¡Nada de colarse!"
line:0e3383f,"<sprite name=""clerk""> Pacian: Wait for your number like everybody else!","<sprite name=""clerk""> Pacian: ¡Espera tu número como todo el mundo!"
line:0a6528a,"<sprite name=""clerk""> Pacian: Oh you missed your turn.","<sprite name=""clerk""> Pacian: Ah, perdiste tu turno."
line:0a84f7b,"<sprite name=""clerk""> Pacian: But don't worry, I can squeeze you in the schedule.","<sprite name=""clerk""> Pacian: Pero no te preocupes, puedo hacerte un espacio en la agenda."
line:0458e20,"<sprite name=""clerk""> Pacian: What do you need?","<sprite name=""clerk""> Pacian: ¿Qué necesitas?"
line:0905298,"<sprite name=""exclamation""><br><br>Help for the mill","<sprite name=""exclamation""><br><br>Ayuda para el molino"
line:0cfebc9,"<sprite name=""clerk""> Pacian: Hum I see... But we don't have a substitute miller available... Maybe...","<sprite name=""clerk""> Pacian: Hum, entiendo… Pero no tenemos un molinero sustituto disponible… Quizá…"
line:0e6aafd,"<sprite name=""clerk""> Pacian: Well, I'll send an engineer there! They will figure out something!","<sprite name=""clerk""> Pacian: Bueno, ¡enviaré a alguien de ingeniería! ¡Encontrará alguna solución!"
line:06233a2,"<sprite name=""clerk""> Pacian: Have a nice day, baladin! Thank you for helping the community!","<sprite name=""clerk""> Pacian: ¡Que tengas un buen día, baladin! ¡Gracias por ayudar a la comunidad!"
line:048498b,Narrator: It's the number on your ticket! Quick! Give it to Pacian!,Narrador: ¡Es el número de tu boleto! ¡Rápido! ¡Entrégaselo a Pacian!
line:0476eb3,"<sprite name=""clerk""> Pacian: Yes, yes, I know! I already sent help there!","<sprite name=""clerk""> Pacian: Sí, sí, ¡lo sé! ¡Ya envié ayuda!"
line:0c8d632,"<sprite name=""clerk""> Pacian: Wax cylinders that belonged to the baladins guild?","<sprite name=""clerk""> Pacian: ¿Cilindros de cera que pertenecían al gremio de los baladins?"
line:02ad94a,"<sprite name=""clerk""> Pacian: Alright take a ticket!","<sprite name=""clerk""> Pacian: ¡Muy bien, saca un número!"
line:0278209,"<sprite name=""clerk""> Pacian: Nah I'm joking. Let me see...","<sprite name=""clerk""> Pacian: No, es broma. Déjame ver…"
line:02a43d0,"<sprite name=""clerk""> Pacian: Ha! All wax cylinders belonging to the guild of baladins also known as The Ensemble...","<sprite name=""clerk""> Pacian: ¡Ajá! Todos los cilindros de cera pertenecientes al gremio de los baladins, también conocido como el Conjunto…"
line:0d739c9,"<sprite name=""clerk""> Pacian: Have been restituted to their rightful owners during the great cleaning of the national archives... In the year 1125.","<sprite name=""clerk""> Pacian: Fueron restituidos a sus legítimos propietarios durante la gran limpieza de los archivos nacionales… En el año 1125."
line:02e44c3,"<sprite name=""clerk""> Pacian: Sorry, baladin. We've nothing!","<sprite name=""clerk""> Pacian: Lo siento, baladin. ¡No tenemos nada!"
line:09187be,"<sprite name=""clerk""> Pacian: It's written right here! We gave you back your archives over two hundred years ago.","<sprite name=""clerk""> Pacian: ¡Está escrito aquí mismo! Les devolvimos sus archivos hace más de doscientos años."
line:0768479,"<sprite name=""clerk""> Pacian: They should be in your guild hall!","<sprite name=""clerk""> Pacian: ¡Deberían estar en el salón de su gremio!"
line:03d1dea,"<sprite name=""councilmember""> Orti: May I help you?","<sprite name=""councilmember""> Orti: ¿Puedo ayudarte?"
line:0cd0879,"<sprite name=""councilmember""> Orti: Be quick. The thirty-third daily deliberation is about to commence.","<sprite name=""councilmember""> Orti: Sé breve. La trigésima tercera deliberación del día está por comenzar."
line:0bfb9ed,"<sprite name=""councilmember""> Orti: Oh! You again?","<sprite name=""councilmember""> Orti: ¡Oh! ¿Otra vez tú?"
line:07ba630,"<sprite name=""councilmember""> Orti: I had to wake up, anyway.","<sprite name=""councilmember""> Orti: De todos modos tenía que despertar."
line:03a2d45,"<sprite name=""councilmember""> Orti: Please tell me you need my help somewhere far away from this castle.","<sprite name=""councilmember""> Orti: Por favor, dime que necesitas mi ayuda en algún lugar muy lejos de este castillo."
line:098b9c0,"<sprite name=""councilmember""> Orti: What a pleasure to see you again!","<sprite name=""councilmember""> Orti: ¡Qué placer volver a verte!"
line:047ac28,"<sprite name=""councilmember""> Orti: Oh no. Not you. You're annoying.","<sprite name=""councilmember""> Orti: Ay, no. Tú no. Eres irritante."
line:07febc0,"<sprite name=""councilmember""> Orti: I have... Work to do.","<sprite name=""councilmember""> Orti: Tengo… trabajo que hacer."
line:0a0e26b,"<sprite name=""councilmember""> Orti: Just leave. Now.","<sprite name=""councilmember""> Orti: Márchate. Ahora."
line:0389734,"<sprite name=""councilmember""> Orti: Please.","<sprite name=""councilmember""> Orti: Por favor."
line:0935020,"<sprite name=""exclamation""><br><br>Wax cylinders?","<sprite name=""exclamation""><br><br>¿Cilindros de cera?"
line:0363322,"<sprite name=""exclamation""><br><br>About the war...","<sprite name=""exclamation""><br><br>Sobre la guerra..."
line:0f2016e,"<sprite name=""exclamation""><br><br>Tell about Colobra","<sprite name=""exclamation""><br><br>Hablar de Colobra"
line:0e5a863,"<sprite name=""councilmember""> Orti: Hum! You have stickers! You come from the future!","<sprite name=""councilmember""> Orti: ¡Hum! ¡Tienes calcomanías! ¡Vienes del futuro!"
line:0435829,"<sprite name=""councilmember""> Orti: Nice to see you again, I guess.","<sprite name=""councilmember""> Orti: Me alegra volver a verte, supongo."
line:07a36e5,"<sprite name=""exclamation""><br><br>Ask for the Register","<sprite name=""exclamation""><br><br>Pedir el Registro"
line:0861783,"<sprite name=""councilmember""> Orti: You need the Time Protocol Register?","<sprite name=""councilmember""> Orti: ¿Necesitas el Registro del Protocolo Temporal?"
line:0afed5e,"<sprite name=""talk""><br><br>Wax cylinders?","<sprite name=""talk""><br><br>¿Cilindros de cera?"
line:0313465,"<sprite name=""talk""><br><br>About the war...","<sprite name=""talk""><br><br>Sobre la guerra..."
line:0bd8dce,"<sprite name=""talk""><br><br>What's up?","<sprite name=""talk""><br><br>¿Qué ocurre?"
line:08f9ac7,"<sprite name=""trade""><br><br>Give","<sprite name=""trade""><br><br>Entregar"
line:09ecc7a,"<sprite name=""leave""><br><br>Leave","<sprite name=""leave""><br><br>Irse"
line:04cb0e3,"<sprite name=""councilmember""> Orti: You're standing in the castle of Hortegarde. The beating heart of Gatherac.","<sprite name=""councilmember""> Orti: Estás en el castillo de Hortegarde, el corazón de Gatherac."
line:07911e0,"<sprite name=""councilmember""> Orti: Here sits the Great Council. We receive pigeons from all over the country and make decisions when necessary.","<sprite name=""councilmember""> Orti: Aquí se reúne el Gran Consejo. Recibimos palomas de todo el país y tomamos decisiones cuando es necesario."
line:05bbbc8,"<sprite name=""councilmember""> Orti: If you want to make yourself useful, you can help us with our latest situation.","<sprite name=""councilmember""> Orti: Si quieres ser útil, puedes ayudarnos con nuestro problema más reciente."
line:0f83b24,"<sprite name=""councilmember""> Orti: Some merchants have complaints about a magic fake currency that is circulating.","<sprite name=""councilmember""> Orti: Algunos comerciantes se quejan de una moneda mágica falsa que está circulando."
line:04de831,"<sprite name=""councilmember""> Orti: It looks like gold but it turns to bird droppings after a few days...","<sprite name=""councilmember""> Orti: Parece oro, pero al cabo de unos días se convierte en excremento de ave…"
line:03956bd,"<sprite name=""councilmember""> Orti: Remember that we're still looking for the source of the fake gold coins circulating the city.","<sprite name=""councilmember""> Orti: Recuerda que seguimos buscando el origen de las monedas de oro falsas que circulan por la ciudad."
line:0f959ea,"<sprite name=""councilmember""> Orti: Hum! Let's see...","<sprite name=""councilmember""> Orti: ¡Hum! Veamos…"
line:0a351ad,"<sprite name=""councilmember""> Orti: Don't try to bribe me. I don't have that much power...","<sprite name=""councilmember""> Orti: No intentes sobornarme. No tengo tanto poder…"
line:0532e7c,"<sprite name=""councilmember""> Orti: About your dragon problem, there might be solutions.","<sprite name=""councilmember""> Orti: En cuanto a tu problema con el dragón, puede haber soluciones."
line:0ec4b66,"<sprite name=""councilmember""> Orti: You should ask Onorada, the matriarch of the Spellhold, in Lumensac.","<sprite name=""councilmember""> Orti: Deberías consultar a Onorada, la matriarca del Bastión Mágico, en Lumensac."
line:089946a,"<sprite name=""councilmember""> Orti: Or maybe you could try with the high judge of Mercazon.","<sprite name=""councilmember""> Orti: O quizá podrías intentarlo con la máxima autoridad judicial de Mercazon."
line:0c4889e,"<sprite name=""councilmember""> Orti: I'm sure you'll find a solution in the future...","<sprite name=""councilmember""> Orti: Seguro que encontrarás una solución en el futuro…"
line:0a1f27f,"<sprite name=""councilmember""> Orti: Or the past!","<sprite name=""councilmember""> Orti: ¡O en el pasado!"
line:03994f0,"<sprite name=""councilmember""> Orti: So, did you bring the Register?","<sprite name=""councilmember""> Orti: Entonces, ¿trajiste el Registro?"
line:0e3e758,"<sprite name=""councilmember""> Orti: You can give it to me.","<sprite name=""councilmember""> Orti: Puedes entregármelo."
line:06f5377,"<sprite name=""councilmember""> Orti: Or come back in another time loop!","<sprite name=""councilmember""> Orti: ¡O regresar en otro bucle temporal!"
line:07b4111,"<sprite name=""councilmember""> Orti: Hum... So, you come from the future?","<sprite name=""councilmember""> Orti: Hum… Entonces, ¿vienes del futuro?"
line:05dde30,"<sprite name=""councilmember""> Orti: It's not... Unheard of.","<sprite name=""councilmember""> Orti: No sería… la primera vez."
line:0d566ed,"<sprite name=""councilmember""> Orti: Do you have the Register?","<sprite name=""councilmember""> Orti: ¿Tienes el Registro?"
line:0e22c26,"<sprite name=""councilmember""> Orti: You see, the mages of Lumensac have created a Time Protocol.","<sprite name=""councilmember""> Orti: Verás, los magos de Lumensac crearon un Protocolo Temporal."
line:02719c7,"<sprite name=""councilmember""> Orti: They gave us a weird parrot statue that says unpredictable words every hour...","<sprite name=""councilmember""> Orti: Nos dieron una extraña estatua de loro que pronuncia palabras impredecibles cada hora…"
line:0a90b0a,"<sprite name=""councilmember""> Orti: And a council member writes them all down in a Register.","<sprite name=""councilmember""> Orti: Y un integrante del Consejo las anota todas en un Registro."
line:01e776b,"<sprite name=""councilmember""> Orti: Yeah we know, we know, you come from the future.","<sprite name=""councilmember""> Orti: Sí, ya lo sabemos, vienes del futuro."
line:071de0d,"<sprite name=""councilmember""> Orti: You don't need to bring back Registers again!","<sprite name=""councilmember""> Orti: ¡No necesitas volver a traer Registros!"
line:007dcd5,"<sprite name=""councilmember""> Orti: Shramoulex, Vandeviande, Obromide...","<sprite name=""councilmember""> Orti: Shramoulex, Vandeviande, Obromide…"
line:0572d11,"<sprite name=""councilmember""> Orti: ...and the next one must be: Saufriquet.","<sprite name=""councilmember""> Orti: …y la siguiente debe ser: Saufriquet."
line:02ad88d,Parrot Statue: SAUFRIQUET!,Estatua de loro: ¡SAUFRIQUET!
line:0342e87,"<sprite name=""councilmember""> Orti: By the gods, you do come from the future!","<sprite name=""councilmember""> Orti: ¡Por los dioses, realmente vienes del futuro!"
line:0a0b203,"<sprite name=""councilmember""> Orti: Here, have some stickers for you and your fellow time travellers.","<sprite name=""councilmember""> Orti: Toma unas calcomanías para ti y tus compañeros viajeros temporales."
line:0ea411a,"<sprite name=""question""> Tutorial: <i>The baladins now have the Time Travellers' Stickers.</i>","<sprite name=""question""> Tutorial: <i>Los baladins ahora tienen las Calcomanías de los Viajeros Temporales.</i>"
line:0b6c36f,"<sprite name=""question""> Tutorial: <i>They will be recognized as coming from the future by people knowing about the protocol.</i>","<sprite name=""question""> Tutorial: <i>Quienes conozcan el protocolo reconocerán que vienen del futuro.</i>"
line:05b46d0,"<sprite name=""councilmember""> Orti: Hum... This Register is dated from the past, not the future.","<sprite name=""councilmember""> Orti: Hum… Este Registro está fechado en el pasado, no en el futuro."
line:01af736,"<sprite name=""councilmember""> Orti: I'm sorry but it doesn't prove anything.","<sprite name=""councilmember""> Orti: Lo siento, pero no demuestra nada."
line:0c40083,"<sprite name=""councilmember""> Orti: Come back next week and I'll give you a complete Register!","<sprite name=""councilmember""> Orti: ¡Regresa la próxima semana y te daré un Registro completo!"
line:0013fed,"<sprite name=""councilmember""> Orti: Here's a copy, dated today.","<sprite name=""councilmember""> Orti: Aquí tienes una copia fechada hoy."
line:03f1396,"<sprite name=""councilmember""> Orti: Bring it back to me. In the past! This will be proof that you are from the future.","<sprite name=""councilmember""> Orti: Tráemela de vuelta. ¡En el pasado! Esto demostrará que vienes del futuro."
line:096875c,"<sprite name=""councilmember""> Orti: I'll give you the help you need.","<sprite name=""councilmember""> Orti: Te daré la ayuda que necesitas."
line:0dc5233,"<sprite name=""councilmember""> Orti: Hum? Oh! You found the source of our magic money problem?","<sprite name=""councilmember""> Orti: ¿Hum? ¡Oh! ¿Encontraste el origen de nuestro problema con el dinero mágico?"
line:0e16222,"<sprite name=""councilmember""> Orti: Griviel our birdmaster will take care of this poor animal.","<sprite name=""councilmember""> Orti: Griviel, nuestro maestro de aves, se encargará de este pobre animal."
line:0d4cd54,"<sprite name=""councilmember""> Orti: You did us a great favor, I thank you in the name of the people of Gatherac.","<sprite name=""councilmember""> Orti: Nos hiciste un gran favor. Te lo agradezco en nombre de la gente de Gatherac."
line:0e6bbb6,"<sprite name=""councilmember""> Orti: It seems you already have a copy of this week's Register.","<sprite name=""councilmember""> Orti: Parece que ya tienes una copia del Registro de esta semana."
line:040ee40,"<sprite name=""councilmember""> Orti: You can come back next week.","<sprite name=""councilmember""> Orti: Puedes regresar la próxima semana."
line:071d1bc,"<sprite name=""councilmember""> Orti: See you earlier, time traveller!","<sprite name=""councilmember""> Orti: ¡Nos vemos antes, viajero temporal!"
line:0e7a498,"<sprite name=""councilmember""> Orti: Hum? Oh for all archives matters, just ask Pacian at the main desk.","<sprite name=""councilmember""> Orti: ¿Mmm? ¿Sobre los archivos? Pregúntale a Pacian en la ventanilla principal."
line:0f982b8,"<sprite name=""councilmember""> Orti: They will know better.","<sprite name=""councilmember""> Orti: Allí sabrán orientarte mejor."
line:0e4bf10,"<sprite name=""councilmember""> Orti: War? Oh by the gods. No! NO!","<sprite name=""councilmember""> Orti: ¿Guerra? Ay, por los dioses. ¡No! ¡NO!"
line:03b614a,"<sprite name=""councilmember""> Orti: It's only a rumor. Nothing has been seen on the border with Hobland for decades!","<sprite name=""councilmember""> Orti: Solo es un rumor. ¡No se ha visto nada en la frontera con Hobland desde hace décadas!"
line:0dc68b8,"<sprite name=""councilmember""> Orti: And we had reports this morning of the Peace Tree in Roazay: it's still blooming!","<sprite name=""councilmember""> Orti: Y esta mañana recibimos informes sobre el Árbol de la Paz de Roazay: ¡todavía florece!"
line:0d729b1,"<sprite name=""councilmember""> Orti: A flower of the Peace Tree is always proof that there's no war coming.","<sprite name=""councilmember""> Orti: Una flor del Árbol de la Paz siempre demuestra que no se aproxima ninguna guerra."
line:0327e48,"<sprite name=""councilmember""> Orti: I told you: the Peace Tree is still blooming!","<sprite name=""councilmember""> Orti: Ya te lo dije: ¡el Árbol de la Paz todavía florece!"
line:0f0f6b2,"<sprite name=""councilmember""> Orti: And don't go fabricate any fake evidence, like a flag or a shield from Hobland!","<sprite name=""councilmember""> Orti: ¡Y no vayas a fabricar pruebas falsas, como una bandera o un escudo de Hobland!"
line:075f2a6,"<sprite name=""councilmember""> Orti: We don't want people to panic!","<sprite name=""councilmember""> Orti: ¡No queremos que la gente entre en pánico!"
line:0824c45,"<sprite name=""director""> Hollibrius: Who art thou?","<sprite name=""director""> Hollibrius: ¿Quién sois?"
line:0e6fec8,"<sprite name=""director""> Hollibrius: Why is it thou come to my theater?","<sprite name=""director""> Hollibrius: ¿Por qué habéis venido a mi teatro?"
line:0ac6e59,"<sprite name=""director""> Hollibrius: Greetings.","<sprite name=""director""> Hollibrius: Saludos."
line:0be17bd,"<sprite name=""director""> Hollibrius: Who let a lesser artist come to my theater?","<sprite name=""director""> Hollibrius: ¿Quién permitió que un artista inferior entrara en mi teatro?"
line:077e140,"<sprite name=""director""> Hollibrius: Do thou come to me in search of teachings?","<sprite name=""director""> Hollibrius: ¿Acudís a mí en busca de enseñanzas?"
line:0966877,"<sprite name=""director""> Hollibrius: I have all the time in the world!","<sprite name=""director""> Hollibrius: ¡Dispongo de todo el tiempo del mundo!"
line:0de1aeb,"<sprite name=""director""> Hollibrius: Do not waste my time.","<sprite name=""director""> Hollibrius: No malgastéis mi tiempo."
line:0072068,"<sprite name=""director""> Hollibrius: Get out of my theater!","<sprite name=""director""> Hollibrius: ¡Fuera de mi teatro!"
line:0740e96,"<sprite name=""director""> Hollibrius: NOW!","<sprite name=""director""> Hollibrius: ¡AHORA!"
line:0eebd21,"<sprite name=""exclamation""><br><br>The eternal show","<sprite name=""exclamation""><br><br>La obra eterna"
line:0b86c7d,"<sprite name=""exclamation""><br><br> Need help?","<sprite name=""exclamation""><br><br>¿Necesitáis ayuda?"
line:0b395e3,"<sprite name=""exclamation""><br><br>The arena...","<sprite name=""exclamation""><br><br>La arena..."
line:0d404b1,"<sprite name=""exclamation""><br><br>Make a show at the arena!","<sprite name=""exclamation""><br><br>¡Actuar en la arena!"
line:0389663,"<sprite name=""talk""><br><br>The eternal show","<sprite name=""talk""><br><br>La obra eterna"
line:0d2e94e,"<sprite name=""talk""><br><br> Need help?","<sprite name=""talk""><br><br>¿Necesitáis ayuda?"
line:001c10a,"<sprite name=""talk""><br><br>About the arena...","<sprite name=""talk""><br><br>Sobre la arena..."
line:0fef5d3,"<sprite name=""talk""><br><br>Where are we?","<sprite name=""talk""><br><br>¿Dónde estamos?"
line:0283952,"<sprite name=""trade""><br><br>Give","<sprite name=""trade""><br><br>Entregar"
line:0e826e1,"<sprite name=""leave""><br><br>Leave","<sprite name=""leave""><br><br>Irse"
line:0ad6ea0,"<sprite name=""director""> Hollibrius: Here thou stand in the Theater of Hortegarde!","<sprite name=""director""> Hollibrius: ¡Os halláis en el Teatro de Hortegarde!"
line:077b2b2,"<sprite name=""director""> Hollibrius: An ancient institution indeed, and I am its humble guardian.","<sprite name=""director""> Hollibrius: Una antigua institución, en efecto, de la cual soy humilde guardián."
line:0a3a5d8,"<sprite name=""director""> Hollibrius: I have the pleasure of directing the plays shown on its very stage.","<sprite name=""director""> Hollibrius: Tengo el placer de dirigir las obras que se representan en este mismo escenario."
line:071350b,"<sprite name=""director""> Hollibrius: I deliver the best quality entertainment, not like that scumbag Biscotorius and her arena...","<sprite name=""director""> Hollibrius: Ofrezco entretenimiento de la más alta calidad, no como esa canalla de Biscotorius y su arena…"
line:0048eb6,"<sprite name=""director""> Hollibrius: What is it thou art looking for?","<sprite name=""director""> Hollibrius: ¿Qué buscáis?"
line:05aa5c7,"<sprite name=""talk""><br><br>About you?","<sprite name=""talk""><br><br>¿Sobre vos?"
line:040bf6d,"<sprite name=""leave""><br><br>Back","<sprite name=""leave""><br><br>Volver"
line:0cd6297,"<sprite name=""director""> Hollibrius: You know what, I could use the help of a lesser artist like thee.","<sprite name=""director""> Hollibrius: Ahora que lo pienso, podría servirme la ayuda de un artista inferior como vos."
line:019b9aa,"<sprite name=""director""> Hollibrius: Can I trust thee?","<sprite name=""director""> Hollibrius: ¿Puedo confiar en vos?"
line:058a7e7,"<sprite name=""yes""><br><br>Yes?","<sprite name=""yes""><br><br>¿Sí?"
line:068ed62,"<sprite name=""director""> Hollibrius: Will thou defend thine art with all thine courage?","<sprite name=""director""> Hollibrius: ¿Defenderéis vuestro arte con todo vuestro valor?"
line:03587f6,"<sprite name=""yes""><br><br>I guess?","<sprite name=""yes""><br><br>¿Supongo?"
line:02e4d9a,"<sprite name=""director""> Hollibrius: Will thou take actions against usurpers, even if thou die trying?","<sprite name=""director""> Hollibrius: ¿Actuaréis contra los usurpadores aunque muráis en el intento?"
line:0ed1349,"<sprite name=""yes""><br><br>Ok...","<sprite name=""yes""><br><br>Está bien..."
line:0a673bd,"<sprite name=""no""><br><br>Hell no!","<sprite name=""no""><br><br>¡Ni hablar!"
line:0ec0c74,"<sprite name=""no""><br><br>Nah...","<sprite name=""no""><br><br>Qué va..."
line:0531aa7,"<sprite name=""no""><br><br>No.","<sprite name=""no""><br><br>No."
line:0d5c17f,"<sprite name=""director""> Hollibrius: Brilliant!","<sprite name=""director""> Hollibrius: ¡Brillante!"
line:0c348b0,"<sprite name=""director""> Hollibrius: My enemy is thine enemy baladin: the general Biscotorius, no less!","<sprite name=""director""> Hollibrius: Mi enemiga es vuestra enemiga, baladin: ¡nada menos que la general Biscotorius!"
line:062dee8,"<sprite name=""director""> Hollibrius: The gladiator fights in the arena have drawn all the audience of the theater.","<sprite name=""director""> Hollibrius: Los combates de gladiadores de la arena se han llevado a todo el público del teatro."
line:0a30d93,"<sprite name=""director""> Hollibrius: And will interfere with the Peace Festival too!","<sprite name=""director""> Hollibrius: ¡Y también interferirán con el Festival de la Paz!"
line:0079525,"<sprite name=""director""> Hollibrius: Take this special spice and slip some into the fireworks of the arena.","<sprite name=""director""> Hollibrius: Tomad esta especia especial e introducid un poco en los fuegos artificiales de la arena."
line:08df155,"<sprite name=""director""> Hollibrius: And then, unfathomable misery shall descend on this cursed place!","<sprite name=""director""> Hollibrius: ¡Entonces una desdicha insondable caerá sobre ese lugar maldito!"
line:0fb2d5d,"<sprite name=""director""> Hollibrius: Then I shall find someone else to carry out my revenge.","<sprite name=""director""> Hollibrius: Encontraré a otra persona que lleve a cabo mi venganza."
line:07aab6d,"<sprite name=""director""> Hollibrius: I can hear the thunder of a thousand swords coming from the arena!","<sprite name=""director""> Hollibrius: ¡Oigo el estruendo de mil espadas procedente de la arena!"
line:0eaf34d,"<sprite name=""director""> Hollibrius: Carry on thine mission, leal accomplice.","<sprite name=""director""> Hollibrius: Proseguid vuestra misión, leal cómplice."
line:08ffb95,"<sprite name=""director""> Hollibrius: I have seen the mayhem thou unleashed on our enemy!","<sprite name=""director""> Hollibrius: ¡He visto el caos que desatasteis sobre nuestra enemiga!"
line:022d600,"<sprite name=""director""> Hollibrius: I learned that the arena has closed its doors.","<sprite name=""director""> Hollibrius: Supe que la arena cerró sus puertas."
line:0d4bee4,"<sprite name=""director""> Hollibrius: And thou had not destroyed anything. Impressive.","<sprite name=""director""> Hollibrius: Y no destruisteis nada. Impresionante."
line:0e84585,"<sprite name=""director""> Hollibrius: Well... If thou think that is a good idea...","<sprite name=""director""> Hollibrius: Bueno… Si creéis que es una buena idea…"
line:0e88010,"<sprite name=""director""> Hollibrius: I trust thine judgement, baladin!","<sprite name=""director""> Hollibrius: ¡Confío en vuestro criterio, baladin!"
line:0e2bebe,"<sprite name=""director""> Hollibrius: I shall put aside my hatred and ask my rival for a collaboration.","<sprite name=""director""> Hollibrius: Dejaré a un lado mi odio y propondré una colaboración a mi rival."
line:0c760e4,"<sprite name=""director""> Hollibrius: This has no place in a theatre!","<sprite name=""director""> Hollibrius: ¡Esto no tiene cabida en un teatro!"
line:0d68a2b,"<sprite name=""director""> Hollibrius: What is this? What cursed nectar have thou brought inside my house? An Immortality Potion?","<sprite name=""director""> Hollibrius: ¿Qué es esto? ¿Qué néctar maldito habéis traído a mi morada? ¿Una Poción de inmortalidad?"
line:0313d9e,"<sprite name=""director""> Hollibrius: With this, eternal glory shall be mine...","<sprite name=""director""> Hollibrius: Con esto, la gloria eterna será mía…"
line:0a021f2,Narrator: The director opens the bottle and drinks it in one gulp.,Narrador: El director abre la botella y se la bebe de un solo trago.
line:07ec83a,"<sprite name=""director""> Hollibrius: Have I freed myself from the burden of doom? Am I mortal no more?","<sprite name=""director""> Hollibrius: ¿Me he librado del peso de la perdición? ¿He dejado de ser mortal?"
line:095d5b0,"<sprite name=""director""> Hollibrius: Only time will tell.","<sprite name=""director""> Hollibrius: Solo el tiempo lo dirá."
line:083a6f9,"<sprite name=""director""> Hollibrius: Worry not! I'll make my entrance in due time, when the dragon appears on stage!","<sprite name=""director""> Hollibrius: ¡No os preocupéis! Haré mi entrada a su debido tiempo, ¡cuando el dragón aparezca en escena!"
line:09624ed,"<sprite name=""director""> Hollibrius: I am still at work...","<sprite name=""director""> Hollibrius: Todavía estoy trabajando…"
line:09d9aeb,"<sprite name=""director""> Hollibrius: Surely, I am guilty of dreaming big.","<sprite name=""director""> Hollibrius: Sin duda soy culpable de soñar a lo grande."
line:0f71232,"<sprite name=""director""> Hollibrius: If by any chance thou hath found a way to make me an immortal being...","<sprite name=""director""> Hollibrius: Si por ventura habéis encontrado una forma de convertirme en un ser inmortal…"
line:0930c7d,"<sprite name=""director""> Hollibrius: Then give it to me now!","<sprite name=""director""> Hollibrius: ¡Entregádmela ahora!"
line:03dc286,"<sprite name=""director""> Hollibrius: Baladin! I've been visited at night by a strange character!","<sprite name=""director""> Hollibrius: ¡Baladin! ¡Una figura extraña me visitó durante la noche!"
line:0852a9c,"<sprite name=""director""> Hollibrius: They assured me I became immortal. And... I think I am!","<sprite name=""director""> Hollibrius: Me aseguró que me había vuelto inmortal. Y… ¡creo que lo soy!"
line:04bd175,"<sprite name=""director""> Hollibrius: I haven't closed my eyes since then. Not a minute have I been asleep!","<sprite name=""director""> Hollibrius: Desde entonces no he cerrado los ojos. ¡No he dormido ni un minuto!"
line:05371ed,"<sprite name=""director""> Hollibrius: But I realized I shall seek an immortal audience, too!","<sprite name=""director""> Hollibrius: ¡Pero comprendí que también debo buscar un público inmortal!"
line:0d311a6,"<sprite name=""exclamation""><br><br>The dragon!","<sprite name=""exclamation""><br><br>¡El dragón!"
line:07f6144,"<sprite name=""director""> Hollibrius: There is an immortal dragon? WHERE?","<sprite name=""director""> Hollibrius: ¿Hay un dragón inmortal? ¿DÓNDE?"
line:0eb0b33,"<sprite name=""director""> Hollibrius: And it is ready to watch my play for ETERNITY?","<sprite name=""director""> Hollibrius: ¿Y está dispuesto a contemplar mi obra durante TODA LA ETERNIDAD?"
line:0ac6233,"<sprite name=""director""> Hollibrius: I will meet thou there when it shows up!","<sprite name=""director""> Hollibrius: ¡Me reuniré con vos allí cuando aparezca!"
line:0ff45fc,"<sprite name=""leave""><br><br>No idea...","<sprite name=""leave""><br><br>Ni idea..."
line:07a7e36,"<sprite name=""director""> Hollibrius: Leave me alone, then. I have work to do.","<sprite name=""director""> Hollibrius: Dejadme solo, entonces. Tengo trabajo que hacer."
line:00a55f6,"<sprite name=""director""> Hollibrius: Me? There are many things to say about my genius.","<sprite name=""director""> Hollibrius: ¿Yo? Hay muchas cosas que decir sobre mi genialidad."
line:00178df,"<sprite name=""director""> Hollibrius: I do have my dreams and aspirations, but they are none of thine business.","<sprite name=""director""> Hollibrius: Tengo sueños y aspiraciones, pero no son de vuestra incumbencia."
line:038996e,"<sprite name=""director""> Hollibrius: I open solely to true friends of the arts.","<sprite name=""director""> Hollibrius: Solo me abro ante los verdaderos amigos de las artes."
line:0b1d6a2,"<sprite name=""director""> Hollibrius: My grand work is to make the longest plays ever made.","<sprite name=""director""> Hollibrius: Mi magna obra consiste en crear las obras teatrales más largas de la historia."
line:089b926,"<sprite name=""director""> Hollibrius: I think the audience must feel the passage of time. They must <i>age</i> during a play.","<sprite name=""director""> Hollibrius: Creo que el público debe sentir el paso del tiempo. Debe <i>envejecer</i> durante una obra."
line:0c5e853,"<sprite name=""director""> Hollibrius: I'm working on a project: an infinite play that would go on forever!","<sprite name=""director""> Hollibrius: Trabajo en un proyecto: ¡una obra infinita que continúe para siempre!"
line:0de33f9,"<sprite name=""director""> Hollibrius: But I fear I will not have time to finish it, as the unfathomable embrace of death shall reap my soul one fatidic day.","<sprite name=""director""> Hollibrius: Pero temo no disponer de tiempo para terminarla, pues el abrazo insondable de la muerte segará mi alma cierto día fatídico."
line:0500ca9,"<sprite name=""director""> Hollibrius: The true arts, mine especially, will prevail!","<sprite name=""director""> Hollibrius: ¡Las verdaderas artes, sobre todo la mía, prevalecerán!"
line:0b6c9f7,"<sprite name=""director""> Hollibrius: Here, thou deserve a reward.","<sprite name=""director""> Hollibrius: Tomad, merecéis una recompensa."
line:056139b,"<sprite name=""director""> Hollibrius: Farewell, friend of the arts!","<sprite name=""director""> Hollibrius: ¡Adiós, amante de las artes!"
line:020d23b,"<sprite name=""director""> Hollibrius: Forget about this ominous design!","<sprite name=""director""> Hollibrius: ¡Olvidad este siniestro plan!"
line:0b85894,"<sprite name=""director""> Hollibrius: The General and I are collaborating now.","<sprite name=""director""> Hollibrius: La general y yo estamos colaborando ahora."
line:037ec09,"<sprite name=""director""> Hollibrius: No harm shall be made to her or her arena!","<sprite name=""director""> Hollibrius: ¡No se le hará daño ni a ella ni a su arena!"
line:0e600ba,"<sprite name=""forger""> Edgar: Need somethin', kid?","<sprite name=""forger""> Edgar: ¿Necesitas algo, joven?"
line:01c47cf,"<sprite name=""forger""> Edgar: If you can afford it, I can forge it!","<sprite name=""forger""> Edgar: ¡Si puedes pagarlo, puedo falsificarlo!"
line:0274485,"<sprite name=""forger""> Edgar: What's up?","<sprite name=""forger""> Edgar: ¿Qué ocurre?"
line:0b14ba0,"<sprite name=""forger""> Edgar: Need anythin'?","<sprite name=""forger""> Edgar: ¿Necesitas algo?"
line:0f59e5e,"<sprite name=""forger""> Edgar: Make it quick. Time is money.","<sprite name=""forger""> Edgar: Sé breve. El tiempo es dinero."
line:0a6c8b6,"<sprite name=""forger""> Edgar: A baladin?","<sprite name=""forger""> Edgar: ¿Un baladin?"
line:0d6040a,"<sprite name=""forger""> Edgar: Get out of my shop! Now!","<sprite name=""forger""> Edgar: ¡Fuera de mi tienda! ¡Ahora!"
line:0760b6b,"<sprite name=""forger""> Edgar: I don't want to have anything to do with you anymore!","<sprite name=""forger""> Edgar: ¡No quiero volver a tener nada que ver contigo!"
line:0a70382,"<sprite name=""forger""> Edgar: HA! A friendly baladin face!","<sprite name=""forger""> Edgar: ¡JA! ¡El rostro amistoso de un baladin!"
line:0674fc3,"<sprite name=""forger""> Edgar: What can I do for you?","<sprite name=""forger""> Edgar: ¿Qué puedo hacer por ti?"
line:06b043b,"<sprite name=""exclamation""><br><br>Ask for evidence of war","<sprite name=""exclamation""><br><br>Pedir pruebas de la guerra"
line:031b8b1,"<sprite name=""talk""><br><br>Need help?","<sprite name=""talk""><br><br>¿Necesitas ayuda?"
line:0b1085f,"<sprite name=""talk""><br><br>Who are you?","<sprite name=""talk""><br><br>¿Quién eres?"
line:0549aab,"<sprite name=""trade""><br><br>Give","<sprite name=""trade""><br><br>Entregar"
line:09da029,"<sprite name=""leave""><br><br>Leave","<sprite name=""leave""><br><br>Irse"
line:075be2d,"<sprite name=""forger""> Edgar: So you need fake evidence that war with Hobland is coming?","<sprite name=""forger""> Edgar: Entonces, ¿necesitas pruebas falsas de que se aproxima una guerra con Hobland?"
line:0b37343,"<sprite name=""forger""> Edgar: Shouldn't be too difficult, I used to work with the arena too.","<sprite name=""forger""> Edgar: No debería ser muy difícil. Antes también trabajaba para la arena."
line:0592606,"<sprite name=""forger""> Edgar: For you, it'll be free of course!","<sprite name=""forger""> Edgar: Para ti será gratis, ¡por supuesto!"
line:085d8e9,"<sprite name=""forger""> Edgar: For you it'll be 10 gold coins!","<sprite name=""forger""> Edgar: ¡A ti te costará 10 monedas de oro!"
line:04cd4b8,"<sprite name=""gold""><br><br>Pay","<sprite name=""gold""><br><br>Pagar"
line:0274b88,"<sprite name=""no""><br><br>No thanks...","<sprite name=""no""><br><br>No, gracias..."
line:009908b,"<sprite name=""forger""> Edgar: You're the boss!","<sprite name=""forger""> Edgar: ¡Tú mandas!"
line:041adc9,"<sprite name=""forger""> Edgar: Here we go!","<sprite name=""forger""> Edgar: ¡Manos a la obra!"
line:01405c3,"Narrator: The forger disappears behind a curtain and you hear noises of scraching, sawing, sewing, screwing and cursing.","Narrador: El falsificador desaparece tras una cortina y escuchas ruidos de raspado, aserrado, costura, atornillado y maldiciones."
line:029790a,"<sprite name=""forger""> Edgar: That was easy!","<sprite name=""forger""> Edgar: ¡Fue fácil!"
line:09c1273,"<sprite name=""forger""> Edgar: A real Hoblish shield! Except it's not!","<sprite name=""forger""> Edgar: ¡Un auténtico escudo de Hobland! ¡Excepto que es falso!"
line:08a150a,"<sprite name=""forger""> Edgar: I'll be right here if you need anything else.","<sprite name=""forger""> Edgar: Estaré aquí mismo si necesitas cualquier otra cosa."
line:0e5c833,"<sprite name=""forger""> Edgar: The name's Edgar!","<sprite name=""forger""> Edgar: ¡Me llamo Edgar!"
line:03a765e,"<sprite name=""forger""> Edgar: I'm quite a skilfull crafter, if you know what I mean.","<sprite name=""forger""> Edgar: Soy un artesano bastante habilidoso, si sabes a qué me refiero."
line:033642c,"<sprite name=""forger""> Edgar: I used to work at Backstage Alley back in the days.","<sprite name=""forger""> Edgar: En otros tiempos trabajaba en el Callejón de los Bastidores."
line:0301671,"<sprite name=""forger""> Edgar: Making props for the stage.","<sprite name=""forger""> Edgar: Fabricaba utilería para el escenario."
line:023c085,"<sprite name=""forger""> Edgar: But now I use my skills for a more... lucrative activity.","<sprite name=""forger""> Edgar: Pero ahora empleo mis habilidades en una actividad más… lucrativa."
line:0c5e905,"<sprite name=""forger""> Edgar: If you know what I mean.","<sprite name=""forger""> Edgar: Si sabes a qué me refiero."
line:08043bb,"<sprite name=""forger""> Edgar: Meh. I don't need more stuff in my shop.","<sprite name=""forger""> Edgar: Bah. No necesito más cosas en mi tienda."
line:00b3357,"<sprite name=""forger""> Edgar: Cagdolor! My dear chicken!","<sprite name=""forger""> Edgar: ¡Cagdolor! ¡Mi querida gallina!"
line:0b141f4,Cagdolor: Bôk bôk!,"Cagdolor: ¡Coc, coc!"
line:014f77b,"<sprite name=""forger""> Edgar: Oh thanks baladin! I was terribly worried. She's like a sister to me!","<sprite name=""forger""> Edgar: ¡Gracias, baladin! Estaba muy preocupado. ¡Es como una hermana para mí!"
line:0f9fe90,"<sprite name=""forger""> Edgar: I had to keep actual filthy gold coin in my stash.","<sprite name=""forger""> Edgar: Tuve que guardar una auténtica y mugrienta moneda de oro en mi escondite."
line:009600a,"<sprite name=""forger""> Edgar: Here, I don't need it anymore!","<sprite name=""forger""> Edgar: Toma, ¡ya no la necesito!"
line:0111261,"<sprite name=""forger""> Edgar: Tell me if you need anything!","<sprite name=""forger""> Edgar: ¡Avísame si necesitas algo!"
line:077b68c,"<sprite name=""forger""> Edgar: Help? Hum. Maybe.","<sprite name=""forger""> Edgar: ¿Ayuda? Hum. Tal vez."
line:098dd34,"<sprite name=""forger""> Edgar: Y'see I have lost my beloved chicken, Cagdolor.","<sprite name=""forger""> Edgar: Verás, perdí a mi querida gallina, Cagdolor."
line:0de1b47,"<sprite name=""forger""> Edgar: It's a bird of great value. Sentimental value, of course!","<sprite name=""forger""> Edgar: Es un ave de gran valor. ¡Valor sentimental, por supuesto!"
line:0a7842b,"<sprite name=""forger""> Edgar: Bring it back to me, and I can give you a discount!","<sprite name=""forger""> Edgar: Tráela de vuelta y te haré un descuento."
line:044e6c6,"<sprite name=""forger""> Edgar: Bring me back Cagdolor, my chicken, and I'll give you a discount!","<sprite name=""forger""> Edgar: Tráeme de vuelta a Cagdolor, mi gallina, ¡y te haré un descuento!"
line:09f0900,"<sprite name=""general""> Biscotorius: A baladin! I love those people! Come here!","<sprite name=""general""> Biscotorius: ¡Un baladin! ¡Me encantan! ¡Ven aquí!"
line:093f462,"<sprite name=""general""> Biscotorius: Greetings, baladin!","<sprite name=""general""> Biscotorius: ¡Saludos, baladin!"
line:0297648,"<sprite name=""general""> Biscotorius: Welcome to my awesome arena!","<sprite name=""general""> Biscotorius: ¡Qué gusto recibirte en mi increíble arena!"
line:07d1bf6,"<sprite name=""general""> Biscotorius: State your business, soldier!","<sprite name=""general""> Biscotorius: ¡Expón tu asunto, soldado!"
line:003c50a,"<sprite name=""general""> Biscotorius: Looking for an awesome show?","<sprite name=""general""> Biscotorius: ¿Buscas un espectáculo increíble?"
line:0060411,"<sprite name=""general""> Biscotorius: Tell me what you want!","<sprite name=""general""> Biscotorius: ¡Dime qué quieres!"
line:05b292a,"<sprite name=""general""> Biscotorius: What are you doing here?","<sprite name=""general""> Biscotorius: ¿Qué haces aquí?"
line:0052d9e,"<sprite name=""general""> Biscotorius: An arena is no place for a criminal, it's a respectable place!","<sprite name=""general""> Biscotorius: ¡Una arena no es lugar para delincuentes, es un lugar respetable!"
line:01eadc1,"<sprite name=""general""> Biscotorius: Get out of my sight!","<sprite name=""general""> Biscotorius: ¡Fuera de mi vista!"
line:01af137,"<sprite name=""exclamation""><br><br>Fight Colobra!","<sprite name=""exclamation""><br><br>¡Enfrentarse a Colobra!"
line:009063c,"<sprite name=""exclamation""><br><br>About the director...","<sprite name=""exclamation""><br><br>Sobre el director..."
line:0dad798,"<sprite name=""exclamation""><br><br>Snitch","<sprite name=""exclamation""><br><br>Delatar"
line:0d2e69b,"<sprite name=""exclamation""><br><br>Hire the director!","<sprite name=""exclamation""><br><br>¡Contratar al director!"
line:0867600,"<sprite name=""talk""><br><br>Fight Colobra!","<sprite name=""talk""><br><br>¡Enfrentarse a Colobra!"
line:0a062ee,"<sprite name=""talk""><br><br>About the war...","<sprite name=""talk""><br><br>Sobre la guerra..."
line:0ee542a,"<sprite name=""talk""><br><br>Where are we?","<sprite name=""talk""><br><br>¿Dónde estamos?"
line:09cab62,"<sprite name=""trade""><br><br>Give","<sprite name=""trade""><br><br>Entregar"
line:003cee5,"<sprite name=""leave""><br><br>Leave","<sprite name=""leave""><br><br>Irse"
line:0b69106,"<sprite name=""general""> Biscotorius: You don't know the arena? Who are you?","<sprite name=""general""> Biscotorius: ¿No conoces la arena? ¿Quién eres?"
line:046cd68,"<sprite name=""general""> Biscotorius: I, General Biscotorius, lead the mighty armies of Gatherac.","<sprite name=""general""> Biscotorius: Yo, el general Biscotorius, comando los poderosos ejércitos de Gatherac."
line:0a19009,"<sprite name=""general""> Biscotorius: And since we train here, in the arena, we thought it would be awesome to invite people to watch!","<sprite name=""general""> Biscotorius: Y como entrenamos aquí, en la arena, ¡pensamos que sería increíble invitar al público a mirar!"
line:0ca599e,"<sprite name=""general""> Biscotorius: And it's very awesome! Every week we perform to a full house!","<sprite name=""general""> Biscotorius: ¡Y es increíble! ¡Cada semana actuamos con el recinto lleno!"
line:0c1f51e,Narrator: An army? That could come in handy against a dragon.,Narrador: ¿Un ejército? Podría ser útil contra un dragón.
line:0a53ba7,Narrator: Maybe you could convince Biscotorius to help you?,Narrador: ¿Quizá podrías convencer a Biscotorius de ayudarte?
line:03a2efa,"<sprite name=""general""> Biscotorius: I want to believe you but we need evidence.","<sprite name=""general""> Biscotorius: Quiero creerte, pero necesitamos pruebas."
line:089e3b1,"<sprite name=""general""> Biscotorius: Maybe he gave you something to fulfill their sabotage?","<sprite name=""general""> Biscotorius: ¿Quizá te dio algo para llevar a cabo el sabotaje?"
line:028515e,"<sprite name=""general""> Biscotorius: Working with this scumbag?","<sprite name=""general""> Biscotorius: ¿Trabajar con ese miserable?"
line:0f0d21c,"<sprite name=""general""> Biscotorius: Hell no! I only work with the best of the best!","<sprite name=""general""> Biscotorius: ¡De ninguna manera! ¡Solo trabajo con la élite!"
line:0947203,"<sprite name=""general""> Biscotorius: You'll have to convince me!","<sprite name=""general""> Biscotorius: ¡Tendrás que convencerme!"
line:0b941fd,"<sprite name=""general""> Biscotorius: If you think it's a good idea...","<sprite name=""general""> Biscotorius: Si crees que es una buena idea..."
line:0fda414,"<sprite name=""general""> Biscotorius: A good collab' with another show business star could be awesome, actually!","<sprite name=""general""> Biscotorius: En realidad, ¡una buena colaboración con otra estrella del espectáculo podría ser increíble!"
line:0241d2a,"<sprite name=""general""> Biscotorius: I will consider it. But he has to play fair!","<sprite name=""general""> Biscotorius: Lo consideraré. ¡Pero tiene que jugar limpio!"
line:0bdcd84,"<sprite name=""general""> Biscotorius: If he's in a good mood, we'll try working together!","<sprite name=""general""> Biscotorius: ¡Si está de buen humor, intentaremos trabajar juntos!"
line:04047f0,"<sprite name=""general""> Biscotorius: The what now?","<sprite name=""general""> Biscotorius: ¿La qué?"
line:0868807,"<sprite name=""general""> Biscotorius: There's no war coming! Haha!","<sprite name=""general""> Biscotorius: ¡No se avecina ninguna guerra! ¡Ja, ja!"
line:0e53dac,"<sprite name=""general""> Biscotorius: War! War... That really wouldn't be awesome...","<sprite name=""general""> Biscotorius: ¡Guerra! Guerra... Eso no sería nada increíble..."
line:0efc9e5,"<sprite name=""general""> Biscotorius: Ok, now, I have a show to prepare for tomorrow!","<sprite name=""general""> Biscotorius: Bien, ¡ahora tengo que preparar el espectáculo de mañana!"
line:0900a13,Narrator: You've never seen the general so upset.,Narrador: Nunca habías visto al general tan alterado.
line:0907891,"<sprite name=""general""> Biscotorius: What do you want me to do with this?","<sprite name=""general""> Biscotorius: ¿Qué quieres que haga con esto?"
line:037770a,"<sprite name=""general""> Biscotorius: Hollibrius is already doing community service!","<sprite name=""general""> Biscotorius: ¡Hollibrius ya está haciendo servicio comunitario!"
line:0414e81,"<sprite name=""general""> Biscotorius: Meh... I don't see how this can improve the show...","<sprite name=""general""> Biscotorius: Bah... No veo cómo puede mejorar esto el espectáculo..."
line:0dfbdfe,"<sprite name=""general""> Biscotorius: I knew it!","<sprite name=""general""> Biscotorius: ¡Lo sabía!"
line:06532da,"<sprite name=""general""> Biscotorius: Enough of this terrorist!","<sprite name=""general""> Biscotorius: ¡Ya basta con ese terrorista!"
line:05db3e7,"<sprite name=""general""> Biscotorius: Soldiers! Go to the theater and arrest Hollibrius!","<sprite name=""general""> Biscotorius: ¡Soldados! ¡Vayan al teatro y arresten a Hollibrius!"
line:094f571,"<sprite name=""general""> Biscotorius: And you, baladin, thank you for your service.","<sprite name=""general""> Biscotorius: Y a ti, baladin, gracias por tus servicios."
line:0b97916,"<sprite name=""general""> Biscotorius: You deserve an awesome reward!","<sprite name=""general""> Biscotorius: ¡Mereces una recompensa increíble!"
line:0a8387b,"<sprite name=""general""> Biscotorius: By the gods, these colors!","<sprite name=""general""> Biscotorius: ¡Por los dioses, esos colores!"
line:06b95f1,"<sprite name=""general""> Biscotorius: There's no doubt about it: Hobland troops are coming.","<sprite name=""general""> Biscotorius: No hay duda: se acercan tropas de Hobland."
line:092e935,"<sprite name=""general""> Biscotorius: Where? In Mouliac?!","<sprite name=""general""> Biscotorius: ¿Dónde? ¡¿En Mouliac?!"
line:035254c,"<sprite name=""general""> Biscotorius: We need to brace ourselves and raise the army.","<sprite name=""general""> Biscotorius: Debemos prepararnos y movilizar al ejército."
line:0f9423a,"<sprite name=""general""> Biscotorius: That's... Far from awesome.","<sprite name=""general""> Biscotorius: Eso... no tiene nada de increíble."
line:05d8960,"<sprite name=""general""> Biscotorius: Sorry, baladin, I have to close the arena to the public.","<sprite name=""general""> Biscotorius: Lo siento, baladin, tengo que cerrar la arena al público."
line:0dc0bd7,"<sprite name=""general""> Biscotorius: We're going to war.","<sprite name=""general""> Biscotorius: Nos vamos a la guerra."
line:095d44b,"<sprite name=""general""> Biscotorius: Are you trying to win my heart, baladin?","<sprite name=""general""> Biscotorius: ¿Intentas conquistar mi corazón, baladin?"
line:010948e,"<sprite name=""general""> Biscotorius: Wait? Is this flower from the matagots' magic tree?","<sprite name=""general""> Biscotorius: Espera... ¿Esta flor viene del árbol mágico de los matagots?"
line:0e8ce76,"<sprite name=""general""> Biscotorius: The one that only blooms when peace of the land is not threatened?","<sprite name=""general""> Biscotorius: ¿El que solo florece cuando la paz de estas tierras no está amenazada?"
line:09d7bc5,"<sprite name=""general""> Biscotorius: So this means... We're safe!","<sprite name=""general""> Biscotorius: Entonces esto significa que... ¡estamos a salvo!"
line:0921927,"<sprite name=""general""> Biscotorius: Awesome! What a relief!","<sprite name=""general""> Biscotorius: ¡Increíble! ¡Qué alivio!"
line:0b61dd6,"<sprite name=""general""> Biscotorius: I mean... Not that I was scared of war or anything...","<sprite name=""general""> Biscotorius: Quiero decir... No es que temiera a la guerra ni nada parecido..."
line:0ce2db8,"<sprite name=""general""> Biscotorius: Here, take this. I don't need it anymore and it's bloody dangerous to have a sword lying around.","<sprite name=""general""> Biscotorius: Toma esto. Ya no lo necesito y es muy peligroso dejar una espada tirada por ahí."
line:043c45f,"<sprite name=""general""> Biscotorius: Don't bother: that stupid war was only a rumor.","<sprite name=""general""> Biscotorius: No te molestes: esa absurda guerra era solo un rumor."
line:0b31a75,"<sprite name=""general""> Biscotorius: You saved us, baladin!","<sprite name=""general""> Biscotorius: ¡Nos salvaste, baladin!"
line:0cde75a,"<sprite name=""general""> Biscotorius: Come back anytime!","<sprite name=""general""> Biscotorius: ¡Regresa cuando quieras!"
line:0a3e0d3,Narrator: You're about to betray Hollibrius! This will have consequences.,Narrador: ¡Estás a punto de traicionar a Hollibrius! Esto tendrá consecuencias.
line:0e93270,Narrator: You put the spice back in your bag.,Narrador: Guardas de nuevo la especia en tu bolsa.
line:0738c8c,Do you want to betray a terrorist?,¿Quieres traicionar a un terrorista?
line:0a94c16,Yeah I think it's better not to participate in this sabotage!,"¡Sí, creo que es mejor no participar en este sabotaje!"
line:01b129d,You still have time to think about it.,Todavía tienes tiempo para pensarlo.
line:080b049,Narrator: You're about to give evidence that there's an enemy army coming!,Narrador: ¡Estás a punto de entregar pruebas de que se acerca un ejército enemigo!
line:0c8c061,Narrator: Biscotorius is going to freak out!,Narrador: ¡Biscotorius va a perder la cabeza!
line:08190c8,Narrator: You put it back before the general starts asking questions.,Narrador: Lo guardas antes de que el general empiece a hacer preguntas.
line:0ace658,Do you really want to freak out Biscotorius?,¿De verdad quieres alarmar a Biscotorius?
line:0ac93ee,Alright! Let's hope she doesn't believe it for too long!,¡De acuerdo! ¡Esperemos que no lo crea durante mucho tiempo!
line:06d057d,Right. We're not here to play bad pranks to people.,Cierto. No estamos aquí para gastar bromas pesadas.
line:0a1eb96,"<sprite name=""general""> Biscotorius: A time eating dragon? That's an awesome idea for the show!","<sprite name=""general""> Biscotorius: ¿Un dragón que devora el tiempo? ¡Es una idea increíble para el espectáculo!"
line:0fbf29c,"<sprite name=""general""> Biscotorius: What?! There's an actual dragon threatening our land?","<sprite name=""general""> Biscotorius: ¡¿Qué?! ¿De verdad hay un dragón amenazando nuestras tierras?"
line:070900b,"<sprite name=""general""> Biscotorius: Nonsense! I don't believe you!","<sprite name=""general""> Biscotorius: ¡Tonterías! ¡No te creo!"
line:0a63744,"<sprite name=""general""> Biscotorius: In any case, I only have the right to raise the army in the event of an open conflict with another country.","<sprite name=""general""> Biscotorius: En cualquier caso, solo tengo derecho a movilizar al ejército si hay un conflicto abierto con otro país."
line:0697b2c,"<sprite name=""general""> Biscotorius: It means war!","<sprite name=""general""> Biscotorius: ¡Eso significa guerra!"
line:04019d2,"<sprite name=""general""> Biscotorius: If you have any evidence that a war is brewing, I can help you.","<sprite name=""general""> Biscotorius: Si tienes pruebas de que se avecina una guerra, puedo ayudarte."
line:02da95f,"<sprite name=""general""> Biscotorius: But a dragon is none of my business.","<sprite name=""general""> Biscotorius: Pero un dragón no es asunto mío."
line:01af1ed,"<sprite name=""tailor""> Cameli: My new inspiration! Come closer!","<sprite name=""tailor""> Cameli: ¡Mi nueva inspiración! ¡Acércate!"
line:013fd11,"<sprite name=""tailor""> Cameli: Meow, meow, meow, what do we have here?","<sprite name=""tailor""> Cameli: Miau, miau, miau, ¿qué tenemos aquí?"
line:072fd6c,"<sprite name=""tailor""> Cameli: Someone in desperate need for a makeover, uh uh!","<sprite name=""tailor""> Cameli: Alguien que necesita desesperadamente un cambio de imagen, ¡uh, uh!"
line:041caa6,"<sprite name=""tailor""> Cameli: Looking for trendy or swaggy?","<sprite name=""tailor""> Cameli: ¿Buscas algo moderno o con estilo?"
line:08ebc7b,"<sprite name=""tailor""> Cameli: Ugh! I'll never get used to your... ""style"".","<sprite name=""tailor""> Cameli: ¡Uf! Nunca me acostumbraré a tu... «estilo»."
line:0d20daf,"<sprite name=""tailor""> Cameli: Alright, strike a pose!","<sprite name=""tailor""> Cameli: Muy bien, ¡posa!"
line:02d4b78,"<sprite name=""tailor""> Cameli: Oh no! Not you!","<sprite name=""tailor""> Cameli: ¡Oh, no! ¡Tú no!"
line:0d0cf66,"<sprite name=""tailor""> Cameli: You're an insult to fashion and shouldn't be allowed to wear clothes!","<sprite name=""tailor""> Cameli: ¡Eres un insulto para la moda y no deberían permitirte usar ropa!"
line:0078a74,"<sprite name=""tailor""> Cameli: Out of my sight, you peasant!","<sprite name=""tailor""> Cameli: ¡Fuera de mi vista, plebeyo!"
line:0b7e1f1,"<sprite name=""exclamation""><br><br>Ask for gardener clothes","<sprite name=""exclamation""><br><br>Pedir ropa de jardinería"
line:040e15d,"<sprite name=""exclamation""><br><br>Ask for a rope","<sprite name=""exclamation""><br><br>Pedir una cuerda"
line:04a5acc,"<sprite name=""exclamation""><br><br>Ask for a <i>cable</i>","<sprite name=""exclamation""><br><br>Pedir un <i>cable</i>"
line:0aeefba,"<sprite name=""exclamation""><br><br>Ask for evidence of war","<sprite name=""exclamation""><br><br>Pedir pruebas de la guerra"
line:0ccc75c,"<sprite name=""talk""><br><br>Who are you?","<sprite name=""talk""><br><br>¿Quién eres?"
line:03657cd,"<sprite name=""trade""><br><br>Give","<sprite name=""trade""><br><br>Entregar"
line:0975ac5,"<sprite name=""leave""><br><br>Leave","<sprite name=""leave""><br><br>Irse"
line:0451b7d,"<sprite name=""tailor""> Cameli: Ugh. It's hideous! Get this out of my sight!","<sprite name=""tailor""> Cameli: Uf. ¡Es horrible! ¡Quítalo de mi vista!"
line:06b3d44,"<sprite name=""tailor""> Cameli: Don't you know the great Cameli?","<sprite name=""tailor""> Cameli: ¿No conoces al gran Cameli?"
line:0a452f0,"<sprite name=""tailor""> Cameli: Greatest of all the tailors of Hortegarde!","<sprite name=""tailor""> Cameli: ¡El mejor de todos los sastres de Hortegarde!"
line:008420c,"<sprite name=""tailor""> Cameli: I design and sew costumes for Hollibrius' theater and the arena, among other clients.","<sprite name=""tailor""> Cameli: Diseño y confecciono vestuario para el teatro de Hollibrius y la arena, entre otros clientes."
line:0fdcb7a,"<sprite name=""tailor""> Cameli: You could ask me for a new outfit.","<sprite name=""tailor""> Cameli: Podrías pedirme un atuendo nuevo."
line:015392d,"<sprite name=""tailor""> Cameli: I mean... You should definitely ask me for a new outfit.","<sprite name=""tailor""> Cameli: Quiero decir... Definitivamente deberías pedirme un atuendo nuevo."
line:078bcf3,"<sprite name=""tailor""> Cameli: And I also happen to sew flags for the Peace Festival.","<sprite name=""tailor""> Cameli: Y también confecciono banderas para el Festival de la Paz."
line:0158aa6,"<sprite name=""tailor""> Cameli: It's quite relaxing.","<sprite name=""tailor""> Cameli: Es bastante relajante."
line:01cb3ab,"<sprite name=""tailor""> Cameli: I could sew a Hoblish flag, would that do the trick for you?","<sprite name=""tailor""> Cameli: Podría coser una bandera de Hobland, ¿te serviría?"
line:0f03bd6,"<sprite name=""tailor""> Cameli: Oh the price?","<sprite name=""tailor""> Cameli: Ah, ¿el precio?"
line:03b950c,"<sprite name=""tailor""> Cameli: Since you're pleasant to me, I can do it for free!","<sprite name=""tailor""> Cameli: Como eres agradable conmigo, ¡puedo hacerlo gratis!"
line:0739f55,"<sprite name=""tailor""> Cameli: If you're asking it means you can't afford it, uh uh!","<sprite name=""tailor""> Cameli: Si preguntas, significa que no puedes pagarlo, ¡uh, uh!"
line:0373952,"<sprite name=""tailor""> Cameli: It's 10 gold coins.","<sprite name=""tailor""> Cameli: Son 10 monedas de oro."
line:0d1ddd9,"<sprite name=""gold""><br><br>Pay","<sprite name=""gold""><br><br>Pagar"
line:0a51b35,"<sprite name=""no""><br><br>No thanks...","<sprite name=""no""><br><br>No, gracias..."
line:0a5d507,"<sprite name=""tailor""> Cameli: I'm not surprised, uh uh!","<sprite name=""tailor""> Cameli: No me sorprende, ¡uh, uh!"
line:03fa330,"<sprite name=""tailor""> Cameli: It'll only take a minute!","<sprite name=""tailor""> Cameli: ¡Solo tardaré un minuto!"
line:0a3a199,Narrator: The scissors snip and the sewing machine clangs!,Narrador: ¡Las tijeras cortan y la máquina de coser repiquetea!
line:06c5e22,"<sprite name=""tailor""> Cameli: <i>Et voilà!</i>","<sprite name=""tailor""> Cameli: <i>Et voilà!</i>"
line:0a260e1,"<sprite name=""tailor""> Cameli: The flag of Hobland! Don't go waving it in public.","<sprite name=""tailor""> Cameli: ¡La bandera de Hobland! No vayas a agitarla en público."
line:0b8c317,"<sprite name=""tailor""> Cameli: Now I need to return to a more fulfilling activity!","<sprite name=""tailor""> Cameli: ¡Ahora debo volver a una actividad más gratificante!"
line:04590f8,"<sprite name=""tailor""> Cameli: <i>Adieu!</i>","<sprite name=""tailor""> Cameli: <i>Adieu!</i>"
line:0820eca,"<sprite name=""tailor""> Cameli: Don't say that word! It's bad luck in the world of theatre!","<sprite name=""tailor""> Cameli: ¡No digas esa palabra! ¡Trae mala suerte en el mundo del teatro!"
line:0cffc56,"<sprite name=""tailor""> Cameli: We call it a <i>cable</i>.","<sprite name=""tailor""> Cameli: Lo llamamos <i>cable</i>."
line:03bf0dd,"<sprite name=""tailor""> Cameli: Yes, I can do that.","<sprite name=""tailor""> Cameli: Sí, puedo hacerlo."
line:0e575fe,"<sprite name=""tailor""> Cameli: Just bring me fiber. Like wool or a plant. And I will do this.","<sprite name=""tailor""> Cameli: Solo tráeme fibra, como lana o una planta, y lo haré."
line:0d021a4,"<sprite name=""tailor""> Cameli: Yes! I could weave a cable with this!","<sprite name=""tailor""> Cameli: ¡Sí! ¡Podría tejer un cable con esto!"
line:03a1b08,"<sprite name=""tailor""> Cameli: Just a minute.","<sprite name=""tailor""> Cameli: Solo un minuto."
line:08b30aa,Narrator: Cameli makes you wait a few hours in his store.,Narrador: Cameli te hace esperar varias horas en su tienda.
line:0fb69c2,"<sprite name=""tailor""> Cameli: Voilà!","<sprite name=""tailor""> Cameli: ¡Voilà!"
line:038f068,"<sprite name=""tailor""> Cameli: But don't use it as a belt, it would look horrendous on you!","<sprite name=""tailor""> Cameli: Pero no lo uses como cinturón, ¡te quedaría espantoso!"
line:03ca734,"<sprite name=""tailor""> Cameli: What's this? It smells so good!","<sprite name=""tailor""> Cameli: ¿Qué es esto? ¡Huele muy bien!"
line:0557b6a,"<sprite name=""tailor""> Cameli: Do you have some more? I always dreamed about making my own perfume.","<sprite name=""tailor""> Cameli: ¿Tienes más? Siempre soñé con crear mi propio perfume."
line:0a905ef,"<sprite name=""tailor""> Cameli: Yes, I know I'm a tailor. But why can't I try new things?","<sprite name=""tailor""> Cameli: Sí, ya sé que soy sastre. Pero ¿por qué no puedo probar cosas nuevas?"
line:0af42e7,"<sprite name=""tailor""> Cameli: Anyway I'd be glad to buy a large amount of these flowers!","<sprite name=""tailor""> Cameli: En fin, ¡con gusto compraría una gran cantidad de estas flores!"
line:0f67987,"<sprite name=""tailor""> Cameli: You can give my name to the farmer!","<sprite name=""tailor""> Cameli: ¡Dale mi nombre a quien cultiva las flores!"
line:0fd4366,"<sprite name=""tailor""> Cameli: Gardener clothes? Like the magic ones in Roazay?","<sprite name=""tailor""> Cameli: ¿Ropa de jardinería? ¿Como la ropa mágica de Roazay?"
line:0ffdfd8,"<sprite name=""tailor""> Cameli: Oh I see. They dress quite ""traditional"".","<sprite name=""tailor""> Cameli: Ah, ya veo. Visten de forma bastante «tradicional»."
line:0c7c7a2,"<sprite name=""tailor""> Cameli: And by traditional, I mean ""awful"". I think half of the fabric is actually roots and leaves...","<sprite name=""tailor""> Cameli: Y con tradicional quiero decir «espantosa». Creo que la mitad de la tela son raíces y hojas..."
line:0724b48,"<sprite name=""tailor""> Cameli: Anyway, I can do this. Or something that resembles it, surely more fashionable.","<sprite name=""tailor""> Cameli: En fin, puedo hacerlo. O algo parecido, pero mucho más elegante, por supuesto."
line:053e0a6,"<sprite name=""tailor""> Cameli: It's 10 Gold coins.","<sprite name=""tailor""> Cameli: Son 10 monedas de oro."
line:0756a7a,"<sprite name=""gold""><br><br>Pay","<sprite name=""gold""><br><br>Pagar"
line:047db1a,"<sprite name=""tailor""> Cameli: Wait here, I won't be long. Or may be I will. Just wait.","<sprite name=""tailor""> Cameli: Espera aquí, no tardaré. O quizá sí. Tú espera."
line:02c5290,Narrator: And the tailor disappears in his office. You hear the snipping sound of... Garden shears?,Narrador: El sastre desaparece en su taller. Oyes el sonido de unas... ¿tijeras de podar?
line:02999ea,"Narrator: After a few hours, Cameli comes back, covered in leaves.","Narrador: Unas horas después, Cameli regresa cubierto de hojas."
line:0ad2d29,"<sprite name=""tailor""> Cameli: It wasn't easy, but I think I managed to make something very deconstructed and very ""<i>frais</i>"".","<sprite name=""tailor""> Cameli: No fue fácil, pero creo que logré crear algo muy deconstruido y muy <i>frais</i>."
line:0c839f4,"<sprite name=""no""><br><br>No thanks...","<sprite name=""no""><br><br>No, gracias..."
line:05379d1,"<sprite name=""tailor""> Cameli: So, what do you want, then?","<sprite name=""tailor""> Cameli: Entonces, ¿qué quieres?"
line:075fd15,Narrator: A large crowd gathers around Sebaste the town crier.,"Narrador: Una gran multitud se reúne alrededor de Sebaste, el pregonero."
line:012944b,"<sprite name=""towncrier""> Sebaste: Hear ye, hear ye!","<sprite name=""towncrier""> Sebaste: ¡Oigan, oigan!"
line:0bb76fb,Narrator: But Sebaste keeps telling the same fake news over and over again.,Narrador: Pero Sebaste continúa repitiendo las mismas noticias falsas una y otra vez.
line:0588dec,Narrator: Maybe you can try to find a way to expose him.,Narrador: Quizá puedas encontrar una manera de desenmascararlo.
line:0a83b5c,Narrator: But there's no fresh news. Come back next week to hear something different!,Narrador: Pero no hay noticias nuevas. ¡Regresa la próxima semana para escuchar algo diferente!
line:088cc8b,Narrator: A small crowd gathers around Sebaste the town crier.,"Narrador: Una pequeña multitud se reúne alrededor de Sebaste, el pregonero."
line:0ae36e3,"<sprite name=""towncrier""> Sebaste: Hear ye, hear ye!","<sprite name=""towncrier""> Sebaste: ¡Oigan, oigan!"
line:0ff825f,"Narrator: Sebaste announces the news. With style, but without grandiloquence.","Narrador: Sebaste anuncia las noticias con estilo, pero sin grandilocuencia."
line:070344b,Narrator: The sense of dread and imminent catastrophe has left his words.,Narrador: La sensación de temor y catástrofe inminente ha desaparecido de sus palabras.
line:07f77e2,"Narrator: He has lost much of his usual audience, but among the crowd you notice Regnon, paying great attention.","Narrador: Ha perdido gran parte de su público habitual, pero entre la multitud ves a Regnon prestando mucha atención."
line:0c64cb1,"Narrator: When he's finished, the crier approaches.","Narrador: Cuando termina, el pregonero se acerca."
line:0420ddb,"<sprite name=""towncrier""> Sebaste: I have to thank the baladins. I clearly had lost my way seeking fame.","<sprite name=""towncrier""> Sebaste: Tengo que agradecerles a los baladins. Está claro que perdí el rumbo mientras buscaba la fama."
line:019c6a6,"<sprite name=""towncrier""> Sebaste: Now I understand what things are important.","<sprite name=""towncrier""> Sebaste: Ahora comprendo qué cosas son importantes."
line:026bbdc,"<sprite name=""towncrier""> Sebaste: This one, for example, is not. You can have it.","<sprite name=""towncrier""> Sebaste: Esto, por ejemplo, no lo es. Puedes quedártelo."
line:00008b1,"<sprite name=""towncrier""> Sebaste: Farewell, baladin!","<sprite name=""towncrier""> Sebaste: ¡Adiós, baladin!"
line:0e736b6,Narrator: You hold the Light Orb high up over your head.,Narrador: Sostienes el Orbe de luz en alto sobre tu cabeza.
line:0c4b590,Narrator: Its colorful light shines upon the amazed crowd.,Narrador: Su luz multicolor ilumina a la multitud maravillada.
line:0fb199a,Narrator: It doesn't look very dangerous.,Narrador: No parece muy peligroso.
line:09d5ba5,Narrator: You hold the bar of Soap high up over your head.,Narrador: Sostienes la barra de Jabón en alto sobre tu cabeza.
line:074b50d,Narrator: How could you have one if all soap is gone?,Narrador: ¿Cómo podrías tener una si todo el jabón desapareció?
line:0dfa7e0,Narrator: You hold the flower of the Peace Tree high up over your head.,Narrador: Sostienes la flor del Árbol de la Paz en alto sobre tu cabeza.
line:06db3c1,"<sprite name=""towncrier""> Sebaste: The most unsettling news has reached my ears!","<sprite name=""towncrier""> Sebaste: ¡Las noticias más inquietantes han llegado a mis oídos!"
line:090a043,Narrator: The crowd shivers with excitement.,Narrador: La multitud se estremece de emoción.
line:007b5f0,"<sprite name=""towncrier""> Sebaste: Rumors of war have come from the frontier!","<sprite name=""towncrier""> Sebaste: ¡Llegan rumores de guerra desde la frontera!"
line:04a55ce,"<sprite name=""exclamation""><br><br>Listen","<sprite name=""exclamation""><br><br>Escuchar"
line:00e588b,"<sprite name=""exclamation""><br><br>Mess with him","<sprite name=""exclamation""><br><br>Molestarlo"
line:0db3776,"<sprite name=""leave""><br><br>Leave","<sprite name=""leave""><br><br>Irse"
line:06c6abd,"<sprite name=""towncrier""> Sebaste: A thousand spears from Hobland are gathering in the mountains!","<sprite name=""towncrier""> Sebaste: ¡Mil lanzas de Hobland se reúnen en las montañas!"
line:0d11764,"<sprite name=""towncrier""> Sebaste: Bringing war to Gatherac, along with famine and rains!","<sprite name=""towncrier""> Sebaste: ¡Traerán guerra a Gatherac, además de hambre y tormentas!"
line:0dca599,"<sprite name=""towncrier""> Sebaste: The old Magical Tree in the city of Roazay","<sprite name=""towncrier""> Sebaste: El antiguo Árbol Mágico de la ciudad de Roazay"
line:0add7d9,"<sprite name=""towncrier""> Sebaste: Blossoms no more when the matagots pray!","<sprite name=""towncrier""> Sebaste: ¡Ya no florece cuando rezan los matagots!"
line:0927d12,Narrator: Chatter is spreading among the crowd.,Narrador: Los murmullos se extienden entre la multitud.
line:0aba38c,"<sprite name=""exclamation""><br><br>Deny","<sprite name=""exclamation""><br><br>Negarlo"
line:01f136a,"<sprite name=""bard""><sprite name=""finesse"">{0}<br><br> Deny with music!","<sprite name=""bard""><sprite name=""finesse"">{0}<br><br>¡Negarlo con música!"
line:01bc638,"<sprite name=""trade""><br><br>Give evidence","<sprite name=""trade""><br><br>Presentar pruebas"
line:06b8aed,"<sprite name=""leave""><br><br>Leave","<sprite name=""leave""><br><br>Irse"
line:06dff53,Narrator: You interrupt Sebaste to tell the story of the great Hoblish army amassing at the frontier.,Narrador: Interrumpes a Sebaste para contar la historia del gran ejército de Hobland que se concentra en la frontera.
line:0ef9fcb,"<sprite name=""towncrier""> Sebaste: Take a bath now, you might not be able to do it soon!","<sprite name=""towncrier""> Sebaste: ¡Báñense ahora, quizá pronto ya no puedan hacerlo!"
line:04cb431,"<sprite name=""exclamation""><br><br>Listen","<sprite name=""exclamation""><br><br>Escuchar"
line:0845c95,"<sprite name=""exclamation""><br><br>Mess with him","<sprite name=""exclamation""><br><br>Molestarlo"
line:0736726,"<sprite name=""leave""><br><br>Leave","<sprite name=""leave""><br><br>Irse"
line:00e9997,"<sprite name=""towncrier""> Sebaste: Factories in Mercazon are on strike!","<sprite name=""towncrier""> Sebaste: ¡Las fábricas de Mercazon están en huelga!"
line:0ef35c5,"<sprite name=""towncrier""> Sebaste: The workers protest against their swink","<sprite name=""towncrier""> Sebaste: Los obreros protestan contra su explotación"
line:04b1f9b,"<sprite name=""towncrier""> Sebaste: The price of soap will spike","<sprite name=""towncrier""> Sebaste: El precio del jabón tendrá un estirón"
line:00c28e6,"<sprite name=""towncrier""> Sebaste: And soon we're all going to stink!","<sprite name=""towncrier""> Sebaste: ¡Y pronto todos apestaremos un montón!"
line:00b4233,Narrator: The crowd is sweating already.,Narrador: La multitud ya está sudando.
line:0fb61a6,"<sprite name=""exclamation""><br><br>Deny","<sprite name=""exclamation""><br><br>Negarlo"
line:028dc75,"<sprite name=""bard""><sprite name=""finesse"">{0}<br><br> Deny with music!","<sprite name=""bard""><sprite name=""finesse"">{0}<br><br>¡Negarlo con música!"
line:0b5ad6a,"<sprite name=""trade""><br><br>Give evidence","<sprite name=""trade""><br><br>Presentar pruebas"
line:0199a5a,"<sprite name=""leave""><br><br>Leave","<sprite name=""leave""><br><br>Irse"
line:0c02dba,Narrator: You interrupt Sebaste to tell the story of how soap has disappeared from the Mercazon stalls.,Narrador: Interrumpes a Sebaste para contar cómo desapareció el jabón de los puestos de Mercazon.
line:06756ca,"<sprite name=""towncrier""> Sebaste: The gods gave us the light, but the mages might take it back!","<sprite name=""towncrier""> Sebaste: ¡Los dioses nos dieron la luz, pero los magos podrían arrebatárnosla!"
line:0ae9d95,"<sprite name=""exclamation""><br><br>Listen","<sprite name=""exclamation""><br><br>Escuchar"
line:04bdefd,"<sprite name=""exclamation""><br><br>Mess with him","<sprite name=""exclamation""><br><br>Molestarlo"
line:0edb4db,"<sprite name=""leave""><br><br>Leave","<sprite name=""leave""><br><br>Irse"
line:02fc804,"<sprite name=""towncrier""> Sebaste: Between the dreary walls of the Spellhold","<sprite name=""towncrier""> Sebaste: Entre los lúgubres muros del Bastión Mágico"
line:00178e3,"<sprite name=""towncrier""> Sebaste: Onorada and her disciples created an orb","<sprite name=""towncrier""> Sebaste: Onorada y sus discípulos crearon un orbe místico"
line:0ae67e6,"<sprite name=""towncrier""> Sebaste: It will harness, drink, suck and absorb","<sprite name=""towncrier""> Sebaste: Que atrapará, beberá y absorberá sin control"
line:083d7ea,"<sprite name=""towncrier""> Sebaste: The power of the sun and it might drain it all","<sprite name=""towncrier""> Sebaste: ¡El poder del sol hasta apagar su resplandor!"
line:0d7e2fe,"<sprite name=""exclamation""><br><br>Deny","<sprite name=""exclamation""><br><br>Negarlo"
line:044647d,"<sprite name=""bard""><sprite name=""finesse"">{0}<br><br> Deny with music!","<sprite name=""bard""><sprite name=""finesse"">{0}<br><br>¡Negarlo con música!"
line:0617c9d,"<sprite name=""trade""><br><br>Give evidence","<sprite name=""trade""><br><br>Presentar pruebas"
line:0000d01,"<sprite name=""leave""><br><br>Leave","<sprite name=""leave""><br><br>Irse"
line:099577b,Narrator: You interrupt Sebaste to tell the story of the Orb that might drain all the light of the sun.,Narrador: Interrumpes a Sebaste para contar la historia del Orbe que podría absorber toda la luz del sol.
line:064bc72,"Narrator: The people of Hortegarde are terrified, but they applaud, throw flowers and gold coins.","Narrador: La gente de Hortegarde está aterrada, pero aplaude y arroja flores y monedas de oro."
line:0f64f78,"Narrator: You have to admit, it was quite a show!",Narrador: Debes admitir que ¡fue todo un espectáculo!
line:0cdf955,"Narrator: You leave Peace Square, tired of hearing this nonsense.",Narrador: Abandonas la Plaza de la Paz porque ya no soportas escuchar tantas tonterías.
line:053ded2,"<sprite name=""towncrier""> Sebaste: A fan letter to add to the pile?","<sprite name=""towncrier""> Sebaste: ¿Otra carta de admiración para añadir a la pila?"
line:0546e12,"<sprite name=""towncrier""> Sebaste: Oh it's from Regnon?","<sprite name=""towncrier""> Sebaste: ¿Ah, es de Regnon?"
line:013ecf4,Narrator: You see the tears welling up in the town crier's eyes as he reads through the letter.,Narrador: Ves cómo los ojos del pregonero se llenan de lágrimas mientras lee la carta.
line:071a88c,"<sprite name=""towncrier""> Sebaste: So they don't like my new style?","<sprite name=""towncrier""> Sebaste: ¿Entonces no le gusta mi nuevo estilo?"
line:0adbbda,"<sprite name=""towncrier""> Sebaste: Regnon was one of my first followers... And I disappointed them?","<sprite name=""towncrier""> Sebaste: Regnon fue una de las primeras personas que me siguió… ¿Y le decepcioné?"
line:02800db,"<sprite name=""towncrier""> Sebaste: I... Need to think about it.","<sprite name=""towncrier""> Sebaste: Tengo… que pensar en ello."
line:062da21,Narrator: The town crier leaves Peace Square and the disappointed crowd.,Narrador: El pregonero abandona la Plaza de la Paz y deja atrás a la multitud decepcionada.
line:0514e6a,Narrator: You feel that the words of the lutin have moved Sebaste.,Narrador: Sientes que las palabras del duende conmovieron a Sebaste.
line:0ec8002,"Narrator: The crowd is speechless, the town crier gasps.",Narrador: La multitud queda sin palabras y el pregonero suelta un grito ahogado.
line:07e7dfb,"<sprite name=""towncrier""> Sebaste: How? Did you...?","<sprite name=""towncrier""> Sebaste: ¿Cómo? ¿Acaso tú…?"
line:04580a7,Narrator: And then the people of Hortegarde realize their favorite town crier had been lying all this time.,Narrador: Entonces la gente de Hortegarde comprende que su pregonero favorito estuvo mintiendo todo este tiempo.
line:0fb8d09,"Narrator: They leave Peace Square, with tears in their hearts.",Narrador: Abandonan la Plaza de la Paz con el corazón destrozado.
line:03f139b,"<sprite name=""towncrier""> Sebaste: Please! Come back! I'm begging you!","<sprite name=""towncrier""> Sebaste: ¡Por favor! ¡Regresen! ¡Se lo suplico!"
line:065a26f,"Narrator: And Sebaste leaves too, abandoning his bell.",Narrador: Sebaste también se marcha y abandona su campana.
line:0dfd5d0,Narrator: You speak up and say this is all nonsense.,Narrador: Alzas la voz y afirmas que todo esto es absurdo.
line:0b6bd52,Narrator: You know that the Peace Tree is still blooming!,Narrador: ¡Sabes que el Árbol de la Paz todavía florece!
line:0b77d09,Narrator: You've travelled to Mercazon and talked with the soap makers!,Narrador: ¡Viajaste a Mercazon y hablaste con los fabricantes de jabón!
line:01c77df,Narrator: You've travelled to Lumensac and seen the Orb of Light yourself!,Narrador: ¡Viajaste a Lumensac y viste el Orbe de luz con tus propios ojos!
line:046810f,Narrator: You try to convince the crowd there is no danger.,Narrador: Intentas convencer a la multitud de que no existe ningún peligro.
line:0e3df7d,"<sprite name=""towncrier""> Sebaste: And what evidence do you have to prove your point?","<sprite name=""towncrier""> Sebaste: ¿Y qué pruebas tienes para demostrarlo?"
line:0945e90,Narrator: The crowd bursts into outrage. How dare you contradict their beloved town crier?,Narrador: La multitud estalla de indignación. ¿Cómo te atreves a contradecir a su querido pregonero?
line:0bdeeb1,Narrator: The crowd lets out a scream.,Narrador: La multitud suelta un grito.
line:0ebfe33,"<sprite name=""towncrier""> Sebaste: How..? Is that... actually true?","<sprite name=""towncrier""> Sebaste: ¿Cómo…? ¿Eso es… verdad?"
line:06a1209,"<sprite name=""towncrier""> Sebaste: Oh no it finally happened! It's all my fault!","<sprite name=""towncrier""> Sebaste: ¡Ay, no! ¡Finalmente ocurrió! ¡Todo es culpa mía!"
line:0bf976d,Narrator: And the town crier runs away from Peace Square so fast he loses his hat.,Narrador: El pregonero huye tan rápido de la Plaza de la Paz que pierde el sombrero.
line:06bc7e1,Narrator: You throw random junk at the town crier.,Narrador: Le arrojas objetos al azar al pregonero.
line:017485e,Narrator: Maybe you hope the crowd will follow?,Narrador: ¿Quizá esperas que la multitud te imite?
line:0ac7996,Narrator: But the people of Hortegarde love their town crier.,Narrador: Pero la gente de Hortegarde adora a su pregonero.
line:011ea88,Narrator: You escape before they come to blows.,Narrador: Escapas antes de que lleguen a los golpes.
line:0ce3ca3,Narrator: You sing a song about...,Narrador: Cantas una canción sobre…
line:0eb67cd,Narrator: ... the everblooming Peace Tree!,Narrador: …¡el Árbol de la Paz que siempre florece!
line:02c78c8,"Narrator: ... the stalls of Mercazon, full of soap!",Narrador: …¡los puestos de Mercazon repletos de jabón!
line:0e3471d,Narrator: ... the harmless school project at the Spellhold name the Orb of Light!,Narrador: …¡el inofensivo proyecto escolar del Bastión Mágico llamado Orbe de luz!
line:05ceecc,"Narrator: But it's a tough crowd, they don't seem to understand a word you say.",Narrador: Pero es un público difícil y no parece entender una sola palabra.
line:0b19d8d,"Narrator: Perhaps your lyre was too loud? In any case, people seem upset that you've interupted their beloved town crier.","Narrador: ¿Quizá tu lira estaba demasiado fuerte? En cualquier caso, la gente parece molesta porque interrumpiste a su querido pregonero."
line:07d9714,"<sprite name=""fortuneteller1""> Bonav': Welcome, baladin!","<sprite name=""fortuneteller1""> Bonav': ¡Qué gusto verte, baladin!"
line:008395a,"<sprite name=""fortuneteller2""> Tullia: Be prepared to witness the mystical arts of...","<sprite name=""fortuneteller2""> Tullia: Prepárate para presenciar las artes místicas de…"
line:0474fdc,"<sprite name=""fortuneteller1""> Bonav' and <sprite name=""fortuneteller2""> Tullia: Bonav' and Tullia!","<sprite name=""fortuneteller1""> Bonav' y <sprite name=""fortuneteller2""> Tullia: ¡Bonav' y Tullia!"
line:0baf160,"<sprite name=""fortuneteller2""> Tullia: Come right in! I was expecting you!","<sprite name=""fortuneteller2""> Tullia: ¡Pasa! ¡Te estaba esperando!"
line:0215b1c,"<sprite name=""fortuneteller1""> Bonav': Yeah. Me too.","<sprite name=""fortuneteller1""> Bonav': Sí. Yo también."
line:037bf1c,"<sprite name=""fortuneteller2""> Tullia: Here you are! I have answers for you, baladin.","<sprite name=""fortuneteller2""> Tullia: ¡Aquí estás! Tengo respuestas para ti, baladin."
line:0d1ee14,"<sprite name=""fortuneteller1""> Bonav': No. WE have answers.","<sprite name=""fortuneteller1""> Bonav': No. TENEMOS respuestas."
line:04df5f8,"<sprite name=""fortuneteller2""> Tullia: Speak your mind.","<sprite name=""fortuneteller2""> Tullia: Dinos qué te preocupa."
line:047c59e,"<sprite name=""fortuneteller1""> Bonav': You again!","<sprite name=""fortuneteller1""> Bonav': ¡Otra vez tú!"
line:0d93090,"<sprite name=""fortuneteller2""> Tullia: We're not finished arguing!","<sprite name=""fortuneteller2""> Tullia: ¡No hemos terminado de discutir!"
line:05d0d0e,"<sprite name=""fortuneteller2""> Tullia: Because of you!","<sprite name=""fortuneteller2""> Tullia: ¡Por tu culpa!"
line:0abf98d,"<sprite name=""fortuneteller1""> Bonav': Get lost!","<sprite name=""fortuneteller1""> Bonav': ¡Lárgate!"
line:031fc75,"<sprite name=""fortuneteller1""> Bonav': A friend!","<sprite name=""fortuneteller1""> Bonav': ¡Una cara amiga!"
line:095e8f9,"<sprite name=""fortuneteller2""> Tullia: Welcome again.","<sprite name=""fortuneteller2""> Tullia: Qué gusto verte de nuevo."
line:0bde978,"<sprite name=""exclamation""><br><br>Relationship troubles?","<sprite name=""exclamation""><br><br>¿Problemas de pareja?"
line:06b4024,"<sprite name=""talk""><br><br>Ask about the future","<sprite name=""talk""><br><br>Preguntar por el futuro"
line:0e89967,"<sprite name=""talk""><br><br>Where am I?","<sprite name=""talk""><br><br>¿Dónde estoy?"
line:0b1ea5e,"<sprite name=""gold""><br><br>Buy","<sprite name=""gold""><br><br>Comprar"
line:047abca,"<sprite name=""fortuneteller2""> Tullia: We sell relaxing incense, coming directly from the monastery of Roazay.","<sprite name=""fortuneteller2""> Tullia: Vendemos incienso relajante procedente directamente del monasterio de Roazay."
line:0f89692,"<sprite name=""matagotsincense""><br>Matagots' Incense<br>(4 Gold)","<sprite name=""matagotsincense""><br>Incienso de matagots<br>(4 de oro)"
line:0b50bd9,"<sprite name=""gold""><br><br> Potions","<sprite name=""gold""><br><br>Pociones"
line:0438749,"<sprite name=""leave""><br><br>Back","<sprite name=""leave""><br><br>Volver"
line:0ac3f43,"<sprite name=""leave""><br><br>Leave","<sprite name=""leave""><br><br>Irse"
line:02ed2db,"<sprite name=""fortuneteller2""> Tullia: No, it's not marital problems... it's more...","<sprite name=""fortuneteller2""> Tullia: No, no son problemas matrimoniales… Es más bien…"
line:00535b3,"<sprite name=""fortuneteller1""> Bonav': Yes it is.","<sprite name=""fortuneteller1""> Bonav': Sí que lo son."
line:0c6b024,"<sprite name=""fortuneteller2""> Tullia: Stop interrupting me every time I talk!","<sprite name=""fortuneteller2""> Tullia: ¡Deja de interrumpirme cada vez que hablo!"
line:044be28,"<sprite name=""fortuneteller1""> Bonav': But I can talk too! I'm not a crystal ball!","<sprite name=""fortuneteller1""> Bonav': ¡Yo también puedo hablar! ¡No soy una bola de cristal!"
line:00b7208,"<sprite name=""fortuneteller1""> Bonav': People need clear prophecies! You're always so vague!","<sprite name=""fortuneteller1""> Bonav': ¡La gente necesita profecías claras! ¡Tú siempre eres tan imprecisa!"
line:0f2a6fd,"<sprite name=""fortuneteller2""> Tullia: And you're always so mean!","<sprite name=""fortuneteller2""> Tullia: ¡Y tú siempre eres tan cruel!"
line:0c6cef0,"<sprite name=""fortuneteller1""> Bonav': What about it?","<sprite name=""fortuneteller1""> Bonav': ¿Y qué?"
line:01e8ba9,"Narrator: This situation reminds you of the old tale ""the Song of Renart"".",Narrador: Esta situación te recuerda el antiguo relato «El Cantar de Renart».
line:0584399,"<sprite name=""exclamation""><br><br>Take Bonav's side","<sprite name=""exclamation""><br><br>Apoyar a Bonav'"
line:0d8148c,"<sprite name=""fortuneteller1""> Bonav': Ha! See! The baladin agrees!","<sprite name=""fortuneteller1""> Bonav': ¡Ja! ¡Lo ves! ¡El baladin está de acuerdo!"
line:0f8e4a3,"<sprite name=""fortuneteller2""> Tullia: But...","<sprite name=""fortuneteller2""> Tullia: Pero…"
line:0cbf70a,"<sprite name=""fortuneteller1""> Bonav': I'm not an object! I have the right to talk, too!","<sprite name=""fortuneteller1""> Bonav': ¡No soy un objeto! ¡Yo también tengo derecho a hablar!"
line:0d03860,Narrator: And the matagot looks down. Silent.,Narrador: El matagot baja la mirada. En silencio.
line:0023928,"<sprite name=""exclamation""><br><br>Take Tullia's side","<sprite name=""exclamation""><br><br>Apoyar a Tullia"
line:05e8d14,"<sprite name=""fortuneteller2""> Tullia: Thank you! See? Even the baladin thinks you're mean!","<sprite name=""fortuneteller2""> Tullia: ¡Gracias! ¿Ves? ¡Hasta el baladin piensa que eres cruel!"
line:0d7ba8b,"<sprite name=""fortuneteller1""> Bonav': But!","<sprite name=""fortuneteller1""> Bonav': ¡Pero…!"
line:03464f1,Narrator: And the nuton looks down. Silent.,Narrador: El nuton baja la mirada. En silencio.
line:0405f93,"<sprite name=""dancer""><sprite name=""physique"">{0}<br><br>Make them dance!","<sprite name=""dancer""><sprite name=""physique"">{0}<br><br>¡Hacerlas bailar!"
line:00a880a,"<sprite name=""finesse"">{0}<br><br>Defuse the situation","<sprite name=""finesse"">{0}<br><br>Calmar la situación"
line:0e5122a,"<sprite name=""exclamation""><br><br>Tell the Song of Renart","<sprite name=""exclamation""><br><br>Contar el Cantar de Renart"
line:021e8a9,"<sprite name=""leave""><br><br>Sneak away","<sprite name=""leave""><br><br>Escabullirse"
line:069f929,"<sprite name=""fortuneteller1""> Bonav': Good.","<sprite name=""fortuneteller1""> Bonav': Bien."
line:0b93052,"<sprite name=""fortuneteller2""> Tullia: I see... an eel... or a snake!","<sprite name=""fortuneteller2""> Tullia: Veo… ¡una anguila… o una serpiente!"
line:03bb3e6,"<sprite name=""fortuneteller1""> Bonav': A dragon! Big one!","<sprite name=""fortuneteller1""> Bonav': ¡Un dragón! ¡Enorme!"
line:0f9311f,"<sprite name=""fortuneteller2""> Tullia: And the snake, like Ugrobore himself, bites its own tail!","<sprite name=""fortuneteller2""> Tullia: Y la serpiente, como el propio Ugrobore, ¡se muerde la cola!"
line:0d60f98,"<sprite name=""fortuneteller1""> Bonav': Aouch! It's like a big knot.","<sprite name=""fortuneteller1""> Bonav': ¡Ay! Es como un nudo enorme."
line:0ebb142,"<sprite name=""fortuneteller2""> Tullia: Yes and... The only way to break the circle...","<sprite name=""fortuneteller2""> Tullia: Sí, y… La única manera de romper el círculo…"
line:047620d,"<sprite name=""fortuneteller1""> Bonav': Is friendship!","<sprite name=""fortuneteller1""> Bonav': ¡Es la amistad!"
line:0d67a2a,"<sprite name=""fortuneteller2""> Tullia: Hum. It's more... Peace!","<sprite name=""fortuneteller2""> Tullia: Hum. Es más bien… ¡la paz!"
line:0bce7ad,"<sprite name=""fortuneteller1""> Bonav': No, love! It's love!","<sprite name=""fortuneteller1""> Bonav': ¡No, el amor! ¡Es el amor!"
line:0b3da86,"<sprite name=""fortuneteller2""> Tullia: Did you understand our prophecy, baladin?","<sprite name=""fortuneteller2""> Tullia: ¿Comprendiste nuestra profecía, baladin?"
line:03a93d3,"<sprite name=""fortuneteller1""> Bonav': Wasn't really clear...","<sprite name=""fortuneteller1""> Bonav': No fue muy clara…"
line:04a4fe1,Yeah...,Sí...
line:05eb675,"<sprite name=""fortuneteller2""> Tullia: The truth is sometimes hard to hear!","<sprite name=""fortuneteller2""> Tullia: ¡A veces la verdad es difícil de escuchar!"
line:0fc9f32,"<sprite name=""fortuneteller2""> Tullia: So. There's a dragon coming.","<sprite name=""fortuneteller2""> Tullia: Entonces. Se aproxima un dragón."
line:0de34b3,"<sprite name=""fortuneteller1""> Bonav': Big time! And time-consuming!","<sprite name=""fortuneteller1""> Bonav': ¡A lo grande! ¡Y durante mucho tiempo!"
line:0e6ad25,"<sprite name=""fortuneteller2""> Tullia: But you already know that. It already came.","<sprite name=""fortuneteller2""> Tullia: Pero ya lo sabes. Ya llegó."
line:0fdd49b,"<sprite name=""fortuneteller2""> Tullia: They will need to be fed and fed again.","<sprite name=""fortuneteller2""> Tullia: Tendrán que alimentarlo una y otra vez."
line:06c8ef7,"<sprite name=""fortuneteller1""> Bonav': Don't stop! But it needs specific things!","<sprite name=""fortuneteller1""> Bonav': ¡No se detengan! ¡Pero necesita cosas concretas!"
line:08f1dd9,"<sprite name=""fortuneteller2""> Tullia: Symbols of peace and harmony between the people!","<sprite name=""fortuneteller2""> Tullia: ¡Símbolos de paz y armonía entre la gente!"
line:00261b7,"<sprite name=""fortuneteller1""> Bonav': So: BE NICE!","<sprite name=""fortuneteller1""> Bonav': Así que ¡SÉ AMABLE!"
line:0751bd8,"Narrator: You intervene, and try to mediate the arguement.",Narrador: Intervienes e intentas mediar en la discusión.
line:008ec40,"Narrator: One after another, the fortunetellers speak their mind.",Narrador: Las adivinas expresan por turnos lo que piensan.
line:0ccb860,Narrator: It feels like a weight is being lifted off their shoulders.,Narrador: Parece que se quitaran un peso de encima.
line:0811579,"Narrator: When they ask you for advice, you're clever enough to not answer and let them find solutions.","Narrador: Cuando te piden consejo, tienes la prudencia de no responder y dejar que encuentren sus propias soluciones."
line:0947267,Narrator: You start giving relationship advice.,Narrador: Empiezas a dar consejos de pareja.
line:0519b05,"<sprite name=""fortuneteller2""> Tullia: What do you know about our situation?","<sprite name=""fortuneteller2""> Tullia: ¿Qué sabes tú sobre nuestra situación?"
line:0b9528f,"<sprite name=""fortuneteller1""> Bonav': Mind your own business!","<sprite name=""fortuneteller1""> Bonav': ¡Métete en tus asuntos!"
line:01370cc,"<sprite name=""fortuneteller1""> Bonav': Get out!","<sprite name=""fortuneteller1""> Bonav': ¡Fuera!"
line:03da55f,Narrator: You tell them the great story of Renart.,Narrador: Les cuentas la gran historia de Renart.
line:075e16c,Narrator: An inspiring story about overcoming love problems through communication.,Narrador: Una historia inspiradora sobre superar los problemas amorosos mediante la comunicación.
line:0725b80,Narrator: The two fortunetellers are listening very carefully.,Narrador: Las dos adivinas escuchan con mucha atención.
line:0c322f0,"<sprite name=""fortuneteller2""> Tullia: We're Bonav' and Tullia.","<sprite name=""fortuneteller2""> Tullia: Somos Bonav' y Tullia."
line:05d60f5,"<sprite name=""fortuneteller1""> Bonav': Fortunetellers!","<sprite name=""fortuneteller1""> Bonav': ¡Adivinas!"
line:01fc38b,"<sprite name=""fortuneteller2""> Tullia: I can see the future through the back of my partner here...","<sprite name=""fortuneteller2""> Tullia: Puedo ver el futuro a través del trasero de mi pareja…"
line:0d1736c,"<sprite name=""fortuneteller1""> Bonav': Yeah so we make prophecies.","<sprite name=""fortuneteller1""> Bonav': Sí, así hacemos profecías."
line:0c0aab0,"<sprite name=""fortuneteller1""> Bonav': It's a team effort. I'm not just the crystal ball.","<sprite name=""fortuneteller1""> Bonav': Es un trabajo en equipo. No soy solo la bola de cristal."
line:0224636,"<sprite name=""fortuneteller2""> Tullia: Did you have to interrupt me?!","<sprite name=""fortuneteller2""> Tullia: ¿¡Tenías que interrumpirme!?"
line:0f8fe3d,"<sprite name=""fortuneteller1""> Bonav': You said ""I can see the future"". But I can see it too!","<sprite name=""fortuneteller1""> Bonav': Dijiste «puedo ver el futuro». ¡Pero yo también lo veo!"
line:0607c82,"<sprite name=""fortuneteller1""> Bonav': You always take all the credit!","<sprite name=""fortuneteller1""> Bonav': ¡Siempre te llevas todo el mérito!"
line:0c67718,"<sprite name=""fortuneteller2""> Tullia: I don't know how I could if you never let me finish my sentences!","<sprite name=""fortuneteller2""> Tullia: ¿Y cómo podría hacerlo si nunca me dejas terminar las frases?"
line:07da876,Narrator: Wow. The climate is tense between these two. Maybe they have trouble in their relationship?,Narrador: Vaya. El ambiente está tenso entre ellas. ¿Quizá tienen problemas de pareja?
line:0467dc8,"<sprite name=""fortuneteller1""> Bonav': ...","<sprite name=""fortuneteller1""> Bonav': …"
line:01b154e,"<sprite name=""fortuneteller2""> Tullia: ...","<sprite name=""fortuneteller2""> Tullia: …"
line:0bf201b,"<sprite name=""fortuneteller1""> Bonav': We're fortunetellers. We tell prophecies. But it ain't free.","<sprite name=""fortuneteller1""> Bonav': Somos adivinas. Hacemos profecías. Pero no es gratis."
line:04abd54,"<sprite name=""fortuneteller2""> Tullia: We're Bonav' and Tullia!","<sprite name=""fortuneteller2""> Tullia: ¡Somos Bonav' y Tullia!"
line:0d7bd79,"<sprite name=""fortuneteller1""> Bonav': But surely you know us already!","<sprite name=""fortuneteller1""> Bonav': ¡Pero seguro que ya nos conoces!"
line:091b65f,"<sprite name=""fortuneteller2""> Tullia: Against a coin, we can make a prophecy...","<sprite name=""fortuneteller2""> Tullia: A cambio de una moneda podemos hacer una profecía…"
line:0b9f855,"<sprite name=""fortuneteller1""> Bonav': ... because of our chemistry!","<sprite name=""fortuneteller1""> Bonav': …¡gracias a nuestra química!"
line:0519583,"<sprite name=""fortuneteller2""> Tullia: And everything is clearer...","<sprite name=""fortuneteller2""> Tullia: Y todo se ve más claro…"
line:0f1ed5e,"<sprite name=""fortuneteller1""> Bonav': ... when we love each other!","<sprite name=""fortuneteller1""> Bonav': …¡cuando nos amamos!"
line:0bf6eed,"<sprite name=""fortuneteller2""> Tullia: We can't read the future in everything...","<sprite name=""fortuneteller2""> Tullia: No podemos leer el futuro en cualquier cosa…"
line:0693726,"<sprite name=""fortuneteller2""> Tullia: Come back when you're ready, baladin. I know you eventually will.","<sprite name=""fortuneteller2""> Tullia: Regresa cuando llegue el momento, baladin. Sé que tarde o temprano llegará."
line:0387b35,"<sprite name=""fortuneteller1""> Bonav': WE know.","<sprite name=""fortuneteller1""> Bonav': Lo SABEMOS."
line:0d8d74e,"<sprite name=""fortuneteller2""> Tullia: I get it... We... No I need to listen to you.","<sprite name=""fortuneteller2""> Tullia: Lo entiendo… Tenemos que… No, yo tengo que escucharte."
line:0c6b0bd,"<sprite name=""fortuneteller1""> Bonav': No! We both need to talk and listen better!","<sprite name=""fortuneteller1""> Bonav': ¡No! ¡Las dos tenemos que hablar y escuchar mejor!"
line:0545904,"<sprite name=""fortuneteller1""> Bonav': It's a team effort! Like the prophecies!","<sprite name=""fortuneteller1""> Bonav': ¡Es un trabajo en equipo! ¡Como las profecías!"
line:0f30ef1,"<sprite name=""fortuneteller1""> Bonav': And I need to be more patient. Less mean.","<sprite name=""fortuneteller1""> Bonav': Y yo debo tener más paciencia. Ser menos cruel."
line:0f31ef4,"<sprite name=""fortuneteller2""> Tullia: And I need to be more patient too!","<sprite name=""fortuneteller2""> Tullia: ¡Y yo también debo tener más paciencia!"
line:00c0494,Narrator: The two look each other in the eyes.,Narrador: Las dos se miran a los ojos.
line:0f0a08c,Narrator: You can feel the spark of love is back again!,Narrador: ¡Puedes sentir que la chispa del amor volvió a encenderse!
line:0c37d73,"Narrator: On your way out, you step on a card on the floor.",Narrador: Al salir pisas una carta tirada en el suelo.
line:0590ce6,Narrator: You think you should leave them alone and you sneak out of their tent.,Narrador: Crees que deberías dejarlas a solas y sales discretamente de la tienda.
line:0258533,Narrator: It might be the end of their iconic duo.,Narrador: Puede que este sea el fin de su emblemático dúo.
line:0c90b94,Narrator: It's always risky to give relationship advice to strangers.,Narrador: Siempre es arriesgado dar consejos de pareja a desconocidos.
line:04bd537,Do you really want to get involved in this?,¿De verdad quieres involucrarte en esto?
line:093c2a4,Good luck with that!,¡Buena suerte con eso!
line:0ae775b,I'm not sure that baladins are very good at couples therapy anyway.,"De todos modos, no creo que los baladins sean buenos terapeutas de pareja."
line:02a3d34,"Narrator: You don't say a word, you just take their hands.",Narrador: No dices una palabra; simplemente tomas sus manos.
line:0c67e68,Narrator: You bring them together and try to teach them a few steps.,Narrador: Las acercas e intentas enseñarles algunos pasos.
line:044ce97,"Narrator: Slowly, gently, one move leading to another, the two lovers end up dancing together.","Narrador: Poco a poco, con suavidad y enlazando un movimiento con otro, las dos amantes terminan bailando juntas."
line:0405459,"Narrator: They just had to be careful, to watch and listen to the other.","Narrador: Solo tenían que actuar con cuidado, observarse y escucharse."
line:00cad64,"<sprite name=""fortuneteller1""> Bonav': Aouch! My foot!","<sprite name=""fortuneteller1""> Bonav': ¡Ay! ¡Mi pie!"
line:0ddaf57,"<sprite name=""fortuneteller2""> Tullia: But you keep moving too fast!","<sprite name=""fortuneteller2""> Tullia: ¡Pero sigues moviéndote demasiado rápido!"
line:00f017d,Narrator: It seems that getting them to dance together will take more work than expected.,Narrador: Parece que enseñarles a bailar juntas requerirá más trabajo del esperado.
line:00e1f1d,"<sprite name=""fortuneteller2""> Tullia: Alright! Here is your incense!","<sprite name=""fortuneteller2""> Tullia: ¡Muy bien! ¡Aquí tienes tu incienso!"
line:06872bd,"<sprite name=""fortuneteller1""> Bonav': An amateur! Like Gabi!","<sprite name=""fortuneteller1""> Bonav': ¡Una aficionada! ¡Como Gabi!"
line:07e00f8,"<sprite name=""fortuneteller2""> Tullia: Don't give the name of our clients like that!","<sprite name=""fortuneteller2""> Tullia: ¡No reveles así los nombres de nuestros clientes!"
line:0b5424f,"<sprite name=""fortuneteller1""> Bonav': Sorry! Not enough money!","<sprite name=""fortuneteller1""> Bonav': ¡Lo siento! ¡No tienes suficiente dinero!"
line:021fcb3,"<sprite name=""fortuneteller2""> Tullia: Indeed. But it has a cost.","<sprite name=""fortuneteller2""> Tullia: En efecto. Pero tiene un precio."
line:0300080,"<sprite name=""fortuneteller1""> Bonav': One gold coin.","<sprite name=""fortuneteller1""> Bonav': Una moneda de oro."
line:0c2e9c6,"<sprite name=""fortuneteller1""> Bonav': Even for you!","<sprite name=""fortuneteller1""> Bonav': ¡Incluso para ti!"
line:098653b,"<sprite name=""gold""><br><br>Pay","<sprite name=""gold""><br><br>Pagar"
line:0865f65,"<sprite name=""fortuneteller2""> Tullia: Whose future is of your interest?","<sprite name=""fortuneteller2""> Tullia: ¿El futuro de quién te interesa?"
line:0cd372c,"<sprite name=""bard""><br><br>Mine!","<sprite name=""bard""><br><br>¡El mío!"
line:0125c8a,"<sprite name=""cook""><br><br>Mine!","<sprite name=""cook""><br><br>¡El mío!"
line:0c3e764,"<sprite name=""dancer""><br><br>Mine!","<sprite name=""dancer""><br><br>¡El mío!"
line:0993da6,"<sprite name=""luxomancian""><br><br>Mine!","<sprite name=""luxomancian""><br><br>¡El mío!"
line:0a60b2c,"<sprite name=""pyrotechnician""><br><br>Mine!","<sprite name=""pyrotechnician""><br><br>¡El mío!"
line:097b08b,"<sprite name=""bishop""><br><br>Gabi's!","<sprite name=""bishop""><br><br>¡El de Gabi!"
line:0418857,"<sprite name=""carrierlutin""><br><br>Regnon's!","<sprite name=""carrierlutin""><br><br>¡El de Regnon!"
line:0cf2c93,"<sprite name=""towncrier""><br><br>Sebaste's!","<sprite name=""towncrier""><br><br>¡El de Sebaste!"
line:09d9c17,"<sprite name=""no""><br><br>No thanks","<sprite name=""no""><br><br>No, gracias"
line:0430340,"<sprite name=""fortuneteller1""> Bonav': Answers ain't free.","<sprite name=""fortuneteller1""> Bonav': Las respuestas cuestan."
line:0d5a86b,"<sprite name=""fortuneteller2""> Tullia: In the bottom of a hole...","<sprite name=""fortuneteller2""> Tullia: Al fondo de un agujero…"
line:0833ef9,"<sprite name=""fortuneteller1""> Bonav': ... the cleric will fall.","<sprite name=""fortuneteller1""> Bonav': …la clériga caerá al suelo."
line:0335065,"<sprite name=""fortuneteller2""> Tullia: Or she will find back her sight...","<sprite name=""fortuneteller2""> Tullia: O recuperará la inspiración perdida…"
line:06a52c5,"<sprite name=""fortuneteller1""> Bonav': ... by eating a sweet sugary delight.","<sprite name=""fortuneteller1""> Bonav': …comiendo una golosina dulce y exquisita."
line:0b07951,"<sprite name=""fortuneteller2""> Tullia: She needs to take some rest...","<sprite name=""fortuneteller2""> Tullia: Necesita tomarse un descanso…"
line:0daea14,"<sprite name=""fortuneteller1""> Bonav': ... but to find a surrogate would be best.","<sprite name=""fortuneteller1""> Bonav': …pero encontrar sustituto sería un gran paso."
line:0a8f1f3,Narrator: You understand that Gabi could get her inspiration back with some candy!,Narrador: ¡Comprendes que Gabi podría recuperar la inspiración con algunos dulces!
line:09483db,Narrator: But it would be best to find someone to replace her while she takes some vacation.,Narrador: Pero sería mejor encontrar a alguien que la sustituya mientras se toma unas vacaciones.
line:061a789,"<sprite name=""fortuneteller2""> Tullia: So there's the cleric... And...","<sprite name=""fortuneteller2""> Tullia: Entonces está la clériga… Y…"
line:0e042eb,"<sprite name=""fortuneteller1""> Bonav': She's dies!","<sprite name=""fortuneteller1""> Bonav': ¡Muere!"
line:043dede,"<sprite name=""fortuneteller2""> Tullia: What?! No! But she might be hurt.","<sprite name=""fortuneteller2""> Tullia: ¿¡Qué!? ¡No! Pero podría resultar herida."
line:083d069,"<sprite name=""fortuneteller1""> Bonav': And she needs to eat! A lot!","<sprite name=""fortuneteller1""> Bonav': ¡Y necesita comer! ¡Mucho!"
line:0f21ba6,"<sprite name=""fortuneteller2""> Tullia: No that's not really it... But there's food involved!","<sprite name=""fortuneteller2""> Tullia: No, no es exactamente eso… ¡Pero hay comida de por medio!"
line:096c153,"<sprite name=""fortuneteller2""> Tullia: Under the blazing sun of the south...","<sprite name=""fortuneteller2""> Tullia: Bajo el ardiente sol del sur…"
line:0ca990a,"<sprite name=""fortuneteller1""> Bonav': ... a village has lost its youth.","<sprite name=""fortuneteller1""> Bonav': …una aldea perdió su juventud."
line:07b2afe,"<sprite name=""fortuneteller2""> Tullia: A monster casts the birds away!","<sprite name=""fortuneteller2""> Tullia: ¡Un monstruo a las aves ahuyentará!"
line:0067680,"<sprite name=""fortuneteller1""> Bonav': And the lutin will save the day!","<sprite name=""fortuneteller1""> Bonav': ¡Y el duende el día salvará!"
line:0a00252,Narrator: The blazing sun of the south?,Narrador: ¿El ardiente sol del sur?
line:0f7499f,"Narrator: There must be a village in the region of Mercazon looking for help, and Regnon could be the solution!",Narrador: Debe haber una aldea en la región de Mercazon que necesita ayuda. ¡Regnon podría ser la solución!
line:0262109,"<sprite name=""fortuneteller2""> Tullia: The lutin had big dreams and became...","<sprite name=""fortuneteller2""> Tullia: El duende tenía grandes sueños y se convirtió en…"
line:0a6efd6,"<sprite name=""fortuneteller1""> Bonav': A thief!","<sprite name=""fortuneteller1""> Bonav': ¡Un ladrón!"
line:0cffc2a,"<sprite name=""fortuneteller2""> Tullia: Well... But somewhere they will be needed!","<sprite name=""fortuneteller2""> Tullia: Bueno… ¡Pero en algún lugar necesitarán su ayuda!"
line:03f116d,"<sprite name=""fortuneteller1""> Bonav': Somewhere. In a place. Keep looking!","<sprite name=""fortuneteller1""> Bonav': En algún lugar. En algún sitio. ¡Sigue buscando!"
line:0c6e5ce,"<sprite name=""fortuneteller2""> Tullia: That's all we can see right now...","<sprite name=""fortuneteller2""> Tullia: Es todo lo que podemos ver por ahora…"
line:0fca80f,"<sprite name=""fortuneteller2""> Tullia: If the crier is a peacock, the lutin is a pigeon!","<sprite name=""fortuneteller2""> Tullia: ¡Si el pregonero es un pavo real, el duende es una paloma!"
line:084c203,"<sprite name=""fortuneteller1""> Bonav': The pigeon used to like the peacocks' colors...","<sprite name=""fortuneteller1""> Bonav': La paloma admiraba los colores del pavo real…"
line:072372d,"<sprite name=""fortuneteller2""> Tullia: But when he started yelling horrors...","<sprite name=""fortuneteller2""> Tullia: Pero cuando empezó a gritar horrores…"
line:0312abe,"<sprite name=""fortuneteller1""> Bonav': The small bird lost their passion.","<sprite name=""fortuneteller1""> Bonav': La pequeña ave perdió su pasión."
line:05e5ed1,"<sprite name=""fortuneteller2""> Tullia: Now they carry mail for the others...","<sprite name=""fortuneteller2""> Tullia: Ahora lleva el correo de los demás…"
line:05fc096,"<sprite name=""fortuneteller1""> Bonav': But among the letters...","<sprite name=""fortuneteller1""> Bonav': Pero entre las cartas…"
line:0ba7156,"<sprite name=""fortuneteller2""> Tullia: There's one the lutin never dared to send.","<sprite name=""fortuneteller2""> Tullia: Hay una que el duende nunca se atrevió a enviar."
line:02ec68d,"<sprite name=""fortuneteller1""> Bonav': If the crier received it, this story would end!","<sprite name=""fortuneteller1""> Bonav': ¡Si el pregonero la recibiera, esta historia llegaría a su final!"
line:03c201f,Narrator: A pigeon lutin?,Narrador: ¿Un duende paloma?
line:0775134,Narrator: You must have missed something.,Narrador: Debes haber pasado algo por alto.
line:0456ce3,Narrator: Come back when you have more information!,Narrador: ¡Regresa cuando tengas más información!
line:03be122,"Narrator: So, Regnon used to be a fan of Sebaste.","Narrador: Entonces, Regnon solía admirar a Sebaste."
line:0176cef,Narrator: And they wrote a letter they never sent?,Narrador: ¿Y escribió una carta que nunca envió?
line:06d6ab3,"<sprite name=""fortuneteller2""> Tullia: The town crier will lose his crown... Oh no his bell!","<sprite name=""fortuneteller2""> Tullia: El pregonero perderá su corona… ¡Ay, no, su campana!"
line:0e13d0d,"<sprite name=""fortuneteller1""> Bonav': No! His gold chain!","<sprite name=""fortuneteller1""> Bonav': ¡No! ¡Su cadena de oro!"
line:0df0e40,"<sprite name=""fortuneteller2""> Tullia: Maybe all of it?","<sprite name=""fortuneteller2""> Tullia: ¿Quizá lo pierda todo?"
line:0a8a38f,"<sprite name=""fortuneteller1""> Bonav': He ends up naked!","<sprite name=""fortuneteller1""> Bonav': ¡Termina desnudo!"
line:05d6983,"<sprite name=""fortuneteller2""> Tullia: Are you just straight up inventing things on the go?","<sprite name=""fortuneteller2""> Tullia: ¿Estás inventando todo sobre la marcha?"
line:0ac7793,"<sprite name=""fortuneteller1""> Bonav': Don't you?","<sprite name=""fortuneteller1""> Bonav': ¿Tú no?"
line:0882fd2,Narrator: This... Was not helpful.,Narrador: Esto… no sirvió de nada.
line:03a2219,Narrator: Maybe the prophecies would be clearer if those two stopped fighting!,Narrador: ¡Quizá las profecías serían más claras si dejaran de discutir!
line:0e19993,Movement Points,Movimiento
line:0858081,Confirm,Aceptar
line:0147a73,Cancel,Cancelar
line:08721cd,Submit,Aceptar
line:0b43eb0,Cancel,Cancelar
line:0c40ffa,Narrator: The crafters always neglect accounting and welcome your help.,Narrador: Los artesanos siempre descuidan la contabilidad y agradecen tu ayuda.
line:01c2cd2,"Narrator: Your knowledge of numbers, files and registers is wider now.","Narrador: Ahora sabes más sobre números, archivos y registros."
line:061a3fb,"Narrator: Between two shelves, you can hear clients talking.","Narrador: Entre dos estantes, oyes hablar a los clientes."
line:0a46913,"Narrator: It may be physical, but organizing the archives requires some brain too!","Narrador: Puede ser un trabajo físico, ¡pero organizar los archivos también exige pensar!"
line:09d80b8,Narrator: You learn a lot about Hortegarde's history by reading the labels.,Narrador: Aprendes mucho sobre la historia de Hortegarde leyendo las etiquetas.
line:0ae94c2,"Narrator: During your break, two of your colleagues are gossiping.","Narrador: Durante el descanso, dos colegas están chismeando."
line:06d4094,Narrator: Biscotorius says an explosion can always be bigger! More awesome!,Narrador: Biscotorius dice que una explosión siempre puede ser más grande. ¡Más increíble!
line:0d3992d,Narrator: Making fireworks for the arena opens up your perspective.,Narrador: Preparar fuegos artificiales para la arena amplía tu perspectiva.
line:08d1d50,"Narrator: When something is not exploding, you can hear the other technicians chat.","Narrador: Cuando nada está explotando, oyes conversar a los demás técnicos."
line:055a0d3,Narrator: With great flour comes great bread.,Narrador: Una gran harina conlleva un gran pan.
line:00b022a,Narrator: Watching your loaf rise in the oven is a fulfilling sight.,Narrador: Ver crecer tu hogaza en el horno es muy gratificante.
line:01c053c,"Narrator: But today, nobody came to buy it. You get to keep your bread.",Narrador: Pero hoy nadie vino a comprarla. Puedes quedarte con el pan.
line:0b34f77,"Narrator: From here, you can hear the millers talk.",Narrador: Desde aquí oyes hablar a los molineros.
line:07615a3,"Narrator: At the end of the day, someone has to put all the candles back in a box.","Narrador: Al final del día, alguien tiene que volver a guardar todas las velas en una caja."
line:0937724,Narrator: You quickly understand why Gabi looks so strong!,Narrador: ¡Comprendes enseguida por qué Gabi parece tan fuerte!
line:007dc3d,Narrator: Gabi allows you to keep a melted candle.,Narrador: Gabi te permite conservar una vela derretida.
line:068961a,Narrator: The chatter of two praying silhouettes echoes between the walls of the temple.,Narrador: La charla de dos siluetas que rezan resuena entre las paredes del templo.
line:056885c,Narrator: You like to act like the hooded figure in the dark corner.,Narrador: Te gusta fingir que eres la figura encapuchada del rincón oscuro.
line:07b8af2,Narrator: The people of Hortegarde are full of wisdom and philosophy.,Narrador: La gente de Hortegarde rebosa sabiduría y filosofía.
line:00e40e7,Narrator: You're so focused on the discussions you forget to drink your beer.,Narrador: Te concentras tanto en las conversaciones que olvidas beber tu cerveza.
line:0c5d279,Narrator: You also catch a rumor or two.,Narrador: También oyes uno o dos rumores.
line:086d59f,Narrator: The surroundings of the Greasy Gutter are a maze of streets.,Narrador: Los alrededores de la Alcantarilla Grasienta son un laberinto de calles.
line:012eca7,Narrator: Making it out and alive is a matter of finesse.,Narrador: Salir con vida es cuestión de destreza.
line:0db784c,Narrator: You remember the rumor about Edgar the forger. Do you want to look for him?,"Narrador: Recuerdas el rumor sobre Edgar, el falsificador. ¿Quieres buscarlo?"
line:0e4ec42,"<sprite name=""physique"">{0}<br><br>Follow shady characters","<sprite name=""physique"">{0}<br><br>Seguir a gente sospechosa"
line:0d78def,"<sprite name=""finesse"">{0}<br><br>Listen to conversations","<sprite name=""finesse"">{0}<br><br>Escuchar conversaciones"
line:08e504c,Narrator: A red door stands out.,Narrador: Una puerta roja llama la atención.
line:002189e,"Narrator: In a narrow street, you overhear a conversation.","Narrador: En una calle estrecha, oyes una conversación."
line:0279e82,Narrator: What do you do?,Narrador: ¿Qué haces?
line:00506be,Knock,Llamar
line:0fc3cfc,"<sprite name=""forger""> Edgar: Come in!","<sprite name=""forger""> Edgar: ¡Adelante!"
line:04aa360,Narrator: You found the shop of Edgar the forger!,"Narrador: ¡Encontraste la tienda de Edgar, el falsificador!"
line:02c4ef2,Step back,Retroceder
line:0aa60ba,Narrator:You have second thoughts. What if this guy were dangerous?,Narrador: Lo piensas mejor. ¿Y si ese sujeto fuera peligroso?
line:0db72be,Narrator: You'd rather not take any risks and run away from this neighborhood.,Narrador: Prefieres no correr riesgos y huyes del vecindario.
line:0844b49,Narrator: You find two people with a criminal attitude. You think they might want to go see Edgar.,Narrador: Ves a dos personas con aspecto criminal. Crees que podrían ir a ver a Edgar.
line:08bfe80,Narrator: You follow them from a distance in the crowded streets around the Greasy Gutter.,Narrador: Las sigues a distancia por las concurridas calles cercanas a la Alcantarilla Grasienta.
line:0ec8dba,Narrator: You're so agile your feet don't make a sound on the pavement.,Narrador: Eres tan ágil que tus pies no hacen ruido sobre el pavimento.
line:02e0ea2,Narrator: The two figures stop by a red door and knock.,Narrador: Las dos figuras se detienen ante una puerta roja y llaman.
line:03a2268,"Narrator: They enter right after, spend some time inside and leave a few minutes later.","Narrador: Entran enseguida, pasan un tiempo dentro y salen unos minutos después."
line:0c7cdd1,Narrator: This is it! This is the door!,Narrador: ¡Es aquí! ¡Esta es la puerta!
line:00b31e8,Narrator: But after a few steps you stumble against a barrel full of dirty water and spill everything on the pavement.,Narrador: Pero tras unos pasos tropiezas con un barril de agua sucia y derramas todo sobre el pavimento.
line:0a8d2bb,Narrator: A crowd gathers around you and starts throwing fish at your face.,Narrador: Una multitud se reúne a tu alrededor y empieza a arrojarte peces a la cara.
line:0c193af,Narrator: The two silhouettes have vanished and you're feeling sick.,Narrador: Las dos siluetas desaparecieron y sientes náuseas.
line:005f9e2,Narrator: You see two hooded silhouettes talking in the shade of the Greasy Gutter.,Narrador: Ves dos siluetas encapuchadas hablando a la sombra de la Alcantarilla Grasienta.
line:0ebe216,Narrator: They seem to be talking about criminal businesses!,Narrador: ¡Parece que hablan de negocios criminales!
line:07f8593,Narrator: You find a hood and blend in the crowd. You can listen to the two bandits from a distance.,Narrador: Encuentras una capucha y te mezclas con la multitud. Puedes escuchar a los dos bandidos a distancia.
line:0f7c68b,Narrator: They're talking about a peculiar red door.,Narrador: Hablan de una peculiar puerta roja.
line:0a06b16,"Narrator: After a few minutes of investigation, you find the door in a dark alley.","Narrador: Tras unos minutos de investigación, encuentras la puerta en un callejón oscuro."
line:0fb49c2,"Narrator: You try to join the conversation, like you're part of the same guild or something.",Narrador: Intentas unirte a la conversación como si pertenecieras al mismo gremio o algo así.
line:08281f7,Narrator: The two bandits just stop talking and look at you.,Narrador: Los dos bandidos dejan de hablar y te miran.
line:0d58614,"Voice 1 : Are you looking for trouble, baladin?","Voz 1: ¿Buscas problemas, baladin?"
line:0a3e274,Voice 2 : You've come to the right place!,Voz 2: ¡Llegaste al lugar indicado!
line:0276ace,Narrator: You don't wait any longer and run away from the neighborhood.,Narrador: No esperas más y huyes del vecindario.
line:024f0ca,"Narrator: Now, people may recognize you.",Narrador: Ahora la gente podría reconocerte.
line:0717893,"Narrator: In the Peace Square, you can always sit at a table.",Narrador: En la Plaza de la Paz siempre puedes sentarte a una mesa.
line:09805b7,"Narrator: The meal is good, mostly because you're in good company.","Narrador: La comida es buena, sobre todo porque estás en buena compañía."
line:0a8462e,Narrator: The camaraderie around the table leads to interesting topics.,Narrador: La camaradería alrededor de la mesa conduce a temas interesantes.
line:0820ce7,Narrator: You spend the day training with the gladiators of the arena.,Narrador: Pasas el día entrenando con los gladiadores de la arena.
line:015cd4b,Narrator: The military discipline and the upbeat music help you work out!,Narrador: ¡La disciplina militar y la música animada te ayudan a ejercitarte!
line:0c0b3cc,"Narrator: As you stretch on a bench, you can hear two people talking in the locker room.","Narrador: Mientras estiras en un banco, oyes a dos personas hablando en el vestuario."
line:09074ec,Narrator: The sound of grain under the grinding wheel is music to your ears.,Narrador: El sonido del grano bajo la piedra de molino es música para tus oídos.
line:03b6581,Narrator: You think sometimes crushing things can be a good thing.,Narrador: Piensas que a veces triturar cosas puede ser algo bueno.
line:08d8b0a,Narrator: You can hear the conversations of farmers bringing bags of wheat.,Narrador: Oyes las conversaciones de los agricultores que traen sacos de trigo.
line:09d25bc,Narrator: Setting the right lights is part of the mise en scène.,Narrador: Colocar las luces adecuadas forma parte de la puesta en escena.
line:0b1ccd0,Narrator: The director gives you complete creative freedom!,Narrador: ¡El director te concede total libertad creativa!
line:0993c4c,Narrator: Two workers are talking while installing chandeliers over the stage.,Narrador: Dos trabajadores conversan mientras instalan candelabros sobre el escenario.
line:0d860b4,Narrator: It's hard to imagine all the mail received by the Council.,Narrador: Cuesta imaginar todo el correo que recibe el Consejo.
line:0c3c6bd,Narrator: Destroying the old letter in a brasier is satisfying.,Narrador: Destruir las cartas antiguas en un brasero es satisfactorio.
line:055e25b,Narrator: Members of the Council walk by and you can't help but hear what they say.,Narrador: Pasan miembros del Consejo y no puedes evitar escuchar lo que dicen.
line:089c7c7,Narrator: The craft skills of the artisans are astonishing.,Narrador: Las habilidades de los artesanos son asombrosas.
line:092a63a,Narrator: You manage to learn a bit of their talent just by observing.,Narrador: Logras aprender un poco de su talento con solo observar.
line:07bd299,"Narrator: Over the sound of the crowd in the alley, you catch a conversation.","Narrador: Por encima del ruido de la multitud en el callejón, alcanzas a oír una conversación."
line:0b5a886,Narrator: The art of acting is also the art of deceiving.,Narrador: El arte de actuar también es el arte de engañar.
line:0b5e7ae,Narrator: You learn a lot about human nature from the comedians.,Narrador: Aprendes mucho sobre la naturaleza humana gracias a los comediantes.
line:0c26592,Narrator: But other comedians in the audience are not listening to their coworkers.,Narrador: Pero otros comediantes entre el público no escuchan a sus colegas.
line:0456029,Narrator: Attending public readings is the best way to hear the latest installments of the Tale.,Narrador: Asistir a lecturas públicas es la mejor forma de oír las entregas más recientes de la Crónica.
line:05e1aa3,Narrator: You learn more about the world through these stories.,Narrador: Aprendes más sobre el mundo por medio de estas historias.
line:0fdd0a8,Narrator: But some believers are not paying attention.,Narrador: Pero algunos creyentes no prestan atención.
line:02b52ff,"Narrator: In Peace Square, the competition between artists is ruthless!","Narrador: ¡En la Plaza de la Paz, la competencia entre artistas es despiadada!"
line:00b1069,Narrator: You learn a few tricks by watching them advertise their show to the audience.,Narrador: Aprendes algunos trucos observándolos promocionar su espectáculo ante el público.
line:03fd387,"Narrator: Despite the quality of the show, you can hear people not really paying attention in the audience.","Narrador: Pese a la calidad del espectáculo, oyes a gente del público que no presta mucha atención."
line:0d33beb,Narrator: The Greasy Gutter is full of people ready to flex!,Narrador: ¡La Alcantarilla Grasienta está llena de gente dispuesta a demostrar su fuerza!
line:0012799,Narrator: They found their master! You miraculously win all the rounds!,"Narrador: ¡Encontraron a su superior! ¡Milagrosamente, ganas todas las rondas!"
line:07589f3,Narrator: And they're surely stronger than you!,Narrador: ¡Y sin duda tienen más fuerza que tú!
line:04af780,Narrator: You lose every round and your arm is hurting.,Narrador: Pierdes todas las rondas y te duele el brazo.
line:078b78c,"Narrator: While you're massaging your arm, you hear two drunkards talking at the next table.","Narrador: Mientras te masajeas el brazo, oyes a dos borrachos hablando en la mesa contigua."
line:042e99d,Narrator: You challenge Jordi to a bread-trivia quiz!,Narrador: ¡Desafías a Jordi a un concurso de preguntas sobre el pan!
line:0921fc0,Narrator: He answers all your questions and you answer his. It's a draw!,Narrador: Él responde todas tus preguntas y tú respondes las suyas. ¡Empate!
line:0c2b71b,Narrator: He answers all your questions and you don't manage to answer even one of his!,Narrador: ¡Él responde todas tus preguntas y tú no logras contestar ni una de las suyas!
line:0997c65,"Narrator: As you step outside of the mill, you hear two travellers talking.","Narrador: Al salir del molino, oyes hablar a dos viajeros."
line:0ce92e6,Narrator: You're allowed to browse the big book of the Tale.,Narrador: Te permiten hojear el gran libro de la Crónica.
line:0147c43,Narrator: Turning the pages is as difficult as understanding the text!,Narrador: ¡Pasar las páginas es tan difícil como comprender el texto!
line:0f61a57,Narrator: But the pages are too heavy! You pretend to read for a minute and leave.,Narrador: ¡Pero las páginas son demasiado pesadas! Finges leer durante un minuto y te marchas.
line:0b87ea2,"Narrator: When looking at the book, you hear whispers in the temple.","Narrador: Mientras observas el libro, oyes susurros en el templo."
line:0fd79d1,Narrator: Organising casting sessions is quite exhausting.,Narrador: Organizar audiciones es bastante agotador.
line:04d672e,Narrator: But you manage to remember all the lines of famous plays to act with the candidates.,Narrador: Pero logras recordar todos los diálogos de obras famosas para actuar con los aspirantes.
line:00a936f,Narrator: You mix up all the lines you were supposed to learn to act with the candidates. It's embarrassing.,Narrador: Confundes todos los diálogos que debías aprender para actuar con los aspirantes. Es vergonzoso.
line:045aa5b,Narrator: You take a break and hear two aspiring comedians talking outside the theater.,Narrador: Te tomas un descanso y oyes hablar a dos aspirantes a comediantes fuera del teatro.
line:0020340,Narrator: We need to shovel the bird droppings out the dovecote before the castle crumbles on itself.,Narrador: Tenemos que retirar con palas el excremento de las aves del palomar antes de que el castillo se derrumbe.
line:0359fde,Narrator: Gallons of the precious fetilizer are already heading to the wheat fields!,Narrador: ¡Ya van litros del preciado fertilizante rumbo a los campos de trigo!
line:0bbf5ba,"Narrator: The castle won't crumble today, but you will.","Narrador: El castillo no se derrumbará hoy, pero tú sí."
line:06ba120,Narrator: You're exhausted and didn't even work that much.,Narrador: Estás exhausto y ni siquiera trabajaste tanto.
line:0362497,Narrator: You worked so well you're allowed to take a jarful of guano with you.,Narrador: Trabajaste tan bien que te permiten llevarte un frasco lleno de guano.
line:04ddfec,"Narrator: As you put back the shovel in the shed, you hear two other workers talking.","Narrador: Mientras devuelves la pala al cobertizo, oyes hablar a otros dos trabajadores."
line:0cd278c,Narrator: You spend the night working on designs for a new collection.,Narrador: Pasas la noche trabajando en diseños para una nueva colección.
line:0ada87e,Narrator: You manage to come up with very innovative looks!,Narrador: ¡Logras concebir estilos muy innovadores!
line:0af43dc,Narrator: On your way out you grab a piece of fabric left on the floor.,"Narrador: Al salir, recoges un trozo de tela que quedó en el suelo."
line:090e7d3,Narrator: But it's hard!,Narrador: ¡Pero es difícil!
line:04041d3,Narrator: Cameli finds you snoring on his desk in the morning.,"Narrador: Por la mañana, Cameli te encuentra roncando sobre su escritorio."
line:0b12c89,"Narrator: As you walk in Backstage Alley, you catch a conversation between two customers.","Narrador: Mientras recorres el Callejón de los Bastidores, oyes una conversación entre dos clientes."
line:05bd184,Narrator: Biscotorius is always interested in new ideas for the gladiator shows.,Narrador: Biscotorius siempre se interesa por nuevas ideas para los espectáculos de gladiadores.
line:04bd7ce,Narrator: You just have to make her believe it was her idea to hire you.,Narrador: Solo tienes que hacerle creer que contratarte fue idea suya.
line:0c08bf4,"Narrator: You convince her to work on your idea by implying it's... ""awesome"".",Narrador: La convences de trabajar en tu idea insinuando que es... «increíble».
line:095ce53,Narrator: What a trickster!,Narrador: ¡Qué astucia!
line:0de2476,Narrator: She says she has a better idea for the show: the baladin gets out of the arena and never comes back!,Narrador: Dice que tiene una idea mejor para el espectáculo: ¡el baladin sale de la arena y no vuelve jamás!
line:0b0feda,Narrator: That's harsh.,Narrador: Eso fue cruel.
line:0f5012e,"Narrator: On your way out of the arena, you hear two gladiators talking.","Narrador: Al salir de la arena, oyes hablar a dos gladiadores."
line:0b7a97d,Narrator: You play coconut shy at a stall at Peace Square.,Narrador: Juegas a derribar cocos en un puesto de la Plaza de la Paz.
line:090dc7f,Narrator: The sound of wooden balls smashing the targets is exhilarating.,Narrador: El sonido de las pelotas de madera golpeando los blancos es emocionante.
line:0e13572,Narrator: You break the high score! You deserve a reward.,Narrador: ¡Superas el récord! Mereces una recompensa.
line:030c897,"Narrator: No matter how hard you try, you don't manage to touch even one target.","Narrador: Por mucho que lo intentas, no logras tocar ni un solo blanco."
line:0ee5f3c,"Narrator: Between the stalls of the fair, two artists are talking.","Narrador: Entre los puestos de la feria, dos artistas están conversando."
line:02a9a20,"<sprite name=""director""> Hollibrius: We need more monologues! This play is futile!","<sprite name=""director""> Hollibrius: ¡Necesitamos más monólogos! ¡Esta obra es banal!"
line:0db8dce,"<sprite name=""general""> Biscotorius: We need more fights! People don't want boring monologues!","<sprite name=""general""> Biscotorius: ¡Necesitamos más peleas! ¡La gente no quiere monólogos aburridos!"
line:0dfbe4c,Narrator: They have trouble working together. Maybe with a little help...,Narrador: Les cuesta trabajar en equipo. Quizá con un poco de ayuda...
line:024049b,"<sprite name=""creation"">{0}<br><br>Help them","<sprite name=""creation"">{0}<br><br>Ayudarlos"
line:0a771db,"<sprite name=""leave""><br><br>Leave","<sprite name=""leave""><br><br>Irse"
line:0b1b0d5,"<sprite name=""general""> Biscotorius: Ha! I get it! The way you depict the inner struggle of the common people facing the raging tide of modernity is AWESOME!","<sprite name=""general""> Biscotorius: ¡Ja! ¡Ya lo entiendo! La forma en que representas la lucha interna de la gente común frente a la arrolladora marea de la modernidad es ¡INCREÍBLE!"
line:0f489f8,"<sprite name=""director""> Hollibrius: Indeed! And we can make a great metaphor with an actual fight against lots of people! With swords!","<sprite name=""director""> Hollibrius: ¡En efecto! ¡Y podemos crear una gran metáfora con una pelea real contra muchísima gente! ¡Con espadas!"
line:099efbb,"Narrator: In the evening, the premiere of the show is a triumph!","Narrador: ¡Por la noche, el estreno del espectáculo es todo un triunfo!"
line:029b44d,Narrator: People are ecstatic! Tomorrow the town criers will sing the greatness of the show!,Narrador: ¡El público está eufórico! ¡Mañana los pregoneros cantarán las grandezas del espectáculo!
line:0e0bae2,"Narrator: At the end, you're invited to bow on stage.","Narrador: Al final, te invitan a hacer una reverencia en el escenario."
line:09945f6,Narrator: You manage to grab a bouquet landing at your feet.,Narrador: Logras atrapar un ramo que cae a tus pies.
line:0f3412c,"<sprite name=""director""> Hollibrius: It's hopeless! I quit!","<sprite name=""director""> Hollibrius: ¡Es inútil! ¡Renuncio!"
line:026e49c,"<sprite name=""general""> Biscotorius: No! I quit first!","<sprite name=""general""> Biscotorius: ¡No! ¡Yo renuncio primero!"
line:08d1a99,"Narrator: And the two of them leave in opposite directions, slaming the doors.",Narrador: Los dos se marchan en direcciones opuestas y azotan las puertas.
line:0ccc1d8,Narrator: It will require time and effort to make them work together.,Narrador: Lograr que trabajen juntos exigirá tiempo y esfuerzo.
line:08aaed9,Narrator: You've been condemned to community service for your crimes.,Narrador: Te han condenado a realizar servicio comunitario por tus delitos.
line:0f9c6b9,Narrator: You spend the week scrubbing the filth from the streets of Hortegarde.,Narrador: Pasas la semana limpiando la suciedad de las calles de Hortegarde.
line:0c76992,"Narrator: As you walk the streets of Hortegarde, you see the High Cleric Gabi, lost in thought.","Narrador: Mientras recorres las calles de Hortegarde, ves a la alta clériga Gabi sumida en sus pensamientos."
line:0c2174f,"Narrator: But there's a nuton hole in the ground, and she's walking right into it!",Narrador: ¡Pero hay un agujero de nuton en el suelo y camina directo hacia él!
line:07d3a59,Narrator: Quick! Do something!,Narrador: ¡Rápido! ¡Haz algo!
line:0d3067d,"<sprite name=""physique"">{0}<br><br> Catch her!","<sprite name=""physique"">{0}<br><br>¡Atraparla!"
line:0ab94b1,Narrator: You rush to catch her before she falls into the hole!,Narrador: ¡Corres para atraparla antes de que caiga en el agujero!
line:000ab40,"<sprite name=""destruction"">{0}<br><br> Scream!","<sprite name=""destruction"">{0}<br><br>¡Gritar!"
line:02b3da6,Narrator: You scream to warn the high cleric!,Narrador: ¡Gritas para advertir a la alta clériga!
line:0e44626,"Narrator: A second later, Gabi is hanging over the void, lifted by your mighty arms.","Narrador: Un segundo después, Gabi cuelga sobre el vacío, sostenida por tus poderosos brazos."
line:0760f65,Narrator: Too late!,Narrador: ¡Demasiado tarde!
line:0d32a91,Narrator: You're so loud that you wake up a nuton in the depth of the earth.,Narrador: Gritas tan fuerte que despiertas a un nuton en las profundidades de la tierra.
line:0ce8116,Narrator: They poke their head out of the hole and Gabi wakes up from her daydreaming.,Narrador: Asoma la cabeza por el agujero y Gabi despierta de su ensueño.
line:0860aff,Narrator: The sound you make is so terrifying that Gabi jumps right into the hole to take cover!,Narrador: ¡El sonido que haces es tan aterrador que Gabi salta dentro del agujero para ponerse a salvo!
line:09c9f2f,"<sprite name=""bishop""> Gabi: Well! That was close!","<sprite name=""bishop""> Gabi: ¡Vaya! ¡Estuvo cerca!"
line:03d3fbe,"<sprite name=""bishop""> Gabi: Thank Icosa, our paths have crossed!","<sprite name=""bishop""> Gabi: ¡Gracias a Icosa que nuestros caminos se cruzaron!"
line:0a6d2c2,"<sprite name=""bishop""> Gabi: You and your fellow baladins will always be welcome in the house of the Four Gods!","<sprite name=""bishop""> Gabi: ¡Tú y los demás baladins siempre tendrán las puertas abiertas en la casa de los Cuatro Dioses!"
line:03bf7cf,Narrator: The high cleric falls down in the lower levels of Gatherac!,Narrador: ¡La alta clériga cae hasta los niveles inferiores de Gatherac!
line:07c4e72,"Narrator: Nearby citizens manage to pull her out of the hole, she's...",Narrador: La gente cercana logra sacarla del agujero. Está...
line:06dda97,"<sprite name=""bishop""> Gabi: Arg! My arm!","<sprite name=""bishop""> Gabi: ¡Ay! ¡Mi brazo!"
line:04a35f6,Narrator: Alive!,Narrador: ¡Viva!
line:0c8fdc3,Narrator: A cart is blocking the road and the local cheesemonger runs around in circles.,Narrador: Una carreta bloquea el camino y el quesero local corre en círculos.
line:08915ff,"<sprite name=""cheesemonger""> Claude: Help! I was delivering this load of calendos to Hortegarde when my cow fainted.","<sprite name=""cheesemonger""> Claude: ¡Ayuda! Llevaba este cargamento de calendos a Hortegarde cuando mi vaca se desmayó."
line:0625281,"<sprite name=""cheesemonger""> Claude: It must be because of the delicate scent of the cheese...","<sprite name=""cheesemonger""> Claude: Debe ser por el delicado aroma del queso..."
line:0d2350a,Narrator: You were wondering why it was smelling like an old skunk cadaver around the cart.,Narrador: Ya te preguntabas por qué alrededor de la carreta olía como el cadáver de una mofeta vieja.
line:06819c0,"<sprite name=""cheesemonger""> Claude: Can you do something?","<sprite name=""cheesemonger""> Claude: ¿Puedes hacer algo?"
line:04bc443,"<sprite name=""physique"">{0}<br><br>Lift the beast","<sprite name=""physique"">{0}<br><br>Levantar al animal"
line:069f095,"<sprite name=""no""><br><br>Nope","<sprite name=""no""><br><br>No"
line:00b15be,"<sprite name=""cheesemonger""> Claude: Yeah that's what I feared. I'll wait until Petunia wakes up by herself.","<sprite name=""cheesemonger""> Claude: Sí, eso temía. Esperaré a que Petunia despierte por sí sola."
line:02d5355,"<sprite name=""trade""><br><br>Give","<sprite name=""trade""><br><br>Dar"
line:0404501,Narrator: You bend your knees and try to lift the cow back on its feet.,Narrador: Flexionas las rodillas e intentas poner a la vaca de pie.
line:07558d9,Narrator: It's lighter than it seems and it wakes up the moment its feet touch the ground.,Narrador: Pesa menos de lo que parece y despierta en cuanto sus patas tocan el suelo.
line:0287bdc,Narrator: But it's heavier than it looks and the fumes of cheese mess with your head.,Narrador: Pesa más de lo que parece y los vapores del queso te aturden.
line:0cba3dd,Narrator: You wake up hours later. The cart is gone.,Narrador: Despiertas horas después. La carreta ya no está.
line:02064d3,Narrator: You put some spice under the cow's nose.,Narrador: Colocas unas especias bajo el hocico de la vaca.
line:09004f0,Narrator: You open a bottle of kalva under the cow's nose.,Narrador: Abres una botella de kalva bajo el hocico de la vaca.
line:054e77f,"<sprite name=""cheesemonger""> Claude: Nah, this won't help.","<sprite name=""cheesemonger""> Claude: No, esto no ayudará."
line:0deba94,Narrator: The scent is like a whiplash and instantly wakes up the cow!,Narrador: ¡El aroma golpea como un latigazo y despierta a la vaca al instante!
line:0d7395e,Narrator: You wave the flowers under the cow's nose.,Narrador: Agitas las flores bajo el hocico de la vaca.
line:0da2f6e,Narrator: Their scent covers the smell of cheese and the beast gently wakes up.,Narrador: Su aroma cubre el olor del queso y el animal despierta suavemente.
line:0c92eaa,Narrator: You light some incense to cover the smell of cheese.,Narrador: Enciendes incienso para cubrir el olor del queso.
line:08f9824,Narrator: The cow wakes up and the cheesemonger is more relaxed.,Narrador: La vaca despierta y el quesero se relaja.
line:0f0edf0,Narrator: You put some candy on the tip of the tongue of the cow and the sugar rush wakes it up!,Narrador: Colocas un dulce en la punta de la lengua de la vaca y ¡el golpe de azúcar la despierta!
line:09f9b97,Narrator: The potion of flight gives energy to the slumbering beast.,Narrador: La poción de vuelo le da energía al animal adormecido.
line:0a3f1ca,Narrator: It wakes up and feels so good it starts pulling the cart forward!,Narrador: ¡Despierta sintiéndose tan bien que comienza a tirar de la carreta!
line:0e5117c,"<sprite name=""cheesemonger""> Claude: Great! Petunia is ready for action! Haha!","<sprite name=""cheesemonger""> Claude: ¡Genial! ¡Petunia está lista para la acción! ¡Ja, ja!"
line:0768a8b,"<sprite name=""cheesemonger""> Claude: Here, have a calendos! They protect against bad dreams!","<sprite name=""cheesemonger""> Claude: ¡Toma un calendos! ¡Protegen contra las pesadillas!"
line:001bb58,"<sprite name=""cheesemonger""> Claude: And... Well... They protect against a lot of things.","<sprite name=""cheesemonger""> Claude: Y... Bueno... Protegen contra muchas cosas."
line:03dc1ef,"<sprite name=""lutin""> Hyunah: Oi! I've found this closed jar and...","<sprite name=""lutin""> Hyunah: ¡Oye! Encontré esta vasija sellada y..."
line:015da0a,"<sprite name=""lutin""> Hyunah: I'm pretty sure my friend Locte is trapped inside.","<sprite name=""lutin""> Hyunah: Estoy casi segura de que mi amistad Locte está atrapada dentro."
line:00772d4,"<sprite name=""lutin""> Hyunah: They told me they wanted to switch vessels and... Yay that must be them.","<sprite name=""lutin""> Hyunah: Me dijo que quería cambiar de recipiente y... Sí, debe estar ahí dentro."
line:0fd4ba4,"<sprite name=""lutin""> Hyunah: But I can't open it!","<sprite name=""lutin""> Hyunah: ¡Pero no puedo abrirla!"
line:0d8f821,"<sprite name=""destruction"">{0}<br><br>Break the jar","<sprite name=""destruction"">{0}<br><br>Romper la vasija"
line:0a432ca,"<sprite name=""physique"">{0}<br><br>Open the lid","<sprite name=""physique"">{0}<br><br>Abrir la tapa"
line:0ffbc87,"<sprite name=""trade""><br><br>Give","<sprite name=""trade""><br><br>Dar"
line:0a402b4,Narrator: You throw the jar against a pointy rock...,Narrador: Arrojas la vasija contra una roca puntiaguda...
line:0c1b115,"Narrator: When the vessel shatters, a ghastly shape emerges from its remains.","Narrador: Cuando se hace añicos, una figura espectral emerge de sus restos."
line:070b0b9,"Narrator: But it bounces back, right into your face.",Narrador: Pero rebota y vuelve directo hacia tu cara.
line:0651711,Narrator: You grab the lid firmly and start turning it.,Narrador: Agarras la tapa con firmeza y comienzas a girarla.
line:0efe245,Narrator: It comes off quite easily.,Narrador: Se abre con bastante facilidad.
line:0152099,"Narrator: But as soon as the jar is open, a ghastly shape rises from within.","Narrador: Pero en cuanto abres la vasija, una figura espectral emerge de su interior."
line:087423a,Narrator: But it won't budge!,Narrador: ¡Pero no se mueve ni un poco!
line:041a41c,"<sprite name=""lutin""> Hyunah: Great. I thought a big person like you would have enough strength!","<sprite name=""lutin""> Hyunah: Genial. ¡Pensé que alguien tan grande como tú tendría fuerza suficiente!"
line:0f59581,"<sprite name=""lutin""> Hyunah: But you're weak.","<sprite name=""lutin""> Hyunah: Pero eres débil."
line:0fdea50,Narrator: It's pretty humiliating and it undermines your confidence.,Narrador: Es bastante humillante y debilita tu confianza.
line:0a40124,"<sprite name=""lutin""> Hyunah: Nay, that won't be of any help.","<sprite name=""lutin""> Hyunah: No, eso no servirá de nada."
line:000b68b,"<sprite name=""ghost3""> Ghost: Thaaaank youuuu...","<sprite name=""ghost3""> Fantasma: Graciaaaaas..."
line:0aaaeb5,Narrator: And the ghost disappears.,Narrador: Y el fantasma desaparece.
line:002dd38,"<sprite name=""lutin""> Hyunah: Well... Hehe... It... It wasn't my friend Locte.","<sprite name=""lutin""> Hyunah: Bueno... Je, je... No... No era Locte."
line:065a62b,"<sprite name=""lutin""> Hyunah: I propose we never speak about what happened. We never found any sealed jar, right?","<sprite name=""lutin""> Hyunah: Propongo que jamás hablemos de esto. Nunca encontramos ninguna vasija sellada, ¿verdad?"
line:00c9a3e,"Narrator: You and the lutin split, with terror in your heart.",Narrador: Tú y la lutín se separan con el miedo metido en el cuerpo.
line:05e8529,Narrator: You use the hammer to break the jar! But the hammer also breaks!,Narrador: ¡Usas el martillo para romper la vasija! ¡Pero el martillo también se rompe!
line:0c07ce1,Narrator: You haven't quite recovered yet when a lutin pops up from between the bushes.,Narrador: Aún no te recuperas del susto cuando una lutín aparece entre los arbustos.
line:02064c9,"<sprite name=""lutin""> Locte: Oi! Lookin' for me?","<sprite name=""lutin""> Locte: ¡Oye! ¿Me buscaban?"
line:0996635,"<sprite name=""lutin""> Hyunah: Locte! You're not stuck in this jar?","<sprite name=""lutin""> Hyunah: ¡Locte! ¿No estabas atrapada en esta vasija?"
line:082f679,"<sprite name=""lutin""> Locte:  Nay. Why should I be?","<sprite name=""lutin""> Locte: No. ¿Por qué iba a estarlo?"
line:0aaa888,"<sprite name=""lutin""> Hyunah: Ah! It doesn't matter anymore.","<sprite name=""lutin""> Hyunah: ¡Ah! Ya no importa."
line:0567437,"<sprite name=""lutin""> Hyunah: Baladin, you're not very strong but you can keep the jar!","<sprite name=""lutin""> Hyunah: Baladín, no eres muy fuerte, ¡pero puedes quedarte con la vasija!"
line:099c309,"Narrator: And the two lutins disappear, laughing.",Narrador: Las dos lutines desaparecen entre risas.
line:0efe6dd,Narrator: You have a bad feeling about the jar. You swear you heard voices inside.,Narrador: La vasija te da mala espina. Jurarías haber oído voces en su interior.
line:0cf9963,Narrator: You meet a doctor on the road.,Narrador: Te encuentras con un doctor en el camino.
line:061c861,"<sprite name=""doctor""> Malaphar: Greetings, baladin. I'm looking for volunteers who would be willing to participate in an experiment.","<sprite name=""doctor""> Malaphar: Saludos, baladín. Busco voluntarios dispuestos a participar en un experimento."
line:0b31fc8,"<sprite name=""doctor""> Malaphar: I'm developing a new medical art able to heal the spirit.","<sprite name=""doctor""> Malaphar: Estoy desarrollando una nueva disciplina médica capaz de sanar el espíritu."
line:0de4272,"<sprite name=""doctor""> Malaphar: As you're a friend of the medical profession, would you like a free consultation?","<sprite name=""doctor""> Malaphar: Como apoyas a la profesión médica, ¿te gustaría recibir una consulta gratuita?"
line:0594806,"<sprite name=""dice""><br><br>Accept","<sprite name=""dice""><br><br>Aceptar"
line:029622c,"<sprite name=""no""><br><br>Decline","<sprite name=""no""><br><br>Rechazar"
line:07d4104,"<sprite name=""doctor""> Malaphar: So, tell me how you feel.","<sprite name=""doctor""> Malaphar: Bien, dime cómo te sientes."
line:05baa7e,Narrator: You sit on a stump and start talking about your responsibilities to entertain people and save the world from a time-eating dragon.,Narrador: Te sientas en un tocón y comienzas a hablar de tu responsabilidad de entretener a la gente y salvar al mundo de un dragón que devora el tiempo.
line:0665e67,"Narrator: You talk, and talk, and talk. You really take the opportunity to vent.","Narrador: Hablas, hablas y sigues hablando. Aprovechas de verdad la oportunidad para desahogarte."
line:00e0253,"Narrator: Time flies, but you feel better already.","Narrador: El tiempo vuela, pero ya te sientes mejor."
line:054168b,"<sprite name=""doctor""> Malaphar: I get it. People always get cold feet when it comes to great scientific revolutions!","<sprite name=""doctor""> Malaphar: Entiendo. ¡La gente siempre se acobarda ante las grandes revoluciones científicas!"
line:003a2ea,"<sprite name=""doctor""> Malaphar: Your loss, baladin!","<sprite name=""doctor""> Malaphar: ¡Tú te lo pierdes, baladín!"
line:03007b0,"<sprite name=""doctor""> Malaphar: That's not the kind of spirit I can heal...","<sprite name=""doctor""> Malaphar: Ese no es el tipo de espíritu que puedo sanar..."
line:0674ce0,"<sprite name=""doctor""> Malaphar: But I accept your gift...","<sprite name=""doctor""> Malaphar: Pero acepto tu regalo..."
line:0d1260f,"<sprite name=""doctor""> Malaphar: I told you: it's free!","<sprite name=""doctor""> Malaphar: ¡Ya te dije que es gratis!"
line:028bf54,Narrator: You meet a farm kid leading a cow on the road.,Narrador: Te encuentras con una joven granjera que lleva una vaca por el camino.
line:027a129,"<sprite name=""boldkid""> Bleiz: Hi! Margaret hasn't produced any milk for weeks now, so we're a bit worried with momma.","<sprite name=""boldkid""> Bleiz: ¡Hola! Margaret lleva semanas sin dar leche, así que mamá y yo estamos algo preocupadas."
line:05eb3bd,"<sprite name=""boldkid""> Bleiz: I'm on my way to the druid but if you know something about cows, be my guest!","<sprite name=""boldkid""> Bleiz: Voy a ver al druida, pero si sabes algo de vacas, ¡adelante!"
line:01f5437,"<sprite name=""knowledge"">{0}<br><br>Inspect the cow","<sprite name=""knowledge"">{0}<br><br>Examinar la vaca"
line:079a383,"<sprite name=""no""><br><br>Don't try","<sprite name=""no""><br><br>No intentarlo"
line:0e75719,Narrator: You know nothing about cows. Better leave it alone than to give bad advice.,Narrador: No sabes nada de vacas. Es mejor no intervenir que dar un mal consejo.
line:0c50ed4,"Narrator: You know everything about cows, but also your fair share of magic.",Narrador: Sabes todo sobre vacas y también bastante sobre magia.
line:041ec6f,Narrator: And this is definitely a curse!,Narrador: ¡Y esto es sin duda una maldición!
line:04df408,Narrator: You don't have to look for a long time before finding a cursed braid tied around the hoof of the poor soul.,Narrador: No tardas en encontrar una trenza maldita atada alrededor de la pezuña del pobre animal.
line:0fb586e,"<sprite name=""boldkid""> Bleiz: Wow! Thanks! I would never have thought of that!","<sprite name=""boldkid""> Bleiz: ¡Vaya! ¡Gracias! ¡Jamás se me habría ocurrido!"
line:0a1b146,"<sprite name=""boldkid""> Bleiz: You can keep it as a payment! If it's magic it must be expensive!","<sprite name=""boldkid""> Bleiz: ¡Puedes quedártela como pago! Si es mágica, ¡debe valer mucho!"
line:0fff0a5,"Narrator: You know animals well, and this one is depressed and needs affection.",Narrador: Conoces bien a los animales y esta vaca está deprimida y necesita afecto.
line:0e45af0,"<sprite name=""boldkid""> Bleiz: Affection, you say? Alright, I guess I have neglected her a bit the past few days.","<sprite name=""boldkid""> Bleiz: ¿Afecto? Está bien. Supongo que la descuidé un poco estos últimos días."
line:0cbdbd6,Narrator: And the kid hugs the cow. You could swear you saw the beast smile a bit!,Narrador: La joven abraza a la vaca. ¡Jurarías haber visto al animal sonreír un poco!
line:0fede1f,Narrator: A most endearing sight!,Narrador: ¡Una escena de lo más tierna!
line:0d81bc3,Narrator: You know nothing about cows but give your opinion nonetheless: it's the weather.,"Narrador: No sabes nada de vacas, pero das tu opinión de todos modos: es por el clima."
line:0093fcb,"<sprite name=""boldkid""> Bleiz: Well... I guess I have to change the weather then...","<sprite name=""boldkid""> Bleiz: Bueno... Supongo que tendré que cambiar el clima..."
line:0a8edaa,Narrator: You're pretty sure the kid whispered an insult as she left.,Narrador: Casi jurarías que la joven murmuró un insulto mientras se alejaba.
line:02db240,"<sprite name=""ogremage""> Onorada: Ha! Finally someone ready for my experiment!","<sprite name=""ogremage""> Onorada: ¡Ja! ¡Por fin alguien dispuesto a participar en mi experimento!"
line:0772fbf,"Narrator: So, apparently, you're volunteering for an experiment.","Narrador: Al parecer, acabas de ofrecerte para un experimento."
line:0f11302,"<sprite name=""ogremage""> Onorada: We're trying a new Kalva recipe at the Spellhold, and I need to try its effects on different people.","<sprite name=""ogremage""> Onorada: Estamos probando una nueva receta de kalva en el Bastión Mágico y necesito observar sus efectos en distintas personas."
line:0217a15,"<sprite name=""ogremage""> Onorada: You just have to drink, and if you manage to finish your glass, you'll win a bottle! Are you ready?","<sprite name=""ogremage""> Onorada: Solo tienes que beber. Si logras terminar el vaso, ¡ganarás una botella! ¿Todo listo?"
line:04abaad,"<sprite name=""physique"">{0}<br><br>Drink!","<sprite name=""physique"">{0}<br><br>¡Beber!"
line:0984ee8,"<sprite name=""no""><br><br>Hell no!","<sprite name=""no""><br><br>¡Ni hablar!"
line:08b8c83,"Narrator: On the first sip, you feel the burn of alcohol in your throat.","Narrador: Con el primer sorbo, sientes cómo el alcohol te quema la garganta."
line:0e7d60c,"Narrator: That's an ogre beverage, indeed! And it's quite good, actually.","Narrador: ¡Sin duda es una bebida de ogros! Y, la verdad, está bastante buena."
line:09437c7,"<sprite name=""ogremage""> Onorada:  How do you feel? Ready for another round?","<sprite name=""ogremage""> Onorada: ¿Cómo te sientes? ¿Puedes con otra ronda?"
line:0aec231,"<sprite name=""physique"">{0}<br><br>Drink!","<sprite name=""physique"">{0}<br><br>¡Beber!"
line:0793fe6,"<sprite name=""no""><br><br>Hell no!","<sprite name=""no""><br><br>¡Ni hablar!"
line:0ed8d91,Narrator: Your head starts spinning already.,Narrador: Ya comienza a darte vueltas la cabeza.
line:0f1f297,"<sprite name=""ogremage""> Onorada: Ho, you look awful. Is that your normal state?","<sprite name=""ogremage""> Onorada: Vaya, tienes un aspecto terrible. ¿Sueles verte así?"
line:0cde29f,"<sprite name=""ogremage""> Onorada: How many fingers do I have?","<sprite name=""ogremage""> Onorada: ¿Cuántos dedos tengo?"
line:03cb444,"<sprite name=""ogremage""> Onorada: You still have a drop of drink in the bottom of your glass!","<sprite name=""ogremage""> Onorada: ¡Todavía queda una gota en el fondo del vaso!"
line:02f907c,"<sprite name=""physique"">{0}<br><br>Finish your drink!","<sprite name=""physique"">{0}<br><br>¡Terminar la bebida!"
line:081ef60,"<sprite name=""exclamation""><br><br>Throw the drink","<sprite name=""exclamation""><br><br>Arrojar la bebida"
line:0db3c0f,Narrator: You throw your glass over your shoulder. You're done!,Narrador: Arrojas el vaso por encima del hombro. ¡Se acabó!
line:006f26d,"Narrator: You start to think... Nothing at all. Your brain is sleeping, but weirdly enough, you're not!","Narrador: Comienzas a pensar... en absolutamente nada. Tu cerebro está dormido, pero, por extraño que parezca, ¡tú no!"
line:0ed4607,"<sprite name=""ogremage""> Onorada: Ho ho! You're still standing? Great! It means we are allowed to sell it!","<sprite name=""ogremage""> Onorada: ¡Jo, jo! ¿Sigues en pie? ¡Excelente! ¡Eso significa que podemos venderla!"
line:0e4e1a5,"<sprite name=""ogremage""> Onorada: Here, you deserve a bottle.","<sprite name=""ogremage""> Onorada: Toma, te ganaste una botella."
line:0e8424a,"<sprite name=""ogremage""> Onorada: But remember to mix it with water first!","<sprite name=""ogremage""> Onorada: ¡Pero recuerda mezclarla primero con agua!"
line:09cb98c,"<sprite name=""ogremage""> Onorada: A [i]LOT[/i] of water!","<sprite name=""ogremage""> Onorada: ¡Con [i]MUCHA[/i] agua!"
line:0713358,Narrator: This drink was more than you can handle: you sit down on the road.,Narrador: Esta bebida pudo contigo: te sientas al borde del camino.
line:0904e69,"<sprite name=""ogremage""> Onorada: So... My calculations seem to have been a bit off... I have to get back to work.","<sprite name=""ogremage""> Onorada: Entonces... Parece que mis cálculos estaban un poco equivocados... Debo volver al trabajo."
line:05def97,"<sprite name=""ogremage""> Onorada: Thank you for helping science!","<sprite name=""ogremage""> Onorada: ¡Gracias por ayudar a la ciencia!"
line:087b0e5,"<sprite name=""ogremage""> Onorada: Chew on some dandelions, it'll give you strength!","<sprite name=""ogremage""> Onorada: Mastica unos dientes de león. ¡Te devolverán las fuerzas!"
line:0e5338f,Narrator: You feel a bit stronger indeed… after a good nap under a tree.,"Narrador: En efecto, te sientes algo más fuerte... después de una buena siesta bajo un árbol."
line:098e614,"<sprite name=""ogremage""> Onorada: Oh, come on! How can science make progress with that kind of thinking?","<sprite name=""ogremage""> Onorada: ¡Vamos! ¿Cómo va a progresar la ciencia con esa forma de pensar?"
line:08fcea7,"<sprite name=""ogremage""> Onorada: I mean... Actually, I think it's wiser not to drink that...","<sprite name=""ogremage""> Onorada: Quiero decir... La verdad, creo que es más sensato no beber eso..."
line:0678048,Narrator: You encounter a lutin running from something.,Narrador: Te encuentras con una lutín que huye de algo.
line:035e690,"<sprite name=""sealutin2""> Pote Potin: Quick, baladin! Help me!","<sprite name=""sealutin2""> Pote Potin: ¡Rápido, baladín! ¡Ayúdame!"
line:04ad6bf,"<sprite name=""sealutin2""> Pote Potin: Fishers from Mornoz are chasing me! No time to explain!","<sprite name=""sealutin2""> Pote Potin: ¡Los pescadores de Mornoz me persiguen! ¡No hay tiempo para explicaciones!"
line:05ab53f,"<sprite name=""sealutin2""> Pote Potin: Help me hide!","<sprite name=""sealutin2""> Pote Potin: ¡Ayúdame a esconderme!"
line:002556f,Narrator: This lutin might be a criminal. Choose wisely.,Narrador: Esta lutín podría ser una criminal. Elige con cuidado.
line:0f01d20,"<sprite name=""yes""><br><br>Accept","<sprite name=""yes""><br><br>Aceptar"
line:0e6be84,Narrator: Wait! Why are people chasing this lutin? Can you really trust them?,Narrador: ¡Espera! ¿Por qué persiguen a esta lutín? ¿De verdad puedes confiar en ella?
line:0e0130c,"<sprite name=""no""><br><br>Decline","<sprite name=""no""><br><br>Rechazar"
line:007453f,"<sprite name=""sealutin2""> Pote Potin: Alright! Bring me to my friends under the Spellhold! Quick!","<sprite name=""sealutin2""> Pote Potin: ¡Bien! ¡Llévame con mis amistades bajo el Bastión Mágico! ¡Rápido!"
line:0dce67b,Narrator: And the lutin jumps into your bag.,Narrador: Y la lutín salta dentro de tu bolsa.
line:0c664d4,"Narrator: So, there are lutins living under the Spellhold? It would be a good idea to investigate.",Narrador: ¿Así que hay lutines viviendo bajo el Bastión Mágico? Sería buena idea investigar.
line:093c7b3,"<sprite name=""sealutin2""> Pote Potin: You blasted baladin! I'll spend the rest of my life doing community work because of you!","<sprite name=""sealutin2""> Pote Potin: ¡Maldito baladín! ¡Por tu culpa pasaré el resto de mi vida haciendo trabajo comunitario!"
line:091cd77,Narrator: You feel guilty for not helping this lutin.,Narrador: Te sientes culpable por no ayudar a esta lutín.
line:0531f51,Narrator: But you're sure they will be fine.,Narrador: Pero tienes la certeza de que estará bien.
line:0164ca2,Narrator: But how could you know they were not a dangerous criminal?,Narrador: Aunque ¿cómo podías saber que no era una peligrosa criminal?
line:0c8ac89,Narrator: You will never know. At least in this timeline.,"Narrador: Nunca lo sabrás. Al menos, no en esta línea temporal."
line:0cbe7ce,Do we help the lutin escape?,¿Ayudamos a escapar a la lutín?
line:0893ff9,"As we say, legality and morality are two different things!","Como suele decirse, ¡la legalidad y la moralidad son cosas distintas!"
line:04d1333,They really look suspicious though...,Aunque parece bastante sospechosa...
line:0606677,Narrator: A shriek tears the sky and a shiver runs down your spine.,Narrador: Un chillido desgarra el cielo y un escalofrío te recorre la espalda.
line:00965d7,Narrator: A gargoyle descends from the sky and blocks your way!,Narrador: ¡Una gárgola desciende del cielo y te bloquea el paso!
line:0d3cea6,"<sprite name=""destruction"">{0}<br><br>Fight!","<sprite name=""destruction"">{0}<br><br>¡Luchar!"
line:0c33c61,"<sprite name=""finesse"">{0}<br><br>Close your eyes!","<sprite name=""finesse"">{0}<br><br>¡Cerrar los ojos!"
line:0b4ca73,"<sprite name=""mp""><br><br>Run!","<sprite name=""mp""><br><br>¡Correr!"
line:049ec75,"<sprite name=""trade""><br><br>Give","<sprite name=""trade""><br><br>Dar"
line:023a210,"Narrator: You catch the gagoyle, spin around and throw it into a tree trunk!","Narrador: ¡Atrapas a la gárgola, das una vuelta y la arrojas contra el tronco de un árbol!"
line:0d12955,Narrator: You give the stone gargoyle a massive headbutt.,Narrador: Le das un cabezazo brutal a la gárgola de piedra.
line:01bf9c3,Narrator: The only power the gargoyle has is to scare people.,Narrador: El único poder de la gárgola es asustar a la gente.
line:0c40c05,Narrator: You can't be afraid of what you can't see!,Narrador: ¡No puedes temerle a lo que no ves!
line:0456ff6,"Narrator: You manage to believe it long enough for the gargoyle to leave, at least.","Narrador: Logras creértelo el tiempo suficiente para que la gárgola se marche, al menos."
line:0da7633,"Narrator: But you still can hear the deep growling breath of the monster, and end up running away with your eyes closed!","Narrador: Pero aún oyes la respiración grave y gruñente del monstruo, ¡y acabas huyendo con los ojos cerrados!"
line:07fdfa9,Narrator: You run right into a tree.,Narrador: Chocas de frente contra un árbol.
line:0912bab,Narrator: You run and make a detour to avoid the gargoyle.,Narrador: Corres y das un rodeo para evitar a la gárgola.
line:0eccb15,"Narrator: You throw an item at the gargoyle, but it falls flat on the ground.","Narrador: Arrojas un objeto contra la gárgola, pero cae sin más al suelo."
line:0109e02,"Narrator: You pass out. When you wake up you've forgotten about your encounter with the gargoyle, and a few other things.","Narrador: Te desmayas. Cuando despiertas, olvidaste tu encuentro con la gárgola y algunas cosas más."
line:0a658f4,"Narrator: But at this moment, the loudest bell sound echoes in the air.","Narrador: Pero justo entonces, un ensordecedor tañido de campana resuena en el aire."
line:04eeff7,Narrator: The magic bell in your bag decided to ring at this very moment!,Narrador: ¡La campana mágica de tu mochila decidió sonar justo en este momento!
line:004691f,"Narrator: You cover your ears, and the gargoyle flies away.",Narrador: Te cubres los oídos y la gárgola se aleja volando.
line:04741e9,Narrator: A shriek tears the sky and a shiver runs down your spine.,Narrador: Un chillido desgarra el cielo y un escalofrío te recorre la espalda.
line:0435956,Narrator: A gargoyle descends from the sky and blocks your way!,Narrador: ¡Una gárgola desciende del cielo y te bloquea el paso!
line:0a2b6d1,Narrator: But the twins jump from a tree and step between you and the monster!,Narrador: ¡Pero los gemelos saltan desde un árbol y se interponen entre el monstruo y tú!
line:0973d57,"<sprite name=""twin1""> Aten: Not today!","<sprite name=""twin1""> Aten: ¡Hoy no!"
line:0cb8d30,"<sprite name=""twin2""> Jonas: Back off, demon, or we'll slay you!","<sprite name=""twin2""> Jonas: ¡Atrás, demonio, o acabaremos contigo!"
line:04c9723,"<sprite name=""twin1""> Aten: Run, princess! We'll deal with this abomination!","<sprite name=""twin1""> Aten: ¡Huye, princesa! ¡Nosotros nos encargaremos de esta abominación!"
line:04f7d70,Narrator: And you run away.,Narrador: Y sales corriendo.
line:07aaa21,Narrator: The courage and honor of the twins is inspiring.,Narrador: El valor y el honor de los gemelos resultan inspiradores.
line:0fe5593,"<sprite name=""druid""> Fintan: Hey, there! Want to gather some ingredients for potions with me?","<sprite name=""druid""> Fintan: ¡Hola! ¿Quieres recolectar conmigo ingredientes para pociones?"
line:0408d98,"<sprite name=""knowledge"">{0}<br><br>Accept","<sprite name=""knowledge"">{0}<br><br>Aceptar"
line:0597e53,"<sprite name=""no""><br><br>Decline","<sprite name=""no""><br><br>Rechazar"
line:053142d,"Narrator: Between the bushes and ferns, you see something shining.",Narrador: Entre los arbustos y helechos ves algo brillante.
line:09522f8,Narrator: You manage to find ingredients thanks to your knowledge of nature.,"Narrador: Gracias a tus conocimientos de la naturaleza, consigues encontrar ingredientes."
line:026477d,Narrator: You find a candy tree and pick one of its branches.,Narrador: Encuentras un árbol de dulces y recoges una de sus ramas.
line:0d2639d,"Narrator: You find olives. It's weird, they don't usually grow in this region.",Narrador: Encuentras aceitunas. Es extraño: no suelen crecer en esta región.
line:0ab7a6f,Narrator: You find weed.,Narrador: Encuentras hierba.
line:0866ce9,"<sprite name=""druid""> Fintan: Oh, nice!","<sprite name=""druid""> Fintan: ¡Oh, qué bien!"
line:0a886cf,"<sprite name=""druid""> Fintan: Come to my place and I'll make a potion out of it for you!","<sprite name=""druid""> Fintan: ¡Ven a mi casa y te prepararé una poción con esto!"
line:02fe7f2,Narrator: You follow the druid's instructions but can't find anything of interest to brew potions.,"Narrador: Sigues las indicaciones del druida, pero no encuentras nada útil para preparar pociones."
line:05489c0,Narrator: You follow Fintan's instructions but end up lost in the woods!,"Narrador: Sigues las indicaciones de Fintan, ¡pero acabas perdido en el bosque!"
line:0b3e23f,Narrator: You spend the night in the darkest corner of the forest and prefer to forget everything you saw there.,Narrador: Pasas la noche en el rincón más oscuro del bosque y prefieres olvidar todo lo que viste allí.
line:021f72e,"<sprite name=""druid""> Fintan: Oh. Ok. It's free, you know?","<sprite name=""druid""> Fintan: Ah. Está bien. Sabes que es gratis, ¿verdad?"
line:022ff88,"<sprite name=""druid""> Fintan: You know, I have plenty of those at my house!","<sprite name=""druid""> Fintan: ¡Sabes que tengo montones de eso en casa!"
line:015bc08,"<sprite name=""druid""> Fintan: If you're looking for candy, you can always ask me for some!","<sprite name=""druid""> Fintan: Si buscas dulces, ¡siempre puedes pedirme algunos!"
line:0e41ba1,"<sprite name=""magician""> Emerson: And now, I'll ask someone to pick a card!","<sprite name=""magician""> Emerson: Y ahora, ¡le pediré a alguien que elija una carta!"
line:045e231,Narrator: A magic show! Great!,Narrador: ¡Un espectáculo de magia! ¡Genial!
line:043de37,"<sprite name=""magician""> Emerson: YOU! Baladin! Pick a card!","<sprite name=""magician""> Emerson: ¡TÚ! ¡Baladín! ¡Elige una carta!"
line:064bd3a,Narrator: It's an 8 of sticks.,Narrador: Es un ocho de bastos.
line:02edcfc,"<sprite name=""magician""> Emerson: Remember it well! And put it back in the deck! I shuffle it aaaand...","<sprite name=""magician""> Emerson: ¡Recuérdala bien! ¡Y devuélvela al mazo! Lo barajo yyyyy..."
line:096a93a,Narrator: The audience holds their breath.,Narrador: El público contiene la respiración.
line:0bce579,"<sprite name=""magician""> Emerson: It waaaaas...","<sprite name=""magician""> Emerson: Eraaaaa..."
line:015a6ed,"<sprite name=""magician""> Emerson: Eeeer... It waaaaas...","<sprite name=""magician""> Emerson: Eeeeh... Eraaaaa..."
line:0603363,"<sprite name=""magician""> Emerson: Hum... I see... I'm looking deep into your mind and...","<sprite name=""magician""> Emerson: Mmm... Ya veo... Estoy explorando las profundidades de tu mente y..."
line:0761993,Narrator: The poor lad's trick is not working. He needs help!,Narrador: El truco del pobre muchacho no está funcionando. ¡Necesita ayuda!
line:0f01b65,"<sprite name=""knowledge"">{0}<br><br>Finish the trick","<sprite name=""knowledge"">{0}<br><br>Completar el truco"
line:0b5c6d2,"<sprite name=""creation"">{0}<br><br>Make a joke","<sprite name=""creation"">{0}<br><br>Hacer una broma"
line:0ed6ebf,"<sprite name=""trade""><br><br>Give","<sprite name=""trade""><br><br>Dar"
line:042dd80,Narrator: You know your classics. You step towards the magician and pull your card out from behind his ear!,Narrador: Conoces los trucos clásicos. Te acercas al mago y sacas tu carta de detrás de su oreja.
line:04eb632,Narrator: What a twist!,Narrador: ¡Qué giro inesperado!
line:0cf0ab9,Narrator: But magic tricks are not your strong side.,Narrador: Pero los trucos de magia no son lo tuyo.
line:0855333,"Narrator: You take the deck from Emerson and start browsing, looking for your card.",Narrador: Le quitas el mazo a Emerson y comienzas a revisarlo en busca de tu carta.
line:0bdafa6,"<sprite name=""magician""> Emerson: What are you doing?","<sprite name=""magician""> Emerson: ¿Qué haces?"
line:072287f,"Narrator: You tell the magician not to bother looking into your mind, he won't find anything there!",Narrador: Le dices al mago que no se moleste en explorar tu mente: ¡no encontrará nada ahí!
line:0084176,Narrator: The small crowd bursts into laughter.,Narrador: El pequeño público estalla en carcajadas.
line:076a53d,Narrator: You try reverse psychology and tell the audience the magician doesn't have a clue!,Narrador: Intentas usar psicología inversa y le dices al público que el mago no tiene ni idea.
line:0654d03,"<sprite name=""magician""> Emerson: Wh-... What?! Why would you say that?","<sprite name=""magician""> Emerson: ¿Q-... Qué? ¿Por qué dirías eso?"
line:0cf4253,"<sprite name=""magician""> Emerson: What are you doing? That's not part of the show!","<sprite name=""magician""> Emerson: ¿Qué haces? ¡Eso no forma parte del espectáculo!"
line:0254c7d,"<sprite name=""magician""> Emerson: Wait... It's... Real magic?","<sprite name=""magician""> Emerson: Espera... ¿Es... magia de verdad?"
line:0909bbc,"<sprite name=""magician""> Emerson: Alright, er...","<sprite name=""magician""> Emerson: De acuerdo, eh..."
line:0c27b70,Narrator: The magician waves the staff around. Trails of colorful sparkles draw runes in the air.,Narrador: El mago agita el bastón. Estelas de destellos multicolores dibujan runas en el aire.
line:070f7d7,Narrator: The kids are amazed and forget instantly about the card trick.,Narrador: Los niños quedan maravillados y olvidan al instante el truco de la carta.
line:0b04cfd,Narrator: Every one applauds!,Narrador: ¡Todos aplauden!
line:0540949,"<sprite name=""magician""> Emerson: Thank you, baladin. You saved my show!","<sprite name=""magician""> Emerson: Gracias, baladín. ¡Salvaste mi espectáculo!"
line:0d758da,"<sprite name=""magician""> Emerson: Even if using actual magic is cheating!","<sprite name=""magician""> Emerson: ¡Aunque usar magia de verdad es hacer trampa!"
line:06143b9,"<sprite name=""magician""> Emerson: What can I do to repay you?","<sprite name=""magician""> Emerson: ¿Qué puedo hacer para recompensarte?"
line:0984155,"<sprite name=""exclamation""><br><br>Throw a magic show","<sprite name=""exclamation""><br><br>Presentar un espectáculo de magia"
line:05cbbc3,Narrator: You ask Emerson to throw a magic show at the farm to impress Bleiz.,Narrador: Le pides a Emerson que presente un espectáculo de magia en la granja para impresionar a Bleiz.
line:08461c5,"<sprite name=""magician""> Emerson: Deal! I'll meet you there!","<sprite name=""magician""> Emerson: ¡Trato hecho! ¡Nos vemos allá!"
line:0e70c66,"<sprite name=""exclamation""><br><br>Teach me a magic trick!","<sprite name=""exclamation""><br><br>¡Enséñame un truco de magia!"
line:06ad456,"<sprite name=""magician""> Emerson: I can teach you a new trick to repay you!","<sprite name=""magician""> Emerson: ¡Puedo enseñarte un truco nuevo para recompensarte!"
line:0807732,Narrator: Emerson shows you how to make people think you've cut your finger in half.,Narrador: Emerson te enseña a hacer creer que te cortaste un dedo por la mitad.
line:0be86ee,Narrator: The crowd is silent. Then they start booing and leave the two of you alone.,"Narrador: El público guarda silencio. Luego empiezan a abuchear y se van, dejándolos a los dos a solas."
line:00363b1,Narrator: You come across the most unusual duo: a doctor and a druid arguing.,Narrador: Te encuentras con una pareja de lo más inusual: un doctor y un druida discutiendo.
line:0de9c1b,"<sprite name=""doctor""> Malaphar: The real health comes from the mind!","<sprite name=""doctor""> Malaphar: ¡La verdadera salud proviene de la mente!"
line:073d9d5,"<sprite name=""druid""> Fintan: Naaaaay! How can your mind be healthy if your body ain't?","<sprite name=""druid""> Fintan: ¡Naaaaa! ¿Cómo va a estar sana tu mente si tu cuerpo no lo está?"
line:000941d,"<sprite name=""doctor""> Malaphar: What do you think baladin? What's the most important for health: body or mind?","<sprite name=""doctor""> Malaphar: ¿Tú qué opinas, baladín? ¿Qué es más importante para la salud: el cuerpo o la mente?"
line:00ea7b6,"<sprite name=""doctor""> Malaphar: This philosophical debate must be settled!","<sprite name=""doctor""> Malaphar: ¡Este debate filosófico debe quedar resuelto!"
line:036f036,Narrator: Perhaps proof that the body and mind can be intertwined would help.,Narrador: Tal vez ayudaría demostrar que el cuerpo y la mente están vinculados.
line:0ef4a0d,"<sprite name=""exclamation""><br><br>The body!","<sprite name=""exclamation""><br><br>¡El cuerpo!"
line:004908d,"<sprite name=""exclamation""><br><br>The mind!","<sprite name=""exclamation""><br><br>¡La mente!"
line:00e3a2d,"<sprite name=""trade""><br><br>Give","<sprite name=""trade""><br><br>Dar"
line:08ac6c6,"<sprite name=""druid""> Fintan: HAHA! SEE? I TOLD YOU SO!","<sprite name=""druid""> Fintan: ¡JA, JA! ¿VES? ¡TE LO DIJE!"
line:06c0f93,"<sprite name=""druid""> Fintan: The real health is found in earth, wind, food and exercise!","<sprite name=""druid""> Fintan: ¡La verdadera salud está en la tierra, el viento, la comida y el ejercicio!"
line:01036ad,"<sprite name=""druid""> Fintan: This is the way to achieve peace of mind and soul!","<sprite name=""druid""> Fintan: ¡Ese es el camino para alcanzar la paz de la mente y del alma!"
line:0466cc6,Narrator: The doctor seems disappointed.,Narrador: El doctor parece decepcionado.
line:0b76230,"<sprite name=""druid""> Fintan: Now let's get back to work! The cows keep getting sick and I can't find the right ointment to cure them.","<sprite name=""druid""> Fintan: ¡Ahora volvamos al trabajo! Las vacas siguen enfermándose y no encuentro el ungüento adecuado para curarlas."
line:023339c,"<sprite name=""doctor""> Malaphar: That's what I thought!","<sprite name=""doctor""> Malaphar: ¡Eso pensaba!"
line:072384b,"<sprite name=""doctor""> Malaphar: You can't find the resources to appreciate the health of your body if your mind is unwell.","<sprite name=""doctor""> Malaphar: Si tu mente está enferma, no encuentras los recursos necesarios para valorar la salud de tu cuerpo."
line:0e26140,Narrator: The druid seems disappointed.,Narrador: El druida parece decepcionado.
line:0aba0c8,"<sprite name=""doctor""> Malaphar: Now, I have to get back to my research. I can't manage to figure out why so many lepers are depressed.","<sprite name=""doctor""> Malaphar: Ahora debo volver a mi investigación. No logro comprender por qué tantas personas con lepra están deprimidas."
line:0ab51f0,"<sprite name=""doctor""> Malaphar: And how is this of any help?","<sprite name=""doctor""> Malaphar: ¿Y de qué manera ayuda esto?"
line:07ece9d,"<sprite name=""druid""> Fintan: What's this? Oh! Some good food! Do you see how earthly delights can be good for your health?","<sprite name=""druid""> Fintan: ¿Qué es esto? ¡Ah, buena comida! ¿Ves cómo los placeres terrenales pueden beneficiar tu salud?"
line:0769fdd,"<sprite name=""doctor""> Malaphar: Yes but, the taste is so peculiar... On the verge between delicious and horrible!","<sprite name=""doctor""> Malaphar: Sí, pero el sabor es tan peculiar... ¡Está justo en el límite entre delicioso y horrible!"
line:01e91ba,"<sprite name=""doctor""> Malaphar: It's a true experience of the mind to appreciate such food!","<sprite name=""doctor""> Malaphar: ¡Apreciar semejante comida es toda una experiencia para la mente!"
line:0d4217e,"<sprite name=""druid""> Fintan: And this experience of the mind is pleasant for the body...","<sprite name=""druid""> Fintan: Y esta experiencia de la mente resulta agradable para el cuerpo..."
line:06c618b,"<sprite name=""druid""> Fintan: So... mind and body...","<sprite name=""druid""> Fintan: Entonces... la mente y el cuerpo..."
line:025b163,"<sprite name=""doctor""> Malaphar: Work together, indeed.","<sprite name=""doctor""> Malaphar: Trabajan juntos, en efecto."
line:00c987b,Narrator: And the two healers start disserting about the ways to work together.,Narrador: Los dos sanadores comienzan a disertar sobre distintas maneras de trabajar juntos.
line:0c19da3,Narrator: You surely helped science today.,Narrador: Sin duda hoy ayudaste a la ciencia.
line:0bcdbcb,"<sprite name=""doctor""> Malaphar: Is there anything I can do to repay you?","<sprite name=""doctor""> Malaphar: ¿Puedo hacer algo para recompensarte?"
line:063d0c9,"<sprite name=""exclamation""><br><br>Cure the ghosts!","<sprite name=""exclamation""><br><br>¡Curar a los fantasmas!"
line:01523ca,"<sprite name=""exclamation""><br><br>Heal Onorada!","<sprite name=""exclamation""><br><br>¡Sanar a Onorada!"
line:09694b7,"<sprite name=""no""><br><br>Nah...","<sprite name=""no""><br><br>No..."
line:0875b08,"<sprite name=""doctor""> Malaphar: What a true friend of science!","<sprite name=""doctor""> Malaphar: ¡Una verdadera amistad al servicio de la ciencia!"
line:0f1cea6,"<sprite name=""doctor""> Malaphar: A mother whose child has turned her back on her?","<sprite name=""doctor""> Malaphar: ¿Una madre cuya hija le dio la espalda?"
line:078f1cf,"<sprite name=""doctor""> Malaphar: Surely it's a job for me! I'm on my way to the Spellhold!","<sprite name=""doctor""> Malaphar: ¡Sin duda es un trabajo para mí! ¡Voy al Bastión Mágico!"
line:08ad597,"<sprite name=""doctor""> Malaphar: I usually heal spirits, but ghosts are close enough. It shouldn't be too hard.","<sprite name=""doctor""> Malaphar: Suelo sanar espíritus, pero los fantasmas se parecen bastante. No debería ser muy difícil."
line:0099cd9,"<sprite name=""doctor""> Malaphar: I'm on my way to the tower then!","<sprite name=""doctor""> Malaphar: ¡Entonces voy rumbo a la torre!"
line:088da88,"Narrator: A small rock falls from the sky, right in front of you.",Narrador: Una pequeña roca cae del cielo justo frente a ti.
line:014d5da,"Narrator: Then another one, and another one!","Narrador: Luego cae otra, ¡y otra más!"
line:057da10,Narrator: In the distance you see the origin of this rain of stones: a nuton is throwing rocks at you!,Narrador: A lo lejos ves el origen de esta lluvia de piedras: ¡un nutón te está arrojando rocas!
line:0590b0e,"<sprite name=""destruction"">{0}<br><br>Throw back!","<sprite name=""destruction"">{0}<br><br>¡Devolverlas!"
line:0690cfa,"<sprite name=""mp""><br><br>Make a detour","<sprite name=""mp""><br><br>Dar un rodeo"
line:0d80929,Narrator: You manage to throw some rocks back at the nuton.,Narrador: Consigues devolverle algunas rocas al nutón.
line:0902f44,"<sprite name=""jetin""> Jetin: You know how to throw rocks! I respect that. The name's Jetin.","<sprite name=""jetin""> Jetin: ¡Sabes lanzar piedras! Lo respeto. Me llamo Jetin."
line:0cba707,Narrator: You try to lift a rock but it's too heavy.,"Narrador: Intentas levantar una roca, pero pesa demasiado."
line:0a6b717,Narrator: You hear the nuton laugh while they disappear.,Narrador: Oyes reír al nutón mientras desaparece.
line:049d5d1,Narrator: It was humiliating but at least the rock-rain stopped.,"Narrador: Fue humillante, pero al menos dejó de llover piedras."
line:0719462,Narrator: You don't want to end up buried under a pile of rocks and decide to go the long way round.,Narrador: No quieres acabar sepultado bajo un montón de rocas y decides tomar el camino largo.
line:0f999c0,"<sprite name=""exclamation""><br><br>About the crumbling cave...","<sprite name=""exclamation""><br><br>Sobre la cueva que se derrumba..."
line:03fb507,Narrator: You tell Jetin about the cave under the Spellhold.,Narrador: Le cuentas a Jetin sobre la cueva bajo el Bastión Mágico.
line:07602f6,"<sprite name=""jetin""> Jetin: Nothing some rock couldn't fix! I'll meet you there.","<sprite name=""jetin""> Jetin: ¡Nada que unas piedras no puedan arreglar! Nos vemos allí."
line:0cab1c6,Narrator: And the nuton disappears.,Narrador: Y el nutón desaparece.
line:0171250,"<sprite name=""leave""><br><br>Leave","<sprite name=""leave""><br><br>Irse"
line:005d4f5,"Narrator: You don't need more friends, and this one would be messy.","Narrador: No necesitas más amistades, y esta sería bastante problemática."
line:0566bdc,Narrator: You continue your way while the nuton stares at you.,Narrador: Sigues tu camino mientras el nutón te observa.
line:060c129,"Narrator: Sounds of music, songs and laughter reach your ears.","Narrador: Llegan a tus oídos sonidos de música, canciones y risas."
line:069e037,"Narrator: A bunch of lutins is having a party in the woods, not far from the road.","Narrador: Un grupo de lutines celebra una fiesta en el bosque, cerca del camino."
line:09ca719,"<sprite name=""lutin""> Hyunah: Oi! Would you like to join us, baladin? I bet you're a party beast yourself!","<sprite name=""lutin""> Hyunah: ¡Oye! ¿Quieres acompañarnos, baladín? ¡Apuesto a que tú también sabes cómo divertirte!"
line:0b4253e,Narrator: Refusing is not an option.,Narrador: Negarse no es una opción.
line:0ef0b6d,"<sprite name=""physique"">{0}<br><br>Dance until the sun rises","<sprite name=""physique"">{0}<br><br>Bailar hasta el amanecer"
line:0b5e014,"<sprite name=""finesse"">{0}<br><br>Crack jokes all night","<sprite name=""finesse"">{0}<br><br>Contar chistes toda la noche"
line:0b11afa,"Narrator: Your moves are incredible and all the lutins try to follow, though they can barely dance in their shells.","Narrador: Tus pasos son increíbles y todos los lutines intentan seguirte, aunque apenas pueden bailar dentro de sus caparazones."
line:0d90fd5,"Narrator: Your moves are terrible, you might have eaten too much.",Narrador: Tus pasos son terribles. Quizá comiste demasiado.
line:0ec05b8,"Narrator: Anyway, you fall from the table you were attempting to dance on.","Narrador: En cualquier caso, te caes de la mesa sobre la que intentabas bailar."
line:047e710,Narrator: You improvise jokes about the Great Council and the Four Gods.,Narrador: Improvisas chistes sobre el Gran Consejo y los Cuatro Dioses.
line:0e4d1f7,Narrator: The lutins can't stop laughing and you get along with everyone.,Narrador: Los lutines no pueden parar de reír y te llevas bien con todo el mundo.
line:00a7a9d,Narrator: Your jokes about lutins make everyone feel uncomfortable.,Narrador: Tus chistes sobre lutines incomodan a todo el mundo.
line:0077849,Narrator: The night ends with nobody talking to you. You wonder if you should ever speak again.,Narrador: La noche termina sin que nadie te dirija la palabra. Te preguntas si deberías volver a hablar alguna vez.
line:0dae2b9,Narrator: Everybody seems to like you and they think you deserve a crown!,"Narrador: Parece que le agradas a todo el mundo, ¡y creen que mereces una corona!"
line:0020f3b,Narrator: Everybody laughs at you and think you deserve a crown!,"Narrador: Todo el mundo se ríe de ti, ¡y creen que mereces una corona!"
line:0755292,Narrator: You hear screams and noises of agitation not far from the road into the woods.,"Narrador: Oyes gritos y un gran alboroto en el bosque, cerca del camino."
line:0666f84,Narrator: As you approach you see the remains of a party thrown by some lutins.,"Narrador: Al acercarte, ves los restos de una fiesta organizada por unos lutines."
line:0efbab3,Narrator: But you find all the guests running in circles and screaming.,Narrador: Pero todos los invitados corren en círculos y gritan.
line:0b6601c,"Narrator: A ghost is flying around, scaring everyone, emptying every glass or mug he finds.",Narrador: Un fantasma revolotea asustando a todos y vaciando cada vaso o jarra que encuentra.
line:031bbb8,"<sprite name=""ghost3""> Ghost:  I've spent two thousand years in a jar, now I'm thirsty!","<sprite name=""ghost3""> Fantasma: Pasé dos mil años en una vasija. ¡Ahora tengo seeeed!"
line:0030299,"<sprite name=""physique"">{0}<br><br>Catch it!","<sprite name=""physique"">{0}<br><br>¡Atraparlo!"
line:0382d84,"<sprite name=""destruction"">{0}<br><br>Scare it!","<sprite name=""destruction"">{0}<br><br>¡Asustarlo!"
line:0b63d82,"<sprite name=""trade""><br><br>Give","<sprite name=""trade""><br><br>Dar"
line:0ebbb29,Narrator: You find a near-empty bottle of wine with enough alcohol in the bottom to attract the ghost's attention.,Narrador: Encuentras una botella de vino casi vacía con suficiente alcohol en el fondo para atraer la atención del fantasma.
line:07c7c84,"Narrator: He dives into the bottle and you seal it tight, hopefully for two thousand more years.","Narrador: Se zambulle en la botella y la sellas bien, con suerte por otros dos mil años."
line:028627a,Narrator: All you can find is an empty bottle that doesn't seem to get the attention of the ghost.,Narrador: Solo encuentras una botella vacía que no parece llamar la atención del fantasma.
line:070ccde,Narrator: He doesn't even notice you and empties out all the drinks before he disappears.,Narrador: Ni siquiera te nota y vacía todas las bebidas antes de desaparecer.
line:0b20708,Narrator: You're exhausted...,Narrador: Estás al límite de tus fuerzas...
line:06b9ce9,Narrator: You light up your best fireworks to scare off the ghost.,Narrador: Enciendes tus mejores fuegos artificiales para ahuyentar al fantasma.
line:008cba7,"Narrator: As expected, the explosions are so loud that the ghost thinks you have summoned powerful magic.","Narrador: Como esperabas, las explosiones son tan fuertes que el fantasma cree que invocaste una magia poderosa."
line:0abee17,Narrator: Lighting up fireworks in the woods was not the best idea.,Narrador: Encender fuegos artificiales en el bosque no fue la mejor idea.
line:0077f69,Narrator: The foliage catches on fire and only adds to the catastrophe. All the lutins run away.,Narrador: La vegetación se incendia y agrava la catástrofe. Todos los lutines salen huyendo.
line:0ce4c88,Narrator: The ghost doesn't seem to care at all and finishes all the drinks.,Narrador: Al fantasma no parece importarle en absoluto y se termina todas las bebidas.
line:015f5af,Narrator: He even eats some of your fireworks!,Narrador: ¡Incluso se come algunos de tus fuegos artificiales!
line:0c4f03a,"<sprite name=""lutin""> Hyunah: This abomination should no longer be a problem! Thanks a lot!","<sprite name=""lutin""> Hyunah: ¡Esa abominación ya no debería causarnos problemas! ¡Muchas gracias!"
line:0a2b843,"<sprite name=""lutin""> Hyunah: You deserve our precious Crown of the Night for your services!","<sprite name=""lutin""> Hyunah: ¡Por tus servicios, mereces nuestra preciada Corona de la Noche!"
line:024f68a,Narrator: The ghost eats what you threw at its face!,Narrador: ¡El fantasma se come lo que le arrojaste a la cara!
line:0d4b54a,Narrator: It then chases you all night for more!,Narrador: ¡Después te persigue toda la noche para conseguir más!
line:025ca6c,Narrator: You open the lid and the ghost is sucked into the jar.,Narrador: Abres la tapa y el fantasma es absorbido por la vasija.
line:0a1f9fb,Narrator: You seal it tight! It's gone back where it belongs!,Narrador: ¡La sellas bien! ¡Volvió al lugar que le corresponde!
line:0a7f013,Narrator: You meet a lutin on the road.,Narrador: Te encuentras con una lutín en el camino.
line:08ffd24,"<sprite name=""lumensaclutin""> Hyunah: Oi! D'you have a spare snack by any chance?","<sprite name=""lumensaclutin""> Hyunah: ¡Oye! ¿No tendrás algo de comer que te sobre?"
line:0ec0370,"<sprite name=""no""><br><br>I have nothing...","<sprite name=""no""><br><br>No tengo nada..."
line:0484834,"<sprite name=""trade""><br><br>Give","<sprite name=""trade""><br><br>Dar"
line:0e6d50f,"<sprite name=""lumensaclutin""> Hyunah: A shame. Luck smiles to the generous ones, baladin, remember that!","<sprite name=""lumensaclutin""> Hyunah: Qué lástima. La suerte favorece a quienes comparten, baladín. ¡Recuérdalo!"
line:09c3c7a,"<sprite name=""lumensaclutin""> Hyunah: Haha! A glorious snack, indeed!","<sprite name=""lumensaclutin""> Hyunah: ¡Ja, ja! ¡Un bocadillo digno de la gloria!"
line:0425d88,"<sprite name=""lumensaclutin""> Hyunah: You generosity will be rewarded, baladin.","<sprite name=""lumensaclutin""> Hyunah: Tu generosidad tendrá recompensa, baladín."
line:096b1a8,"<sprite name=""lumensaclutin""> Hyunah: Meet me at the menhirs in the evening. I will guide you to my secret lair!","<sprite name=""lumensaclutin""> Hyunah: Reúnete conmigo junto a los menhires al anochecer. ¡Te guiaré hasta mi guarida secreta!"
line:0f78a84,Narrator: And the lutin disappears. What an intriguing proposal.,Narrador: Y la lutín desaparece. Qué propuesta tan intrigante.
line:0ca6274,"<sprite name=""lumensaclutin""> Hyunah: Hey! This is no food! Don't play with me, baladin.","<sprite name=""lumensaclutin""> Hyunah: ¡Oye! ¡Esto no es comida! No juegues conmigo, baladín."
line:00f9371,Narrator: You meet the old fisherlady running on the road.,Narrador: Te encuentras con la anciana pescadora corriendo por el camino.
line:0daf712,"<sprite name=""fisher""> Soazig: HAVE YOU SEEN A LUTIN?","<sprite name=""fisher""> Soazig: ¿HAS VISTO A UN LUTÍN?"
line:060b233,"Narrator: She didn't say ""hello""...",Narrador: Ni siquiera dijo «hola»...
line:0d4193d,"<sprite name=""fisher""> Soazig: This evil creature lit a fire on the coast and lured a fishing boat onto the rocks!","<sprite name=""fisher""> Soazig: ¡Esa criatura malvada encendió una fogata en la costa y atrajo un barco pesquero contra las rocas!"
line:0536942,"<sprite name=""fisher""> Soazig: No one was hurt but this is the third time this month! This lunacy has to stop!","<sprite name=""fisher""> Soazig: ¡Nadie resultó herido, pero es la tercera vez este mes! ¡Esta locura tiene que acabar!"
line:02893a4,"<sprite name=""creation"">{0}<br><br>Say a wrong direction","<sprite name=""creation"">{0}<br><br>Indicar una dirección equivocada"
line:0b3a2b5,"<sprite name=""finesse"">{0}<br><br>Say you saw nothing","<sprite name=""finesse"">{0}<br><br>Decir que no viste nada"
line:0b0ebef,"<sprite name=""trade""><br><br>Give","<sprite name=""trade""><br><br>Dar"
line:037a8ba,Narrator: You come up with a direction to lure the fisherwoman away.,Narrador: Inventas una dirección para alejar a la pescadora.
line:0c6a8f3,"<sprite name=""fisher""> Soazig: Oh, right! It makes sense, we didn't look there and it would be a perfect place to hide!","<sprite name=""fisher""> Soazig: ¡Ah, claro! Tiene sentido. No buscamos allí, ¡y sería un escondite perfecto!"
line:0451336,"<sprite name=""fisher""> Soazig: I'm on my way!","<sprite name=""fisher""> Soazig: ¡Voy para allá!"
line:0ff13f2,Narrator: And the fisherwoman leaves with a surprisingly light foot.,Narrador: Y la pescadora se marcha con una agilidad sorprendente.
line:06d72ec,Narrator: You don't know where she's heading and if it was a good idea to send her there.,Narrador: No sabes adónde se dirige ni si fue buena idea enviarla allí.
line:0e33a10,Narrator: You feel a bit guilty about tricking her like that.,Narrador: Te sientes un poco culpable por haberla engañado así.
line:09bf8f8,"<sprite name=""fisher""> Soazig: Of course! They went right back where we've been searching for hours now!","<sprite name=""fisher""> Soazig: ¡Claro! ¡Volvió justo adonde llevamos horas buscando!"
line:0dd528d,Narrator: You tell her you saw nothing with a straight face.,Narrador: Le dices con total seriedad que no viste nada.
line:03c2e14,"<sprite name=""fisher""> Soazig: Well... I believe you.","<sprite name=""fisher""> Soazig: Bueno... Te creo."
line:0f1829a,"<sprite name=""fisher""> Soazig: This scoundrel is sly enough to evade my watch, how could a drunkard like you see them?","<sprite name=""fisher""> Soazig: Esa alimaña es lo bastante astuta para esquivar mi vigilancia. ¿Cómo podría verla un borrachín como tú?"
line:015f27f,"Narrator: You fooled her, but it hurts.","Narrador: La engañaste, pero eso dolió."
line:05f56f7,Narrator: Or what you think is a straight face.,"Narrador: O, al menos, con lo que tú crees que es una expresión seria."
line:0505c08,"<sprite name=""fisher""> Soazig: What is this? A diversion?","<sprite name=""fisher""> Soazig: ¿Qué es esto? ¿Una distracción?"
line:091ba39,"<sprite name=""fisher""> Soazig: That's them! Don't let them slip away!","<sprite name=""fisher""> Soazig: ¡Ahí está! ¡Que no se escape!"
line:0c9f046,"<sprite name=""sealutin2""> Pote Potin: TRAITOR!","<sprite name=""sealutin2""> Pote Potin: ¡TRAIDOR!"
line:0146620,"<sprite name=""fisher""> Soazig: Well it seems baladins are not so useless, after all!","<sprite name=""fisher""> Soazig: Bueno, parece que los baladines no son tan inútiles después de todo."
line:089cba4,"<sprite name=""fisher""> Soazig: Come to Mornoz sometime so we can share a drink together! You're a friend, now!","<sprite name=""fisher""> Soazig: ¡Ven alguna vez a Mornoz y compartiremos un trago! ¡Ahora eres de los nuestros!"
line:0730574,"<sprite name=""fisher""> Soazig: Are you tryin' to fool me, busker?!","<sprite name=""fisher""> Soazig: ¿¡Intentas engañarme, artista callejero!?"
line:04c2a13,Narrator: And she grabs your backpack and starts looking through your belongings!,Narrador: ¡Te agarra la mochila y comienza a revisar tus pertenencias!
line:06df54e,"<sprite name=""fisher""> Soazig: Well, well! What do we have here? Our fugitive!","<sprite name=""fisher""> Soazig: ¡Vaya, vaya! ¿Qué tenemos aquí? ¡Nuestra criatura fugitiva!"
line:004e619,"<sprite name=""sealutin2""> Pote Potin: DON'T TOUCH ME! LET ME GO!","<sprite name=""sealutin2""> Pote Potin: ¡NO ME TOQUES! ¡SUÉLTAME!"
line:0e04009,"<sprite name=""fisher""> Soazig: And you were hiding them!","<sprite name=""fisher""> Soazig: ¡Y tú la estabas escondiendo!"
line:0e604f2,"<sprite name=""fisher""> Soazig: Guys! I think this buffoon needs to learn a lesson!","<sprite name=""fisher""> Soazig: ¡Muchachos! ¡Creo que este bufón necesita aprender una lección!"
line:0da1b35,Narrator: And three mornozhons grab you and lift you from the ground.,Narrador: Tres mornozhones te agarran y te levantan del suelo.
line:0ba7c83,Narrator: Before you know it they throw you into the ice-cold sea.,"Narrador: Antes de que puedas reaccionar, te arrojan al mar helado."
line:0a13a74,"<sprite name=""fisher""> Soazig: By Icosa! That's what I call a pile of junk.","<sprite name=""fisher""> Soazig: ¡Por Icosa! A esto sí le llamo un montón de basura."
line:0f93835,"<sprite name=""fisher""> Soazig: You can go. But don't try to outsmart me, you'll regret it.","<sprite name=""fisher""> Soazig: Puedes irte. Pero no intentes pasarte de listo conmigo o te arrepentirás."
line:05c3fb1,Narrator: Wait! What if she follows your stupid instructions and gets lost for real?,Narrador: ¡Espera! ¿Y si sigue tus absurdas indicaciones y se pierde de verdad?
line:0ab24ee,Do you give false instructions to the fisher?,¿Le das indicaciones falsas a la pescadora?
line:0990529,Let's hope she doesn't actually get lost.,Esperemos que no se pierda de verdad.
line:023385f,Baladins don't mess with elders.,Los baladines no se meten con sus mayores.
line:0d0f705,Narrator: You encounter a horse on the road.,Narrador: Te encuentras con un caballo en el camino.
line:0a6cd36,Narrator: Its eyes are... inviting.,Narrador: Sus ojos son... cautivadores.
line:0fa334a,Narrator: Riding it would help you reach your destination faster.,Narrador: Montarlo te ayudaría a llegar más rápido a tu destino.
line:0c28c6c,"<sprite name=""physique"">{0}<br><br>Ride the horse","<sprite name=""physique"">{0}<br><br>Montar el caballo"
line:09c5c95,"<sprite name=""no""><br><br>Don't try","<sprite name=""no""><br><br>No intentarlo"
line:04451b5,"<sprite name=""physique"">{0} + <sprite name=""creation"">{1}<br><br>Tap dance!","<sprite name=""physique"">{0} + <sprite name=""creation"">{1}<br><br>¡Bailar claqué!"
line:080cf0c,"<sprite name=""dancer""><br><br>Tap dance!","<sprite name=""dancer""><br><br>¡Bailar claqué!"
line:0ef158e,"Narrator: As soon as you jump on the top of the horse, it starts stampeding!","Narrador: ¡En cuanto te subes al caballo, sale disparado!"
line:0740a9a,Narrator: But you're tenacious and after minutes of struggle you finally tame the beast.,"Narrador: Pero no te rindes y, tras varios minutos de forcejeo, por fin domas al animal."
line:09d0c90,Narrator: It's a stubborn mount but it leads you where you want to be.,"Narrador: Es una montura terca, pero te lleva adonde quieres ir."
line:05f2179,Narrator: You don't last long on its back and are thrown into the air.,Narrador: No duras mucho sobre su lomo y sales volando por los aires.
line:05ce6c5,Narrator: You land in a ditch full of mud and the horse flees.,Narrador: Aterrizas en una zanja llena de lodo y el caballo huye.
line:0a8dc21,Narrator: You're pretty sure you've heard it cackle.,Narrador: Casi jurarías haberlo oído reírse.
line:0228a38,Narrator: You feel like it's not a good idea to jump on the back of a random horse.,Narrador: Te parece que subirte al lomo de un caballo desconocido no es una buena idea.
line:008c960,Narrator: It could even be a trap!,Narrador: ¡Incluso podría ser una trampa!
line:0ac4f3b,Narrator: You walk away with no regrets.,Narrador: Te alejas sin ningún remordimiento.
line:046be33,Narrator: You start tap-dancing to distract the beast.,Narrador: Comienzas a bailar claqué para distraer al animal.
line:001f0d2,Narrator: Tipati-tip-tap! You hypnotize the horse with your dance moves!,"Narrador: ¡Tipití, tip, tap! ¡Hipnotizas al caballo con tus pasos de baile!"
line:087c811,Narrator: Mourioche bows in front of you and looks docile now.,Narrador: Mourioche se inclina ante ti y ahora parece dócil.
line:05b55f4,Ride the horse,Montar el caballo
line:03d6ede,Send to the jousting field!,¡Enviarlo al campo de justas!
line:0220576,Narrator: You tell Mourioche to go to the jousting field in Mercazon and it flies like the wind!,"Narrador: Le dices a Mourioche que vaya al campo de justas de Mercazon, ¡y sale volando como el viento!"
line:030158c,"<sprite name=""leave""><br><br>Let it go","<sprite name=""leave""><br><br>Dejarlo ir"
line:08af657,Narrator: STOMP! STOMP! STOMP! You smash the ground with your feet.,Narrador: ¡PUM! ¡PUM! ¡PUM! Golpeas el suelo con los pies.
line:032b581,"Narrator: The horse is scared, runs in your direction and knocks you down!","Narrador: ¡El caballo se asusta, corre hacia ti y te derriba!"
line:0620618,Narrator: You feel stupid for following the advice of complete strangers.,Narrador: Te sientes como un tonto por seguir los consejos de unos completos desconocidos.
line:0098281,Narrator: You see the druid holding a bag at the corner of an orchard.,Narrador: Ves al druida sosteniendo una bolsa en un rincón de un huerto.
line:0600e66,"<sprite name=""druid""> Fintan: Silence! You'll scare the Piterne!","<sprite name=""druid""> Fintan: ¡Silencio! ¡Vas a espantar a la Piterne!"
line:050daed,"<sprite name=""druid""> Fintan: I've been hunting this monster for years now! But today I feel lucky! I WILL catch it!","<sprite name=""druid""> Fintan: ¡Llevo años cazando a este monstruo! Pero hoy tengo suerte. ¡LA atraparé!"
line:0491562,Narrator: You know that the Piterne is a legend people tell to children as a prank.,Narrador: Sabes que la Piterne es una leyenda que la gente cuenta a los niños para gastarles una broma.
line:080bf29,"<sprite name=""knowledge"">{0}<br><br>It doesn't exist...","<sprite name=""knowledge"">{0}<br><br>No existe..."
line:098338d,"<sprite name=""exclamation""><br><br>Wait with him","<sprite name=""exclamation""><br><br>Esperar con él"
line:07a066b,"Narrator: You try to give a scientific explanation that there's no such things as a ""piterne"".",Narrador: Intentas explicar científicamente que no existe nada llamado «piterne».
line:07dd937,"Narrator: You're well educated in the field of biology and ethology, and you manage to expose a solid argument.","Narrador: Tienes buenos conocimientos de biología y etología, y consigues presentar un argumento sólido."
line:01106cc,"<sprite name=""druid""> Fintan: Oh... Yes... I think Onorada explained this to me ages ago...","<sprite name=""druid""> Fintan: Ah... Sí... Creo que Onorada me explicó esto hace mucho..."
line:04c4c12,"<sprite name=""druid""> Fintan: But I want it to be true! I want the Piterne to exist!","<sprite name=""druid""> Fintan: ¡Pero quiero que sea verdad! ¡Quiero que la Piterne exista!"
line:04a4d98,"<sprite name=""druid""> Fintan: How can you be sure your science is right?","<sprite name=""druid""> Fintan: ¿Cómo puedes tener la certeza de que tu ciencia está en lo correcto?"
line:0e063cd,Narrator: And the druid comes back to his senses and goes home.,Narrador: El druida entra en razón y regresa a casa.
line:0dc6991,Narrator: Anyway you feel inspired by such trust in the power of imagination.,"Narrador: Aun así, te inspira semejante fe en el poder de la imaginación."
line:045ad67,"<sprite name=""druid""> Fintan: Do you think you're the first one to try to convince me?! Ask Onorada!","<sprite name=""druid""> Fintan: ¿¡Crees que eres la primera persona que intenta convencerme!? ¡Pregúntale a Onorada!"
line:0ac05d6,"Narrator: And you start arguing, but the druid is more stubborn than a mornozhon!","Narrador: Comienzan a discutir, ¡pero el druida es más terco que un mornozhón!"
line:05768b1,Narrator: You spend a part of the night debating and only stop when you realize you're freezing in the open field!,Narrador: Pasan parte de la noche debatiendo y solo se detienen cuando comprenden que se están congelando a la intemperie.
line:0e0a401,Narrator: You wait for a while with Fintan and the sun sets.,Narrador: Esperas un rato con Fintan mientras se pone el sol.
line:06af801,"<sprite name=""druid""> Fintan: Well, not tonight, I guess!","<sprite name=""druid""> Fintan: Bueno, ¡supongo que esta noche no!"
line:044976e,"<sprite name=""druid""> Fintan: But maybe tomorrow!","<sprite name=""druid""> Fintan: ¡Pero quizá mañana!"
line:0cc3877,Narrator: You feel inspired by this matagot. He found a purpose in life through his imagination.,Narrador: Este matagot te inspira. Encontró un propósito en la vida gracias a su imaginación.
line:0ea01db,"Narrator: And suddenly, a shadow emerges from the bushes.","Narrador: De pronto, una sombra emerge de los arbustos."
line:0cb01f2,"Narrator: You see a creature that no mortal has ever laid eyes upon, and whose appearance couldn't be described by mere words.",Narrador: Ves una criatura que ningún mortal había contemplado jamás y cuya apariencia no podría describirse con simples palabras.
line:0368557,"<sprite name=""druid""> Fintan: The Piterne...","<sprite name=""druid""> Fintan: La Piterne..."
line:041fac9,Narrator: Murmuring this cursed named is the only thing the two of you manage to do.,Narrador: Murmurar ese nombre maldito es lo único que ambos consiguen hacer.
line:02ef62e,"Narrator: The creature leaves you both here, paralyzed with terror, on the brink of madness.","Narrador: La criatura los deja allí, paralizados por el terror y al borde de la locura."
line:07995ea,Narrator: You meet a... Fish?,Narrador: Te encuentras con un... ¿pez?
line:0704168,Narrator: On the road?,Narrador: ¿En el camino?
line:0dc516e,"<sprite name=""sardine""> Sardine: Hello there, traveller.","<sprite name=""sardine""> Sardine: Saludos, viajero."
line:0f4ada9,"<sprite name=""sardine""> Sardine: I heard your people have helped with the bell situation.","<sprite name=""sardine""> Sardine: Me contaron que tu gente ayudó con el asunto de la campana."
line:06acecd,"<sprite name=""sardine""> Sardine: Therefore I can grant you a wish!","<sprite name=""sardine""> Sardine: Por lo tanto, ¡puedo concederte un deseo!"
line:0b77f5b,"<sprite name=""sardine""> Sardine: What do you wish for?","<sprite name=""sardine""> Sardine: ¿Qué deseas?"
line:0e0ef83,"<sprite name=""creation"">{0}<br><br>Creation!","<sprite name=""creation"">{0}<br><br>¡Creación!"
line:0507b3c,"<sprite name=""destruction"">{0}<br><br>Destruction!","<sprite name=""destruction"">{0}<br><br>¡Destrucción!"
line:04360b3,"<sprite name=""physique"">{0}<br><br>Physique!","<sprite name=""physique"">{0}<br><br>¡Físico!"
line:0c1a612,"<sprite name=""knowledge"">{0}<br><br>Knowledge!","<sprite name=""knowledge"">{0}<br><br>¡Conocimiento!"
line:0fb6397,"<sprite name=""finesse"">{0}<br><br>Finesse!","<sprite name=""finesse"">{0}<br><br>¡Destreza!"
line:08031a3,"<sprite name=""sardine""> Sardine: A fitting choice for a busker!","<sprite name=""sardine""> Sardine: ¡Una elección apropiada para un artista callejero!"
line:0952a04,"<sprite name=""sardine""> Sardine: And destruction you shall unleash on these lands.","<sprite name=""sardine""> Sardine: Y desatarás la destrucción sobre estas tierras."
line:0595c0c,"<sprite name=""sardine""> Sardine: You shall be vigorous!","<sprite name=""sardine""> Sardine: ¡Tendrás un gran vigor!"
line:02248f5,"<sprite name=""sardine""> Sardine: The most precious gift of all, they say.","<sprite name=""sardine""> Sardine: Dicen que es el don más preciado de todos."
line:0273408,"<sprite name=""sardine""> Sardine: Hopefully, you didn't wish for more wishes!","<sprite name=""sardine""> Sardine: ¡Espero que no hayas pedido más deseos!"
line:07b5efd,Narrator: You find a sheep tied to a tree at the edge of the forest.,Narrador: Encuentras una oveja atada a un árbol al borde del bosque.
line:0bff038,"Narrator: It's not normal, why would someone tie a sheep here?",Narrador: No es normal. ¿Por qué alguien ataría una oveja aquí?
line:05a8123,"<sprite name=""exclamation""><br><br>Free the sheep","<sprite name=""exclamation""><br><br>Liberar a la oveja"
line:0afe5b2,"<sprite name=""leave""><br><br>Leave it","<sprite name=""leave""><br><br>Dejarla"
line:0e2289e,Narrator: You don't want to mess with someone else's business and leave the sheep alone.,Narrador: No quieres entrometerte en asuntos ajenos y dejas a la oveja en paz.
line:0bff303,Narrator: But what if it needed your help? You'll never know.,Narrador: Pero ¿y si necesitaba tu ayuda? Nunca lo sabrás.
line:0a96827,"Narrator: As soon as you untie the rope, the sheep springs into the bushes and bleats in your direction.","Narrador: En cuanto desatas la cuerda, la oveja salta entre los arbustos y bala en tu dirección."
line:0c804c4,Narrator: It even gives you a wink and disappears between the trees!,Narrador: ¡Incluso te guiña un ojo y desaparece entre los árboles!
line:013792b,Narrator: The only evidence there was a sheep here is a ball of wool on the branches.,Narrador: La única prueba de que hubo una oveja aquí es un ovillo de lana entre las ramas.
line:090fa40,Narrator: Hey! Someone must have put this sheep here for a reason!,Narrador: ¡Oye! ¡Alguien debió dejar esta oveja aquí por alguna razón!
line:0ae8530,Will you free the sheep?,¿Liberarás a la oveja?
line:07a9ea6,"Fly, lil' sheep!","¡Vuela, ovejita!"
line:0c9fc28,Better mind your own business.,Será mejor que no te metas en asuntos ajenos.
line:045a3df,"<sprite name=""twin1""> Aten: Greetings, stranger!","<sprite name=""twin1""> Aten: ¡Saludos, forastero!"
line:07e7d77,"<sprite name=""twin2""> Jonas: We are Aten and Jonas! And as you may hear we've come from far far away...","<sprite name=""twin2""> Jonas: ¡Somos Aten y Jonas! Y, como podrás oír, venimos de tierras muy, muy lejanas..."
line:0f1eec4,"<sprite name=""twin1""> Aten: To distinguish ourselves in a noble quest!","<sprite name=""twin1""> Aten: ¡Para distinguirnos mediante una noble misión!"
line:06444b2,"<sprite name=""twin2""> Jonas: We'd like to find princesses in distress to rescue and wed...","<sprite name=""twin2""> Jonas: Nos gustaría encontrar princesas en apuros, rescatarlas y desposarlas..."
line:05651c1,"<sprite name=""twin1""> Aten: But it doesn't seem your land even has princesses!","<sprite name=""twin1""> Aten: ¡Pero parece que en sus tierras ni siquiera hay princesas!"
line:01ec785,"<sprite name=""twin2""> Jonas: So we're just looking for a noble quest...","<sprite name=""twin2""> Jonas: Así que solo buscamos una misión noble..."
line:0e14d48,"<sprite name=""exclamation""><br><br>The gargoyle!","<sprite name=""exclamation""><br><br>¡La gárgola!"
line:0d2fd2a,"<sprite name=""exclamation""><br><br>The tower!","<sprite name=""exclamation""><br><br>¡La torre!"
line:01e139c,"<sprite name=""finesse"">{0}<br><br>I'm a princess!","<sprite name=""finesse"">{0}<br><br>¡Soy una princesa!"
line:021e4bf,Narrator: You indicate that there is a gargoyle threatening the city of Lumensac.,Narrador: Les indicas que una gárgola amenaza la ciudad de Lumensac.
line:007293e,Narrator: You indicate that the tower is haunted by ghosts.,Narrador: Les indicas que la torre está embrujada por fantasmas.
line:027f225,Narrator: The twins look at each other in shock.,Narrador: Los gemelos se miran con asombro.
line:09db4fd,"<sprite name=""twin2""> Jonas: So you're a real princess?","<sprite name=""twin2""> Jonas: ¿Entonces eres una princesa de verdad?"
line:0892b8e,"<sprite name=""twin1""> Aten: We didn't expect that...","<sprite name=""twin1""> Aten: No esperábamos esto..."
line:0a637ff,Narrator: And they burst into laughter!,Narrador: ¡Y estallan en carcajadas!
line:094ccb7,"<sprite name=""twin2""> Jonas: You?! A princess? Come on!","<sprite name=""twin2""> Jonas: ¿¡Tú!? ¿Una princesa? ¡Vamos!"
line:0695e15,"<sprite name=""twin1""> Aten: You've clearly never seen a princess in your life!","<sprite name=""twin1""> Aten: ¡Está claro que nunca viste una princesa en tu vida!"
line:08fe891,Narrator: You can hear their laughter fading gently in the distance as they walk away.,Narrador: Oyes cómo sus risas se desvanecen poco a poco en la distancia mientras se alejan.
line:09908de,"<sprite name=""twin2""> Jonas: If the people are in danger...","<sprite name=""twin2""> Jonas: Si el pueblo está en peligro..."
line:0840754,"<sprite name=""twin1""> Aten:...we will protect them with our lives!","<sprite name=""twin1""> Aten: ...¡lo protegeremos con nuestras vidas!"
line:0b0a23e,Narrator: And the twins run to their destiny.,Narrador: Y los gemelos corren hacia su destino.
line:0d7370e,"<sprite name=""twin2""> Jonas: Our sword is yours!","<sprite name=""twin2""> Jonas: ¡Nuestra espada está a tu servicio!"
line:04b79fd,"<sprite name=""twin1""> Aten: And we will protect you with our life!","<sprite name=""twin1""> Aten: ¡Y te protegeremos con nuestra vida!"
line:0119bf4,"<sprite name=""twin2""> Jonas: This is our most sacred oath!","<sprite name=""twin2""> Jonas: ¡Este es nuestro juramento más sagrado!"
line:0224e78,"Narrator: They're quite intense. You eventually manage to get rid of them, but you feel you'll see them again.","Narrador: Son bastante intensos. Al final consigues librarte de ellos, pero presientes que volverás a verlos."
line:0a5046e,"Narrator: You see Soazig the fisher, feet in the river, water up to the waist.","Narrador: Ves a Soazig, la pescadora, dentro del río, con el agua hasta la cintura."
line:06ea2dd,"<sprite name=""fisher""> Soazig: Come here! Help me!","<sprite name=""fisher""> Soazig: ¡Ven aquí! ¡Ayúdame!"
line:00b11b9,"<sprite name=""fisher""> Soazig: This cursed bell has been lying at the bottom of the river since the last war against Hobland!","<sprite name=""fisher""> Soazig: ¡Esta campana maldita yace en el fondo del río desde la última guerra contra Hobland!"
line:0dc0433,"<sprite name=""fisher""> Soazig: But it keeps ringing every hour! Nobody knows why...","<sprite name=""fisher""> Soazig: ¡Pero sigue sonando cada hora! Nadie sabe por qué..."
line:0921517,"<sprite name=""fisher""> Soazig: And it scares the fish! So I'm getting rid of it once and for all!","<sprite name=""fisher""> Soazig: ¡Y espanta a los peces! ¡Así que me desharé de ella de una vez por todas!"
line:04ccd8f,"<sprite name=""physique"">{0}<br><br>Lift the bell","<sprite name=""physique"">{0}<br><br>Levantar la campana"
line:0b9a2e7,"<sprite name=""destruction"">{0}<br><br>Break the clapper","<sprite name=""destruction"">{0}<br><br>Romper el badajo"
line:0c6d940,"<sprite name=""no""><br><br>Don't help","<sprite name=""no""><br><br>No ayudar"
line:0144ca9,Narrator: You don't want to get wet and let the fisher know.,Narrador: No quieres mojarte y se lo dices a la pescadora.
line:0af09ca,"<sprite name=""fisher""> Soazig: Pfeh! If you want something done right, you have to do it yourself, I guess!","<sprite name=""fisher""> Soazig: ¡Bah! Si quieres que algo se haga bien, ¡tienes que hacerlo tú misma!"
line:0ec5155,Narrator: You get your hands and feet wet and lift the bell from the depth.,Narrador: Te mojas las manos y los pies para sacar la campana de las profundidades.
line:0c59097,"<sprite name=""fisher""> Soazig: Ho to be young and strong! Thank you for the hand, baladin! You're not that bad after all.","<sprite name=""fisher""> Soazig: ¡Ah, quién fuera joven y fuerte! Gracias por ayudar, baladín. Después de todo, no eres tan terrible."
line:07caad0,"<sprite name=""fisher""> Soazig: The fish will come back to this part of the river... And I'll catch them!","<sprite name=""fisher""> Soazig: Los peces volverán a esta parte del río... ¡Y yo los atraparé!"
line:0fa297b,"<sprite name=""fisher""> Soazig: You can keep the bell. But be careful, it still rings every day!","<sprite name=""fisher""> Soazig: Puedes quedarte con la campana. Pero ten cuidado: ¡todavía suena todos los días!"
line:024992e,Narrator: The bell is very heavy and the water makes it slippery!,Narrador: ¡La campana es muy pesada y el agua hace que resbale!
line:0e058c9,"<sprite name=""fisher""> Soazig: Pathetic. And to let an old woman do the hard work!","<sprite name=""fisher""> Soazig: Patético. ¡Y dejas que una anciana haga el trabajo pesado!"
line:028666d,"<sprite name=""fisher""> Soazig: I'll find a young mornozhon more fitted for the job!","<sprite name=""fisher""> Soazig: ¡Buscaré a un joven mornozhón más apto para el trabajo!"
line:0621e06,Narrator: It was quite humiliating and you feel powerless.,Narrador: Fue bastante humillante y te sientes impotente.
line:0734544,Narrator: You plunge your arm under the water and grab the clapper.,Narrador: Sumerges el brazo en el agua y agarras el badajo.
line:05232ce,Narrator: With a firm hand you rip it off the bell.,"Narrador: Con mano firme, lo arrancas de la campana."
line:0fa56d0,"Narrator: As Gruïd, the great god of peace and laziness always says: ""Work smarter, not harder"".","Narrador: Como siempre dice Gruïd, gran dios de la paz y la pereza: «Trabaja con ingenio, no con esfuerzo»."
line:0897f0b,Narrator: You feel you have solved the problem in a very smart way.,Narrador: Sientes que resolviste el problema de una manera muy ingeniosa.
line:0f2336f,Narrator: But the water makes it slippery and you don't manage to get a firm grip.,Narrador: Pero el agua hace que resbale y no consigues sujetarlo con firmeza.
line:019b839,Narrator: When you pull on the clapper you hand slips and you fall backwards into the water!,"Narrador: Cuando tiras del badajo, la mano se te resbala y ¡caes de espaldas al agua!"
line:0c5b46c,"Narrator: ""The bell slips, but doesn't break"" you think. It makes you feel powerless against the underwater world.","Narrador: «La campana resbala, pero no se rompe», piensas. Te sientes impotente ante el mundo submarino."
line:0f953c9,"<sprite name=""cheesemonger""> Claude: Hello, there! Welcome to Lumensac, the most beautiful city in the world!","<sprite name=""cheesemonger""> Claude: ¡Hola! ¡Te damos la bienvenida a Lumensac, la ciudad más hermosa del mundo!"
line:05acec1,"<sprite name=""cheesemonger""> Claude: Oh! A baladin!","<sprite name=""cheesemonger""> Claude: ¡Oh! ¡Un baladín!"
line:020e9a8,"<sprite name=""cheesemonger""> Claude: Ha! I didn't smell you coming!","<sprite name=""cheesemonger""> Claude: ¡Ja! ¡No olí tu llegada!"
line:0e4e20e,"<sprite name=""cheesemonger""> Claude: How may I help you?","<sprite name=""cheesemonger""> Claude: ¿En qué puedo ayudarte?"
line:019fe91,"<sprite name=""cheesemonger""> Claude: Sorry but, we prefer to stay among friends here...","<sprite name=""cheesemonger""> Claude: Lo siento, pero aquí preferimos estar entre amigos..."
line:095c7ee,"<sprite name=""cheesemonger""> Claude: And you're certainly not our friend, baladin.","<sprite name=""cheesemonger""> Claude: Y tú definitivamente no eres nuestro amigo, baladín."
line:033b53a,"<sprite name=""cheesemonger""> Claude: Isn't it one of our heroes! A baladin!","<sprite name=""cheesemonger""> Claude: ¡Pero si es uno de nuestros héroes! ¡Un baladín!"
line:0e0a92f,"<sprite name=""exclamation""><br><br>About the Spellhold...","<sprite name=""exclamation""><br><br>Sobre el Bastión Mágico..."
line:040710a,"<sprite name=""talk""><br><br>Need help?","<sprite name=""talk""><br><br>¿Necesitas ayuda?"
line:0da89ad,"<sprite name=""talk""><br><br>What is this place?","<sprite name=""talk""><br><br>¿Qué es este lugar?"
line:0cb9296,"<sprite name=""gold""><br><br>Buy Cheese","<sprite name=""gold""><br><br>Comprar queso"
line:0bacd94,"<sprite name=""trade""><br><br>Give","<sprite name=""trade""><br><br>Dar"
line:0bfa076,"<sprite name=""leave""><br><br>Leave","<sprite name=""leave""><br><br>Irse"
line:08c7e30,"<sprite name=""cheesemonger""> Claude: Welcome to Lumensac! The main town of the region!","<sprite name=""cheesemonger""> Claude: ¡Te damos la bienvenida a Lumensac, la ciudad principal de la región!"
line:0d9169e,"<sprite name=""cheesemonger""> Claude: We're known for our fragrant cheese: the Calendos!","<sprite name=""cheesemonger""> Claude: Somos famosos por nuestro aromático queso: ¡el Calendos!"
line:05012e3,"<sprite name=""cheesemonger""> Claude: I make and sell the best Calendos in town!","<sprite name=""cheesemonger""> Claude: ¡Preparo y vendo el mejor Calendos de la ciudad!"
line:09984c9,"<sprite name=""cheesemonger""> Claude: And to visit our Spellhold: head west!","<sprite name=""cheesemonger""> Claude: Para visitar nuestro Bastión Mágico, ¡dirígete al oeste!"
line:00098ce,"<sprite name=""cheesemonger""> Claude: And... Don't go to Mornoz. It's not worth the trip.","<sprite name=""cheesemonger""> Claude: Y... no vayas a Mornoz. No vale la pena el viaje."
line:0e9fe57,"<sprite name=""cheesemonger""> Claude: Nah, I'm good. But don't get me started on ""who built the Spellhold""...","<sprite name=""cheesemonger""> Claude: No, estoy bien. Pero no me hagas empezar con eso de «quién construyó el Bastión Mágico»..."
line:0b1fead,"<sprite name=""cheesemonger""> Claude: Oh, no! Don't worry! I can handle my cheese!","<sprite name=""cheesemonger""> Claude: ¡Oh, no! ¡No te preocupes! ¡Puedo encargarme de mi queso!"
line:04ce2ec,"<sprite name=""cheesemonger""> Claude: I'm not like those grumpy mornozhons...","<sprite name=""cheesemonger""> Claude: Yo no soy como esos mornozhones gruñones..."
line:0fffb29,"<sprite name=""cheesemonger""> Claude: Did you know that they're still mulling over the Spellhold?","<sprite name=""cheesemonger""> Claude: ¿Sabías que todavía le dan vueltas al asunto del Bastión Mágico?"
line:0999151,"<sprite name=""cheesemonger""> Claude: They claim they built it! Can you believe it?","<sprite name=""cheesemonger""> Claude: ¡Aseguran que ellos lo construyeron! ¿Puedes creerlo?"
line:056ce59,"<sprite name=""cheesemonger""> Claude: I can claim that cheese grows on trees but it won't make it true, right?","<sprite name=""cheesemonger""> Claude: Yo puedo asegurar que el queso crece en los árboles, pero eso no lo convierte en verdad, ¿cierto?"
line:09ef985,"<sprite name=""cheesemonger""> Claude: We built the Spellhold. It is known. There must be evidence of it somewhere. At the Spellhold's library, maybe?","<sprite name=""cheesemonger""> Claude: Nosotros construimos el Bastión Mágico. Todo el mundo lo sabe. Debe haber pruebas en alguna parte. ¿Quizá en su biblioteca?"
line:03a06a4,"<sprite name=""cheesemonger""> Claude: Anyway, do you want some cheese?","<sprite name=""cheesemonger""> Claude: En fin, ¿quieres un poco de queso?"
line:03927da,"<sprite name=""exclamation""><br><br>It's crumbling!","<sprite name=""exclamation""><br><br>¡Se está derrumbando!"
line:0fd13ef,"<sprite name=""exclamation""><br><br>The truth...","<sprite name=""exclamation""><br><br>La verdad..."
line:0babcaf,"<sprite name=""cheesemonger""> Claude: So? What did you find?","<sprite name=""cheesemonger""> Claude: Y bien, ¿qué encontraste?"
line:08eb9bc,Narrator: You share your discovery with Claude and a bunch of locals gather around you.,Narrador: Compartes tu descubrimiento con Claude y un grupo de habitantes se reúne a tu alrededor.
line:01b6eac,"<sprite name=""cheesemonger""> Claude: It's true, then! WE built the Spellhold!","<sprite name=""cheesemonger""> Claude: ¡Entonces es verdad! ¡NOSOTROS construimos el Bastión Mágico!"
line:0645dc1,Narrator: And the crowd cheers! Soon the news spreads over the city and a great banquet is thrown in your honor.,Narrador: ¡La multitud estalla en vítores! La noticia pronto se extiende por la ciudad y organizan un gran banquete en tu honor.
line:09187ef,Narrator: They give you the town key for your good service.,"Narrador: Como agradecimiento por tu servicio, te entregan la llave de la ciudad."
line:01fd779,"<sprite name=""cheesemonger""> Claude: Is this a gift? Maybe it's best you save it for your quest!","<sprite name=""cheesemonger""> Claude: ¿Es un regalo? ¡Quizá sea mejor que lo guardes para tu misión!"
line:052b3b9,"<sprite name=""cheesemonger""> Claude: Hum! This smells so good!","<sprite name=""cheesemonger""> Claude: ¡Mmm! ¡Huele delicioso!"
line:00be5cc,"<sprite name=""cheesemonger""> Claude: I've always had the idea to add some flowers to sweeten the taste of cheese.","<sprite name=""cheesemonger""> Claude: Siempre tuve la idea de agregar flores para suavizar el sabor del queso."
line:00a09be,"<sprite name=""cheesemonger""> Claude: I think this one might work!","<sprite name=""cheesemonger""> Claude: ¡Creo que esta podría servir!"
line:0a615c1,"<sprite name=""cheesemonger""> Claude: Let's do this! I'm ready to make a huge batch of flower cheese!","<sprite name=""cheesemonger""> Claude: ¡Manos a la obra! ¡Estoy listo para preparar una enorme tanda de queso con flores!"
line:00cc259,"<sprite name=""cheesemonger""> Claude: Tell whoever grows this flower that I'm buying their entire supply!","<sprite name=""cheesemonger""> Claude: ¡Dile a quien cultive esta flor que le compraré todas sus existencias!"
line:07d1ec2,"<sprite name=""cheesemonger""> Claude: Sure! {0} Gold Coins!","<sprite name=""cheesemonger""> Claude: ¡Claro! ¡{0} monedas de oro!"
line:0b6d0b3,"<sprite name=""gold""><br><br>Buy<br>({0} Gold)","<sprite name=""gold""><br><br>Comprar<br>({0} de oro)"
line:05e7aaa,"<sprite name=""cheesemonger""> Claude: Enjoy your Calendos!","<sprite name=""cheesemonger""> Claude: ¡Disfruta tu Calendos!"
line:066d77c,"<sprite name=""cheesemonger""> Claude: Sorry but you don't have enough!","<sprite name=""cheesemonger""> Claude: ¡Lo siento, pero no tienes suficiente!"
line:01fb141,"<sprite name=""cheesemonger""> Claude: Anything else?","<sprite name=""cheesemonger""> Claude: ¿Algo más?"
line:006fd5c,"<sprite name=""no""><br><br> Maybe not","<sprite name=""no""><br><br> Quizá no"
line:024e825,"<sprite name=""cheesemonger""> Claude: Ha! Don't be afraid of the smell!","<sprite name=""cheesemonger""> Claude: ¡Ja! ¡No le tengas miedo al olor!"
line:08119bf,"<sprite name=""cheesemonger""> Claude: The Spellhold is going to crumble? By Textia, of course not!","<sprite name=""cheesemonger""> Claude: ¿El Bastión Mágico se va a derrumbar? ¡Por Textia, claro que no!"
line:0d129ca,"<sprite name=""cheesemonger""> Claude: It was built by the people of Lumensac! It's indestructible!","<sprite name=""cheesemonger""> Claude: ¡Lo construyó la gente de Lumensac! ¡Es indestructible!"
line:0c7ec01,"<sprite name=""cheesemonger""> Claude: Wanna buy some cheese?","<sprite name=""cheesemonger""> Claude: ¿Quieres comprar queso?"
line:0b7e7a0,Narrator: Wait! Revealing this information will have consequences!,Narrador: ¡Espera! ¡Revelar esta información tendrá consecuencias!
line:0f76def,Will you tell the Lumensacians the truth? Mornozhons will not like it!,¿Les contarás la verdad a los lumensacianos? ¡A los mornozhones no les gustará!
line:09800b0,At least you'll make someone happy!,¡Al menos harás feliz a alguien!
line:09e3322,There must be a reason why people have forgotten this information.,Debe haber una razón por la que la gente olvidó esta información.
line:0f1b922,"<sprite name=""druid""> Fintan: A new face? With a new person behind it! Hi hi hi!","<sprite name=""druid""> Fintan: ¿Una cara nueva? ¡Y con una persona nueva detrás! ¡Ji, ji, ji!"
line:03e0c8b,"<sprite name=""druid""> Fintan: The forest will protect you. But who will protect you from the forest?","<sprite name=""druid""> Fintan: El bosque te protegerá. Pero ¿quién te protegerá del bosque?"
line:0e03e4d,"<sprite name=""druid""> Fintan: You're like the rain! Always coming back! Ho ho!","<sprite name=""druid""> Fintan: ¡Eres como la lluvia! ¡Siempre regresas! ¡Jo, jo!"
line:0b3143a,"<sprite name=""druid""> Fintan: Need potions?","<sprite name=""druid""> Fintan: ¿Necesitas pociones?"
line:01fc626,"<sprite name=""druid""> Fintan: You're one of the buffoons who freed my sheep?!","<sprite name=""druid""> Fintan: ¿¡Eres uno de los bufones que liberaron a mi oveja!?"
line:06dc36d,"<sprite name=""druid""> Fintan: It was mine! It was an experiment!","<sprite name=""druid""> Fintan: ¡Era mía! ¡Era un experimento!"
line:0474930,"<sprite name=""druid""> Fintan:  You wasted hours of work!","<sprite name=""druid""> Fintan: ¡Desperdiciaste horas de trabajo!"
line:05e7f19,"<sprite name=""druid""> Fintan: The gods told me not to speak with you anymore.","<sprite name=""druid""> Fintan: Los dioses me dijeron que no volviera a hablar contigo."
line:0c45420,"<sprite name=""druid""> Fintan: OUT OF MY PROPERTY! NOW!","<sprite name=""druid""> Fintan: ¡FUERA DE MI PROPIEDAD! ¡AHORA!"
line:020b606,"<sprite name=""druid""> Fintan: Ha! A familiar face! And a good one!","<sprite name=""druid""> Fintan: ¡Ja! ¡Una cara conocida! ¡Y de las buenas!"
line:05a7941,"<sprite name=""exclamation""><br><br>Need a disciple?","<sprite name=""exclamation""><br><br>¿Necesitas un discípulo?"
line:040bf4c,"<sprite name=""exclamation""><br><br>About your new disciple...","<sprite name=""exclamation""><br><br>Sobre tu nuevo discípulo..."
line:0253b2b,"<sprite name=""talk""><br><br>Who are you?","<sprite name=""talk""><br><br>¿Quién eres?"
line:0eb53fe,"<sprite name=""talk""><br><br> I need a potion","<sprite name=""talk""><br><br>Necesito una poción"
line:051fed2,"<sprite name=""talk""><br><br> I want candy!","<sprite name=""talk""><br><br>¡Quiero un dulce!"
line:050c446,"<sprite name=""trade""><br><br>Give","<sprite name=""trade""><br><br>Entregar"
line:095ae77,"<sprite name=""leave""><br><br>Leave","<sprite name=""leave""><br><br>Salir"
line:0c3a467,"<sprite name=""druid""> Fintan: I'm the moss in the forest, the feather of the raven, the wind in the hair.","<sprite name=""druid""> Fintan: Soy el musgo del bosque, la pluma del cuervo, el viento entre los cabellos."
line:049dee2,"<sprite name=""druid""> Fintan: They call me Fintan, they say I'm a Druid. They come looking for medicines and remedies.","<sprite name=""druid""> Fintan: Me llaman Fintan y dicen que soy druida. Vienen en busca de medicinas y remedios."
line:0d99d75,"<sprite name=""druid""> Fintan: FOOLS! The forest is no place to heal. It's a place to be born again!","<sprite name=""druid""> Fintan: ¡INSENSATOS! El bosque no es un lugar para sanar. ¡Es un lugar para renacer!"
line:0739886,"<sprite name=""druid""> Fintan: Oh, this little flower? A disciple?","<sprite name=""druid""> Fintan: ¿Esta florecita? ¿Un discípulo?"
line:07e8ce2,"<sprite name=""druid""> Fintan: I hadn't thought of it this way... But that's a great idea!","<sprite name=""druid""> Fintan: No lo había visto de ese modo... ¡Pero es una idea estupenda!"
line:05f38c1,"<sprite name=""druid""> Fintan: Hihihi! I guess I'm a teacher now! I'm a student no more! Finally!","<sprite name=""druid""> Fintan: ¡Ji, ji, ji! ¡Supongo que ahora soy maestro! ¡Ya no soy estudiante! ¡Por fin!"
line:00c79f6,"Narrator: And as the druid turns around to get back to his house, he throws something over his shoulder.","Narrador: Cuando el druida se da la vuelta para regresar a su casa, arroja algo por encima del hombro."
line:0a7d5ab,"<sprite name=""druid""> Fintan: Ugh! That's hideous! Keep that away from my face!","<sprite name=""druid""> Fintan: ¡Puaj! ¡Qué cosa tan horrible! ¡Aléjala de mi cara!"
line:06f9e0a,"<sprite name=""druid""> Fintan: What's this? A tiny-schliby-schwoozy gargoyle! So cute!","<sprite name=""druid""> Fintan: ¿Qué es esto? ¡Una gárgola diminuta-chiquitita-preciosita! ¡Qué adorable!"
line:0b27f4a,"<sprite name=""druid""> Fintan: But sorry, I can't keep it, I already have my disciple to teach!","<sprite name=""druid""> Fintan: Pero lo siento, no puedo quedármela. ¡Ya tengo un discípulo al que enseñar!"
line:0e820f6,"<sprite name=""druid""> Fintan: Can I keep it? I have a feeling I can teach it the power of nature.","<sprite name=""druid""> Fintan: ¿Puedo quedármela? Siento que podría enseñarle el poder de la naturaleza."
line:038585b,"<sprite name=""druid""> Fintan: And it will repel the unwanted visitors! Hoho! GREAT!","<sprite name=""druid""> Fintan: ¡Y ahuyentará a las visitas indeseadas! ¡Jo, jo! ¡GENIAL!"
line:05a5a43,"<sprite name=""druid""> Fintan: We'll be alone together!","<sprite name=""druid""> Fintan: ¡Estaremos solos los dos!"
line:020c81c,"<sprite name=""druid""> Fintan: I'll have someone to talk to, now. I don't need this anymore!","<sprite name=""druid""> Fintan: Ahora tendré con quién hablar. ¡Ya no necesito esto!"
line:0662cf8,"<sprite name=""druid""> Fintan: TAKE IT! THAT'S CAPITAL!","<sprite name=""druid""> Fintan: ¡TÓMALO! ¡ES MAGNÍFICO!"
line:0bd4019,"<sprite name=""druid""> Fintan: What beverage are you looking for?","<sprite name=""druid""> Fintan: ¿Qué brebaje buscas?"
line:0241150,Special potions,Pociones especiales
line:07b6560,Immortality potion!,¡Poción de inmortalidad!
line:06a05cd,"<sprite name=""druid""> Fintan: IMMORTALITY? A dream of fools!","<sprite name=""druid""> Fintan: ¿INMORTALIDAD? ¡Un sueño de insensatos!"
line:0e61c70,"<sprite name=""druid""> Fintan: Anyway, it's simple: bring me an undead soul and I'll fix you something.","<sprite name=""druid""> Fintan: En fin, es sencillo: tráeme un alma no muerta y te prepararé algo."
line:0910cd6,Potion of flight!,¡Poción de vuelo!
line:0165ebc,"<sprite name=""druid""> Fintan: Careful, ravens don't like competition!","<sprite name=""druid""> Fintan: Cuidado, ¡a los cuervos no les gusta la competencia!"
line:00c7f57,"<sprite name=""druid""> Fintan: But bring me some guano and you'll fly!","<sprite name=""druid""> Fintan: ¡Pero tráeme guano y volarás!"
line:020e235,Potion of luck!,¡Poción de suerte!
line:0337bd2,"<sprite name=""druid""> Fintan: Luck is a matter of perspective!","<sprite name=""druid""> Fintan: ¡La suerte es cuestión de perspectiva!"
line:0d44936,"<sprite name=""druid""> Fintan: Alright. With a pinch of salt I should be able to fix you something.","<sprite name=""druid""> Fintan: Está bien. Con una pizca de sal podré prepararte algo."
line:06dc496,Potion of speed!,¡Poción de velocidad!
line:0d905a7,"<sprite name=""druid""> Fintan: Wanna travel fast?","<sprite name=""druid""> Fintan: ¿Quieres viajar rápido?"
line:0642c15,"<sprite name=""druid""> Fintan: Bring me a stalactite! This will make a good spur.","<sprite name=""druid""> Fintan: ¡Tráeme una estalactita! Será un buen acicate."
line:0532af1,Potion of efficiency!,¡Poción de eficiencia!
line:0711aac,"<sprite name=""druid""> Fintan: You can use potions to get more things done in a day, but be careful with these...","<sprite name=""druid""> Fintan: Puedes usar pociones para hacer más cosas en un día, pero ten cuidado con estas..."
line:0b78a54,"<sprite name=""druid""> Fintan: Bring a good loaf of bread. I will use the yeast to cook.","<sprite name=""druid""> Fintan: Tráeme una buena hogaza de pan. Usaré la levadura para cocinar."
line:0815c03,Back,Volver
line:096b727,Common potions,Pociones comunes
line:0df5822,Strength potion!,¡Poción de Físico!
line:043e59a,"<sprite name=""druid""> Fintan: Strength has many faces...","<sprite name=""druid""> Fintan: La fuerza tiene muchas formas..."
line:004d3b5,"<sprite name=""druid""> Fintan: Bring me honey and I'll make you as strong as a bear!","<sprite name=""druid""> Fintan: ¡Tráeme miel y te haré tan fuerte como un oso!"
line:03991b7,Finesse potion!,¡Poción de Destreza!
line:0e2ba14,"<sprite name=""druid""> Fintan: Want to be as sly as a fox? I have a better idea...","<sprite name=""druid""> Fintan: ¿Quieres ser tan astuto como un zorro? Tengo una idea mejor..."
line:0be7d59,"<sprite name=""druid""> Fintan: Bring me barnacles, and you'll know how to hide your intentions like a true shellfish!","<sprite name=""druid""> Fintan: Tráeme percebes y aprenderás a ocultar tus intenciones como un auténtico crustáceo."
line:0e05027,Knowledge potion!,¡Poción de Conocimiento!
line:029bcdb,"<sprite name=""druid""> Fintan: You think you can learn things with a potion?","<sprite name=""druid""> Fintan: ¿Crees que puedes aprender cosas con una poción?"
line:02315ef,"<sprite name=""druid""> Fintan: Actually, you can.","<sprite name=""druid""> Fintan: En realidad, sí puedes."
line:098e22d,"<sprite name=""druid""> Fintan: Bring me the weed that grows on the menhir. They're infused with centuries of knowledge.","<sprite name=""druid""> Fintan: Tráeme la hierba que crece sobre el menhir. Está impregnada de siglos de conocimiento."
line:024b9c0,Creation potion!,¡Poción de Creación!
line:08a5bee,"<sprite name=""druid""> Fintan: In need of inspiration? You have to plant the seed!","<sprite name=""druid""> Fintan: ¿Necesitas inspiración? ¡Tienes que plantar la semilla!"
line:037456d,"<sprite name=""druid""> Fintan: Bring me olives from Mercazon! They're full of seeds, they'll give you creativity.","<sprite name=""druid""> Fintan: ¡Tráeme aceitunas de Mercazon! Están llenas de semillas y te darán creatividad."
line:0951cff,Destruction potion!,¡Poción de Destrucción!
line:0bf87cd,"<sprite name=""druid""> Fintan: One must create before destroying.","<sprite name=""druid""> Fintan: Antes de destruir, hay que crear."
line:0e050ff,"<sprite name=""druid""> Fintan: With the remains of a burnt candle I can fix you something!","<sprite name=""druid""> Fintan: ¡Con los restos de una vela quemada puedo prepararte algo!"
line:09968a4,Back,Volver
line:0628746,Back,Volver
line:0c43da1,"<sprite name=""druid""> Fintan: Here, have one! For a friend like you, it's free!","<sprite name=""druid""> Fintan: ¡Toma uno! ¡Para un amigo como tú, es gratis!"
line:03a3418,"<sprite name=""druid""> Fintan: But I never told you it would be free! It's ONE gold coin!","<sprite name=""druid""> Fintan: ¡Pero nunca dije que fuera gratis! ¡Cuesta UNA moneda de oro!"
line:0da6616,"<sprite name=""gold""><br><br>Pay","<sprite name=""gold""><br><br>Pagar"
line:0f16bcc,"<sprite name=""druid""> Fintan: Here you are!","<sprite name=""druid""> Fintan: ¡Aquí tienes!"
line:030dbe7,"<sprite name=""no""><br><br>No thanks","<sprite name=""no""><br><br>No, gracias"
line:021b323,"<sprite name=""druid""> Fintan: You already had one! Don't be so greedy!","<sprite name=""druid""> Fintan: ¡Ya comiste uno! ¡No seas tan codicioso!"
line:00f938a,"<sprite name=""druid""> Fintan: Nature has to heal to give us fruit again.","<sprite name=""druid""> Fintan: La naturaleza debe sanar para volver a darnos frutos."
line:004ee4b,"<sprite name=""druid""> Fintan: A disciple! What a great idea!","<sprite name=""druid""> Fintan: ¡Un discípulo! ¡Qué gran idea!"
line:0ddd363,"<sprite name=""druid""> Fintan: And yes! That's an idea I had earlier. Not bad, eh?","<sprite name=""druid""> Fintan: ¡Y sí! Es una idea que se me ocurrió antes. No está mal, ¿eh?"
line:099c283,"<sprite name=""druid""> Fintan: Bring me a free spirit in need of teachings!","<sprite name=""druid""> Fintan: ¡Tráeme un espíritu libre que necesite enseñanzas!"
line:050403f,"<sprite name=""druid""> Fintan: Someone who had lived near magic, even without knowing it!","<sprite name=""druid""> Fintan: ¡Alguien que haya vivido cerca de la magia, aunque no lo supiera!"
line:0f0e4dd,"<sprite name=""druid""> Fintan: I'll have company, then.","<sprite name=""druid""> Fintan: Así tendré compañía."
line:0107d03,"<sprite name=""druid""> Fintan: Oh oh oh! That's indeed an immortal soul we have here!","<sprite name=""druid""> Fintan: ¡Oh, oh, oh! ¡Sin duda tenemos aquí un alma inmortal!"
line:0c4de8a,"<sprite name=""druid""> Fintan: Let it simmer and... DONE!","<sprite name=""druid""> Fintan: Déjala hervir a fuego lento y... ¡LISTO!"
line:08b44d4,Narrator: You step into the empty tower.,Narrador: Entras en la torre vacía.
line:07a5942,"Narrator: It's still creepy, but somehow less creepy than it was.","Narrador: Sigue siendo inquietante, aunque por alguna razón menos que antes."
line:0877132,"Narrator: You find a door, hidden behind rubble and spider webs.",Narrador: Encuentras una puerta oculta detrás de escombros y telarañas.
line:0cf5778,"Narrator: Empty bottles, mugs, food leftovers: there was a party last night.","Narrador: Botellas vacías, jarras y restos de comida: anoche hubo una fiesta."
line:0535a1f,Narrator: On the floor you find a pair of dancing shoes. They're cold to the touch.,Narrador: En el suelo encuentras un par de zapatos de baile. Están fríos al tacto.
line:0c0d1b5,Narrator: On the floor you find a note with the worst handwriting you've ever seen.,Narrador: En el suelo encuentras una nota con la peor caligrafía que hayas visto.
line:04eb7e7,"Narrator: You can decipher scribbles about ""letting go"", ""trusting"", ""lying to yourself""...","Narrador: Logras descifrar garabatos sobre «dejar ir», «confiar», «mentirse a uno mismo»..."
line:09c7d21,Narrator: It must belong to the doctor.,Narrador: Debe pertenecerle al doctor.
line:0da8f46,"Narrator: Next to the note, you find a heavy ball with a chain.",Narrador: Junto a la nota encuentras una pesada bola con una cadena.
line:09b94b0,Narrator: It really looks like the door can not be opened!,Narrador: ¡De verdad parece imposible abrir esta puerta!
line:0b23645,Narrator: Maybe there's a key somewhere.,Narrador: Tal vez haya una llave en alguna parte.
line:0087646,Try to open,Intentar abrirla
line:01ecb2c,Knock,Tocar la puerta
line:05a1b3d,"<sprite name=""destruction"">{0}<br><br>Ram it!","<sprite name=""destruction"">{0}<br><br>¡Embestirla!"
line:08b5c33,"<sprite name=""townkey""><br><br>Use the Town Key","<sprite name=""townkey""><br><br>Usar la llave de la ciudad"
line:0206240,Narrator: The key of Lumensac fits perfectly into the keyhole!,Narrador: ¡La llave de Lumensac encaja perfectamente en la cerradura!
line:0673c30,"Narrator: It turns, you hear a click! The wood squeaks as the door opens.",Narrador: La giras y oyes un clic. La madera cruje mientras la puerta se abre.
line:0a2a0c8,Narrator: You step into a small room without windows.,Narrador: Entras en una pequeña habitación sin ventanas.
line:0fcf68a,"Narrator: Into the darkness, you find a treasure.",Narrador: En medio de la oscuridad encuentras un tesoro.
line:0449ee2,"<sprite name=""leave""><br><br>Leave","<sprite name=""leave""><br><br>Irse"
line:07905ed,"Narrator: You try the door handle, but it won't budge.","Narrador: Intentas girar la manija, pero no se mueve."
line:089e21f,Narrator: You knock and wait a few seconds.,Narrador: Tocas la puerta y esperas unos segundos.
line:04a708a,Narrator: ...,Narrador: ...
line:0884782,Narrator: Nothing happens.,Narrador: No ocurre nada.
line:0064d2d,Narrator: You run through the room and throw yourself at the door!,Narrador: ¡Cruzas la habitación corriendo y te lanzas contra la puerta!
line:09cdc31,Narrator: You wake up a few minutes later when a rat walks over your face.,Narrador: Despiertas unos minutos después cuando una rata camina sobre tu cara.
line:00602ad,Narrator: Your move was perfect. There must be some kind of magic protecting this door.,Narrador: Tu maniobra fue perfecta. Debe haber algún tipo de magia protegiendo esta puerta.
line:017c7cc,Narrator: Your head hurts.,Narrador: Te duele la cabeza.
line:0cc288c,"Narrator: You don't want to try again, you could hurt yourself.",Narrador: No quieres intentarlo otra vez; podrías lastimarte.
line:0a219b4,"<sprite name=""fisher""> Soazig: A stranger... and a baladin nonetheless...","<sprite name=""fisher""> Soazig: Alguien de fuera... y baladín, para colmo..."
line:025aa36,"<sprite name=""fisher""> Soazig: Only fools don't come back to Mornoz.","<sprite name=""fisher""> Soazig: Solo los necios no regresan a Mornoz."
line:09148a6,"<sprite name=""fisher""> Soazig: Welcome back, stranger.","<sprite name=""fisher""> Soazig: Te doy la bienvenida otra vez, visitante."
line:0094b0e,"<sprite name=""fisher""> Soazig: Looking for the mornozhon strength?","<sprite name=""fisher""> Soazig: ¿Buscas la fuerza mornozhona?"
line:099ceb2,"<sprite name=""fisher""> Soazig: You're one of the baladin scums who ""found evidence about the Spellhold""?","<sprite name=""fisher""> Soazig: ¿Eres parte de la escoria baladín que «encontró pruebas sobre el Bastión Mágico»?"
line:0bf3bdd,"<sprite name=""fisher""> Soazig: You deserve to be shoved into a barrel and thrown into the sea!","<sprite name=""fisher""> Soazig: ¡Mereces que te metan en un barril y te arrojen al mar!"
line:0745625,"<sprite name=""fisher""> Soazig: Get lost!","<sprite name=""fisher""> Soazig: ¡Lárgate!"
line:0060a12,"<sprite name=""fisher""> Soazig: Ha! You're a stranger no more!","<sprite name=""fisher""> Soazig: ¡Ja! ¡Ya eres de los nuestros!"
line:076623d,"<sprite name=""exclamation""><br><br>About the Spellhold...","<sprite name=""exclamation""><br><br>Sobre el Bastión Mágico..."
line:070ddcd,"<sprite name=""talk""><br><br>Need help?","<sprite name=""talk""><br><br>¿Necesitas ayuda?"
line:0b51c46,"<sprite name=""talk""><br><br>Where are we?","<sprite name=""talk""><br><br>¿Dónde estamos?"
line:04fe84a,"<sprite name=""gold""><br><br> Buy","<sprite name=""gold""><br><br> Comprar"
line:0a7d626,"<sprite name=""trade""><br><br>Give","<sprite name=""trade""><br><br>Dar"
line:0e5d0de,"<sprite name=""leave""><br><br>Leave","<sprite name=""leave""><br><br>Irse"
line:0324f2e,"<sprite name=""fisher""> Soazig: Don't you know you're in Mornoz?","<sprite name=""fisher""> Soazig: ¿Acaso no sabes que estás en Mornoz?"
line:0135d83,"<sprite name=""fisher""> Soazig: The home of righteous, honest and strong fishers.","<sprite name=""fisher""> Soazig: Hogar de pescadores justos, honrados y fuertes."
line:049e377,"<sprite name=""fisher""> Soazig: Here we live by the sea, for the sea, and it ain't easy everyday.","<sprite name=""fisher""> Soazig: Aquí vivimos junto al mar y para el mar, y no todos los días son fáciles."
line:0ce6e81,"<sprite name=""fisher""> Soazig: And we're nothing like those cowards from Lumensac!","<sprite name=""fisher""> Soazig: ¡Y no nos parecemos en nada a esos cobardes de Lumensac!"
line:02dbf02,"<sprite name=""fisher""> Soazig: Nah, I don't need help.","<sprite name=""fisher""> Soazig: No, no necesito ayuda."
line:037a530,"<sprite name=""fisher""> Soazig: Except if you find the way to make lumensacians shut up about the Spellhold.","<sprite name=""fisher""> Soazig: A menos que encuentres la forma de hacer callar a los lumensacianos sobre el Bastión Mágico."
line:0356b12,"<sprite name=""fisher""> Soazig: Help? Do I look like I need help?","<sprite name=""fisher""> Soazig: ¿Ayuda? ¿Tengo aspecto de necesitar ayuda?"
line:0eceeec,"<sprite name=""fisher""> Soazig: I'm not like those stupid lumensacians, always complaining!","<sprite name=""fisher""> Soazig: ¡No soy como esos estúpidos lumensacianos, que siempre se están quejando!"
line:03db6fd,"<sprite name=""fisher""> Soazig: They can complain, alright! But they stole the Spellhold from us!","<sprite name=""fisher""> Soazig: ¡Que se quejen cuanto quieran! ¡Pero nos robaron el Bastión Mágico!"
line:05e2727,"<sprite name=""fisher""> Soazig: It was built by us, mornozhons!","<sprite name=""fisher""> Soazig: ¡Lo construimos nosotros, los mornozhones!"
line:0957131,"<sprite name=""fisher""> Soazig: I'm sure there is plenty of evidence at the Spellhold's library, but they're hiding it!","<sprite name=""fisher""> Soazig: Estoy segura de que hay muchas pruebas en la biblioteca del Bastión Mágico, ¡pero las están ocultando!"
line:038baf8,"<sprite name=""fisher""> Soazig: Why am I talking about this already?","<sprite name=""fisher""> Soazig: ¿Por qué ya estoy hablando de esto?"
line:07167d3,"<sprite name=""fisher""> Soazig: Did you find the truth? Did you find out mornozhons built the thing?","<sprite name=""fisher""> Soazig: ¿Encontraste la verdad? ¿Descubriste que los mornozhones construimos esa cosa?"
line:0d1e10c,"<sprite name=""exclamation""><br><br>Tell the truth","<sprite name=""exclamation""><br><br>Contar la verdad"
line:054ddc3,"<sprite name=""exclamation""><br><br>Nevermind...","<sprite name=""exclamation""><br><br>Olvídalo..."
line:02c5149,"<sprite name=""fisher""> Soazig: I find ten of these everyday in my nets. I don't care about it.","<sprite name=""fisher""> Soazig: Encuentro diez de estos en mis redes todos los días. No me interesa."
line:0bd1f0d,"<sprite name=""fisher""> Soazig: <i>Kenavo</i>, baladin!","<sprite name=""fisher""> Soazig: <i>Kenavo</i>, baladín."
line:0001d3c,"<sprite name=""fisher""> Soazig: What now? You think you can come here and tell such foolishness?","<sprite name=""fisher""> Soazig: ¿Y ahora qué? ¿Crees que puedes venir aquí a decir semejante estupidez?"
line:03ee94b,"<sprite name=""fisher""> Soazig: The Spellhold has always been there and always will be!","<sprite name=""fisher""> Soazig: ¡El Bastión Mágico siempre ha estado ahí y siempre lo estará!"
line:04c9c95,"<sprite name=""fisher""> Soazig: It was built by Mornozhons, for Gruïd's sake!","<sprite name=""fisher""> Soazig: ¡Por Gruïd, lo construyeron los mornozhones!"
line:0f6fcdc,"<sprite name=""fisher""> Soazig: Anyway, do you need fish?","<sprite name=""fisher""> Soazig: En fin, ¿necesitas pescado?"
line:0d60901,"<sprite name=""exclamation""><br><br>It's crumbling!","<sprite name=""exclamation""><br><br>¡Se está derrumbando!"
line:0da081d,"<sprite name=""exclamation""><br><br>The truth is...","<sprite name=""exclamation""><br><br>La verdad es que..."
line:0bdef8d,"Narrator: Knowing Soazig, this won't make her happy. It might even be dangerous.","Narrador: Conociendo a Soazig, esto no la hará feliz. Incluso podría ser peligroso."
line:079d80f,"Narrator: Maybe not all truths are good to tell. Not to everyone, at least.","Narrador: Quizá no sea bueno contar todas las verdades. Al menos, no a todo el mundo."
line:0164bff,Do you tell mornozhons that they didn't build the Spellhold?,¿Les dirás a los mornozhones que ellos no construyeron el Bastión Mágico?
line:0b1bc95,The truth won't stay hidden!,¡La verdad no permanecerá oculta!
line:0148164,It's surely for the best.,Seguro que es lo mejor.
line:08ff291,Narrator: You share your discovery with Soazig and a bunch of locals gather around you.,Narrador: Compartes tu descubrimiento con Soazig y un grupo de habitantes se reúne a tu alrededor.
line:046f690,"<sprite name=""fisher""> Soazig: So you're telling us... It was actually built by... No... It's impossible!","<sprite name=""fisher""> Soazig: Entonces nos estás diciendo que... en realidad fue construido por... No... ¡Es imposible!"
line:0272745,"Narrator: The mornozhons circle you, grab you and put you in a barrel!","Narrador: ¡Los mornozhones te rodean, te agarran y te meten en un barril!"
line:06f4f9b,Narrator: The barrel is thrown into the sea and you wash up a few days later on the shores of Gatherac.,"Narrador: Arrojan el barril al mar y, unos días después, apareces en las costas de Gatherac."
line:0018e31,Narrator: A crowd is gathered in the middle of the street.,Narrador: Hay una multitud reunida en medio de la calle.
line:07b5920,Narrator: They are booing the twins and the gargoyle.,Narrador: Están abucheando a los gemelos y a la gárgola.
line:052f862,"<sprite name=""twin1""> Aten: Don't hurt it!","<sprite name=""twin1""> Aten: ¡No le hagan daño!"
line:0b97f94,"<sprite name=""twin2""> Jonas: Our knightly duty is to protect the weak!","<sprite name=""twin2""> Jonas: ¡Nuestro deber caballeresco es proteger a los débiles!"
line:0753021,"<sprite name=""twin1""> Aten: This poor soul is no princess, but I kinda like it.","<sprite name=""twin1""> Aten: Esta pobre criatura no es una princesa, pero me agrada un poco."
line:02c8dc4,"<sprite name=""twin2""> Jonas: Maybe we shall take it with us, back home.","<sprite name=""twin2""> Jonas: Quizá debamos llevarla a casa con nosotros."
line:0335672,"<sprite name=""twin1""> Aten: I... Had the same idea!","<sprite name=""twin1""> Aten: Yo... ¡Pensé lo mismo!"
line:0f89f2a,Narrator: The gargoyle curls up into the arms of Jonas and the three of them leave the city.,Narrador: La gárgola se acurruca en brazos de Jonas y los tres abandonan la ciudad.
line:03a7b95,Narrator: The people of Lumensac finally think those two twins are not that bad.,Narrador: La gente de Lumensac por fin piensa que esos gemelos no son tan malos.
line:058bc55,"Narrator: From outside the tower, you can already hear the screams of the twins.",Narrador: Desde fuera de la torre ya puedes oír los gritos de los gemelos.
line:01f4cb0,Narrator: You find them cornered by ghosts!,Narrador: ¡Los encuentras acorralados por fantasmas!
line:01ab58f,"<sprite name=""twin1""> Aten: Please, baladin! Save us!","<sprite name=""twin1""> Aten: ¡Por favor, baladín! ¡Sálvanos!"
line:074bb9d,"<sprite name=""finesse"">{0}<br><br>Make a diversion","<sprite name=""finesse"">{0}<br><br>Crear una distracción"
line:0a56f63,"<sprite name=""destruction"">{0}<br><br>Fight the ghosts","<sprite name=""destruction"">{0}<br><br>Enfrentar a los fantasmas"
line:0d155b6,"<sprite name=""trade""><br><br>Give","<sprite name=""trade""><br><br>Dar"
line:0bc36c6,"<sprite name=""leave""><br><br>Leave","<sprite name=""leave""><br><br>Irse"
line:08ebab7,Narrator: You scream and wave your arms to draw the attention of the ghosts.,Narrador: Gritas y agitas los brazos para llamar la atención de los fantasmas.
line:05b2ae7,"Narrator: But as you walk backwards to move them away from the twins, you run through a wall!","Narrador: Pero mientras retrocedes para alejarlos de los gemelos, ¡atraviesas una pared!"
line:0f3c0f9,Narrator: They swiftly turn around and float in your direction.,Narrador: Se dan vuelta rápidamente y flotan hacia ti.
line:05acf6e,Narrator: But you're swifter and manage to escape while the twins do the same.,Narrador: Pero eres más veloz y logras escapar mientras los gemelos hacen lo mismo.
line:07f8ab9,Narrator: But they seem more interested in the twins who make more noise when they cry!,"Narrador: ¡Pero parecen más interesados en los gemelos, que hacen más ruido cuando lloran!"
line:0300705,Narrator: You have to leave the building to think of a better plan.,Narrador: Tienes que salir del edificio para pensar en un plan mejor.
line:080e66d,"Narrator: As always, you run into the battle, screaming!","Narrador: Como siempre, ¡te lanzas a la batalla entre gritos!"
line:0d17dfd,"Narrator: But you use way too much energy, miss your target and run through a wall!","Narrador: Pero usas demasiada energía, fallas el golpe y ¡atraviesas una pared!"
line:0d56f74,Narrator: The ghosts howl and disappear through the ceiling.,Narrador: Los fantasmas aúllan y desaparecen a través del techo.
line:07254ae,Narrator: Surely this place will be haunted no more!,Narrador: ¡Seguro que este lugar ya no estará embrujado!
line:0a45abe,"Narrator: Actually, you run <i>through</i> a ghost.","Narrador: En realidad, atraviesas <i>por dentro</i> a un fantasma."
line:0e632e7,"Narrator: It's cold, very cold...","Narrador: Hace frío, muchísimo frío..."
line:0c96cf5,Narrator: That's the way of all flesh...,Narrador: Así termina toda vida...
line:0d11199,"Narrator: You forget about the twins and leave the building, depressed.",Narrador: Olvidas a los gemelos y abandonas el edificio con el ánimo por los suelos.
line:05eab12,Narrator: You fall outside of the tower and the ground shakes.,Narrador: Caes fuera de la torre y el suelo tiembla.
line:03c8ed2,"Narrator: When you finally get back up on your feet, you understand it wasn't you who made the earth shake.","Narrador: Cuando por fin vuelves a ponerte de pie, comprendes que no fuiste tú quien hizo temblar la tierra."
line:0fadbde,Narrator: The whole tower collapsed!,Narrador: ¡La torre entera se derrumbó!
line:0c5f2d0,Narrator: The twins! They... by the gods... You hope they made it out in one piece!,Narrador: ¡Los gemelos! Ellos... por los dioses... ¡Esperas que hayan logrado salir de una pieza!
line:0f19efe,Narrator: At least the tower probably isn't haunted anymore...,"Narrador: Al menos, es probable que la torre ya no esté embrujada..."
line:0939922,"<sprite name=""twin1""> Aten: Wow, that was close!","<sprite name=""twin1""> Aten: ¡Vaya, estuvo cerca!"
line:080325e,"<sprite name=""twin2""> Jonas: We owe you our life, baladin!","<sprite name=""twin2""> Jonas: ¡Te debemos la vida, baladín!"
line:0f62250,Narrator: The ghosts are sucked into the jar and you quickly seal the lid tight!,Narrador: ¡Los fantasmas son absorbidos por el frasco y cierras la tapa con fuerza de inmediato!
line:03f0eda,Narrator: Those ghosts shouldn't be a problem for anyone anymore.,Narrador: Esos fantasmas ya no deberían causarle problemas a nadie.
line:0a9cb18,Narrator: You meet the lutin at the menhir and they guide you to a secret cave.,Narrador: Te encuentras con el lutin junto al menhir y te guía hasta una cueva secreta.
line:0e76a4f,"<sprite name=""lumensaclutin""> Hyunah: You deserve a reward, baladin.","<sprite name=""lumensaclutin""> Hyunah: Mereces una recompensa, baladín."
line:0f27af7,"<sprite name=""lumensaclutin""> Hyunah: Help yourself! But be careful: you have to leave my den before the sun rises!","<sprite name=""lumensaclutin""> Hyunah: ¡Sírvete! Pero ten cuidado: debes abandonar mi guarida antes de que salga el sol."
line:01c73cb,"<sprite name=""exclamation""><br><br>Take some gold...","<sprite name=""exclamation""><br><br>Tomar un poco de oro..."
line:00d4114,Narrator: You grab a coin.,Narrador: Tomas una moneda.
line:018a0e3,"<sprite name=""no""><br><br>No thanks...","<sprite name=""no""><br><br>No, gracias..."
line:083e38d,Narrator: All this gold for a snack? You feel something is wrong.,Narrador: ¿Todo este oro por un bocadillo? Sientes que algo no está bien.
line:0950c31,Narrator: You leave the cave and feel pretty good about it.,Narrador: Sales de la cueva con una agradable sensación.
line:0f284a9,Narrator: Will you take some more?,Narrador: ¿Tomarás un poco más?
line:046e602,"<sprite name=""finesse"">{0}<br><br>Take some more...","<sprite name=""finesse"">{0}<br><br>Tomar un poco más..."
line:00d24ff,Narrator: You take some more.,Narrador: Tomas un poco más.
line:0382636,"<sprite name=""leave""><br><br>Leave the cave","<sprite name=""leave""><br><br>Salir de la cueva"
line:0751703,Narrator: It's exhilarating.,Narrador: Es una sensación eufórica.
line:0647934,"<sprite name=""finesse"">{0}<br><br>Just one more...","<sprite name=""finesse"">{0}<br><br>Solo una más..."
line:0e6ad21,Narrator: You just can't stop!,Narrador: ¡No puedes detenerte!
line:07ff2e0,"<sprite name=""leave""><br><br>Stop","<sprite name=""leave""><br><br>Detenerse"
line:057da33,Narrator: More?,Narrador: ¿Más?
line:004fb4b,"<sprite name=""finesse"">{0}<br><br>MORE!","<sprite name=""finesse"">{0}<br><br>¡MÁS!"
line:0b1c57f,"<sprite name=""leave""><br><br>No, it's enough.","<sprite name=""leave""><br><br>No, es suficiente."
line:06197f1,Narrator: You think the night is still young and take all the gold you can.,Narrador: Piensas que la noche aún es joven y tomas todo el oro que puedes.
line:070a421,Narrator: But when you step outside of the cave you're struck with the first rays of the sun.,Narrador: Pero al salir de la cueva te alcanzan los primeros rayos del sol.
line:083a931,Narrator: You look into your pockets only to find out the gold you took has turned to dirt!,Narrador: Miras dentro de tus bolsillos y ¡descubres que el oro que tomaste se convirtió en tierra!
line:0502aa8,"Narrator: The entrance of the cave has vanished, too.",Narrador: La entrada de la cueva también ha desaparecido.
line:02d3348,Narrator: You decide to be reasonable and leave the cave with your loot.,Narrador: Decides actuar con sensatez y abandonas la cueva con tu botín.
line:0855b2b,"Narrator: When you turn around to take a last glance at the treasure, you can't seem to find the cave anywhere.","Narrador: Cuando te das vuelta para contemplar el tesoro por última vez, no logras encontrar la cueva por ninguna parte."
line:0eebf58,"<sprite name=""magician""> Emerson: Ladies and gentlemen! Be prepared for the great wonder and step with me into the world of magic!","<sprite name=""magician""> Emerson: ¡Damas y caballeros! ¡Prepárense para contemplar grandes maravillas y acompáñenme al mundo de la magia!"
line:0d70d8f,"<sprite name=""boldkid""> Bleiz: Yeah, sure, whatever...","<sprite name=""boldkid""> Bleiz: Sí, claro, como sea..."
line:006111f,Narrator: The magician pulls a bouquet from his sleeve!,Narrador: ¡El mago saca un ramo de flores de la manga!
line:065b101,"<sprite name=""boldkid""> Bleiz: Oh, ok!","<sprite name=""boldkid""> Bleiz: Ah, ¡está bien!"
line:07163f7,Narrator: And then he pulls a very long rope from his mouth!,Narrador: ¡Luego saca una cuerda larguísima de su boca!
line:0f31306,"<sprite name=""boldkid""> Bleiz: What, now?","<sprite name=""boldkid""> Bleiz: ¿Y ahora qué?"
line:0f69c73,Narrator: A pigeon appears in a fireball!,Narrador: ¡Una paloma aparece dentro de una bola de fuego!
line:0fefa1c,"<sprite name=""boldkid""> Bleiz: YOU'VE GOT TO BE KIDDING ME!","<sprite name=""boldkid""> Bleiz: ¡TIENES QUE ESTAR BROMEANDO!"
line:0f28f77,"<sprite name=""magician""> Emerson: And now, I will destroy this vase with the power of my mind!","<sprite name=""magician""> Emerson: Y ahora, ¡destruiré este jarrón con el poder de mi mente!"
line:0c5cded,"<sprite name=""boldkid""> Bleiz: YES! DO IT! BLOW IT UP!","<sprite name=""boldkid""> Bleiz: ¡SÍ! ¡HAZLO! ¡HAZLO EXPLOTAR!"
line:0346c85,Narrator: You see the magician focusing his mind energy...,Narrador: Ves al mago concentrar su energía mental...
line:0361146,"<sprite name=""magician""> Emerson: Come on...","<sprite name=""magician""> Emerson: Vamos..."
line:048a8bf,Narrator: Will it work? The magician is whispering something...,Narrador: ¿Funcionará? El mago está susurrando algo...
line:0fa9df4,"<sprite name=""magician""> Emerson: Come on... Work, work, work for gods' sake!","<sprite name=""magician""> Emerson: Vamos... ¡Funciona, funciona, funciona, por los dioses!"
line:02705e2,Narrator: All eyes are on the vase and nothing happens. The situation is too familiar: you need to do something!,"Narrador: Todas las miradas están fijas en el jarrón, pero no ocurre nada. La situación te resulta demasiado familiar: ¡debes hacer algo!"
line:07e62f4,"<sprite name=""destruction"">{0}<br><br>Focus your energy","<sprite name=""destruction"">{0}<br><br>Concentrar tu energía"
line:0478818,"<sprite name=""physique"">{0}<br><br>Throw a rock","<sprite name=""physique"">{0}<br><br>Arrojar una piedra"
line:027b8e0,"<sprite name=""trade""><br><br>Give","<sprite name=""trade""><br><br>Dar"
line:09f0825,"<sprite name=""leave""><br><br>Leave","<sprite name=""leave""><br><br>Irse"
line:0810487,"Narrator: You throw something on stage, but it's pointless.","Narrador: Arrojas algo al escenario, pero no sirve de nada."
line:0bdab4e,Narrator: You look at the vase and think very hard!,Narrador: ¡Miras fijamente el jarrón y piensas con todas tus fuerzas!
line:0c5cdc4,Narrator: And a terrible explosion blows glass shards everywhere on the stage!,Narrador: ¡Una terrible explosión esparce fragmentos de vidrio por todo el escenario!
line:0292f2a,"<sprite name=""magician""> Emerson: Did... Did you do this...?","<sprite name=""magician""> Emerson: ¿Tú... tú hiciste esto...?"
line:024a0be,Narrator: With your mind?,Narrador: ¿Con tu mente?
line:0c5a205,"Narrator: And, as expected, nothing happens.","Narrador: Como era de esperar, no ocurre nada."
line:053ca76,Narrator: You throw a rock while Bleiz is focused on the vase.,Narrador: Arrojas una piedra mientras Bleiz mantiene la vista fija en el jarrón.
line:0770f6b,Narrator: The vase shatters before the eyes of the farm kid!,Narrador: ¡El jarrón se hace añicos ante los ojos de la joven granjera!
line:0440e97,Narrator: But you hit Emerson right in the face!,Narrador: ¡Pero golpeas a Emerson justo en la cara!
line:057c735,"Narrator: The magician faints on stage, the show is ruined!",Narrador: ¡El mago se desmaya en el escenario y el espectáculo queda arruinado!
line:0405bd4,"<sprite name=""boldkid""> Bleiz: YAY! MAGIC! AWESOME!","<sprite name=""boldkid""> Bleiz: ¡SÍÍÍ! ¡MAGIA! ¡INCREÍBLE!"
line:07c0206,Narrator: Emerson seems relieved. The kid loved it!,Narrador: Emerson parece aliviado. ¡A la niña le encantó!
line:0013a9d,"<sprite name=""magician""> Emerson: Using real magic is kind of cheating, but thanks anyway.","<sprite name=""magician""> Emerson: Usar magia de verdad es hacer un poco de trampa, pero gracias de todos modos."
line:07c00dd,"<sprite name=""magician""> Emerson: Here, everyone can have a souvenir of this magnificient day!","<sprite name=""magician""> Emerson: ¡Tomen! ¡Todos pueden llevarse un recuerdo de este magnífico día!"
line:0b3939b,"<sprite name=""boldkid""> Bleiz: BOOOOO! LAME! Magic is useless!","<sprite name=""boldkid""> Bleiz: ¡BUUUUU! ¡QUÉ ABURRIDO! ¡La magia no sirve para nada!"
line:0a609b7,"Narrator: Fortunately, Emerson wakes up.","Narrador: Por fortuna, Emerson recupera el conocimiento."
line:07591e6,"<sprite name=""magician""> Emerson: It's a tragedy. I'm sorry, baladin, but this kid won't believe in magic anytime soon...","<sprite name=""magician""> Emerson: Es una tragedia. Lo siento, baladín, pero esta niña no creerá en la magia en mucho tiempo..."
line:0346906,"Narrator: In a desperate move, you wave Onorada's runestaff and it shoots a lightning bolt!","Narrador: En un acto desesperado, agitas el bastón rúnico de Onorada, ¡y este dispara un relámpago!"
line:0a452cd,Narrator: The vase and the staff explode!,Narrador: ¡El jarrón y el bastón explotan!
line:0442ba5,Narrator: You aim your slingshot and hit the vase with a small rock!,Narrador: Apuntas con tu resortera y golpeas el jarrón con una pequeña piedra.
line:01fbaea,Narrator: The target shatters! But so does your slingshot.,Narrador: ¡El objetivo se hace añicos! Pero tu resortera también.
line:027abea,"<sprite name=""ogremage""> Onorada: Merciful gods, why did you have to bring a baladin to my home?","<sprite name=""ogremage""> Onorada: Dioses misericordiosos, ¿por qué tenían que traer a un baladín a mi hogar?"
line:0ffa28a,"<sprite name=""ogremage""> Onorada: A baladin, again.","<sprite name=""ogremage""> Onorada: Otra vez un baladín."
line:0e08e27,"<sprite name=""ogremage""> Onorada: The Spellhold is not a circus.","<sprite name=""ogremage""> Onorada: El Bastión Mágico no es un circo."
line:0d1a565,"<sprite name=""ogremage""> Onorada: So, what is it you're looking for?","<sprite name=""ogremage""> Onorada: Entonces, ¿qué buscas?"
line:0fa96f6,"<sprite name=""ogremage""> Onorada: I should have created a spell to prevent you from coming to the Spellhold.","<sprite name=""ogremage""> Onorada: Debí crear un hechizo para impedir que vinieras al Bastión Mágico."
line:07f0859,"<sprite name=""ogremage""> Onorada: But I guess I'll have to do it the hard way.","<sprite name=""ogremage""> Onorada: Pero supongo que tendré que hacerlo por las malas."
line:0187b70,"<sprite name=""ogremage""> Onorada: A baladin, what a pleasant surprise!","<sprite name=""ogremage""> Onorada: Un baladín, ¡qué agradable sorpresa!"
line:0edc401,"<sprite name=""exclamation""><br><br>Wax cylinders?","<sprite name=""exclamation""><br><br>¿Cilindros de cera?"
line:05a5014,"<sprite name=""talk""><br><br>Talk about...","<sprite name=""talk""><br><br>Hablar sobre..."
line:091324d,"<sprite name=""exclamation""><br><br>The Orb of Light?","<sprite name=""exclamation""><br><br>¿El Orbe de Luz?"
line:0396412,"<sprite name=""exclamation""><br><br>The trials...","<sprite name=""exclamation""><br><br>Las pruebas..."
line:0ea9532,"<sprite name=""exclamation""><br><br>Your new student...","<sprite name=""exclamation""><br><br>Tu nueva estudiante..."
line:08c5cf8,"<sprite name=""exclamation""><br><br>The time loop...","<sprite name=""exclamation""><br><br>El bucle temporal..."
line:04b294a,"<sprite name=""talk""><br><br>Duboc...","<sprite name=""talk""><br><br>Duboc..."
line:0c6ecb6,"<sprite name=""talk""><br><br>Sopheline...","<sprite name=""talk""><br><br>Sopheline..."
line:05147a4,"<sprite name=""talk""><br><br>The Time Talisman?","<sprite name=""talk""><br><br>¿El Talismán Temporal?"
line:03a6c02,"<sprite name=""leave""><br><br>Back","<sprite name=""leave""><br><br>Volver"
line:07af652,"<sprite name=""talk""><br><br>Need help?","<sprite name=""talk""><br><br>¿Necesitas ayuda?"
line:0dc550d,"<sprite name=""talk""><br><br>Where are we?","<sprite name=""talk""><br><br>¿Dónde estamos?"
line:06509be,"<sprite name=""trade""><br><br>Give","<sprite name=""trade""><br><br>Entregar"
line:083a464,"<sprite name=""leave""><br><br>Leave","<sprite name=""leave""><br><br>Salir"
line:028f193,"<sprite name=""ogremage""> Onorada: You entered the most sacred haven of knowledge: the Great Spellhold of Lumensac.","<sprite name=""ogremage""> Onorada: Entraste en el refugio más sagrado del conocimiento: el gran Bastión Mágico de Lumensac."
line:0adde64,"<sprite name=""ogremage""> Onorada: Founded by my ancestor, Sabentine Know-it-all, it's the most fortified place in Gatherac.","<sprite name=""ogremage""> Onorada: Fundado por mi antepasada, Sabentine Sabelotodo, es el lugar más fortificado de Gatherac."
line:0e17060,"<sprite name=""ogremage""> Onorada: Here you can find the greatest library in the world where we write down all the magical and scientific discoveries we make.","<sprite name=""ogremage""> Onorada: Aquí encontrarás la biblioteca más grande del mundo, donde registramos todos nuestros descubrimientos mágicos y científicos."
line:0a00efc,"<sprite name=""ogremage""> Onorada: Speak.","<sprite name=""ogremage""> Onorada: Habla."
line:01d9981,"<sprite name=""exclamation""><br><br>About Duboc...","<sprite name=""exclamation""><br><br>Sobre Duboc..."
line:07c039a,"<sprite name=""exclamation""><br><br>The time loop...","<sprite name=""exclamation""><br><br>El bucle temporal..."
line:0afb15d,"Narrator: You ask Onorada to leave Duboc alone, that he wishes to remain a janitor.","Narrador: Le pides a Onorada que deje en paz a Duboc, pues él desea seguir siendo conserje."
line:0b28ddb,"<sprite name=""ogremage""> Onorada: Duboc? Is this a conspiracy?","<sprite name=""ogremage""> Onorada: ¿Duboc? ¿Acaso esto es una conspiración?"
line:0a732e6,"<sprite name=""ogremage""> Onorada: He does work well as a janitor, that's true.","<sprite name=""ogremage""> Onorada: Es cierto que hace un buen trabajo como conserje."
line:0b233a3,"<sprite name=""ogremage""> Onorada: I guess I can trust your judgement, baladin.","<sprite name=""ogremage""> Onorada: Supongo que puedo confiar en tu criterio, baladín."
line:049cbe7,"<sprite name=""ogremage""> Onorada: Maybe not everyone is meant to become a mage. Even the gifted ones.","<sprite name=""ogremage""> Onorada: Quizá no todo el mundo esté destinado a convertirse en mago, ni siquiera quienes poseen talento."
line:03331e8,"<sprite name=""ogremage""> Onorada: But can you imagine the good he could do to the world if he used his gift?","<sprite name=""ogremage""> Onorada: Pero ¿imaginas todo el bien que podría hacerle al mundo si aprovechara su don?"
line:0ba1069,"<sprite name=""ogremage""> Onorada: Prove that you're worth listening to, baladin, and perhaps I shall reconsider.","<sprite name=""ogremage""> Onorada: Demuestra que vale la pena escucharte, baladín, y quizá lo reconsidere."
line:0951524,"<sprite name=""ogremage""> Onorada: But for the time being, Duboc's education will remain a personal project of mine.","<sprite name=""ogremage""> Onorada: Pero, por ahora, la educación de Duboc seguirá siendo un proyecto personal mío."
line:054943c,Narrator: You explain the situation to Onorada.,Narrador: Le explicas la situación a Onorada.
line:0bc7ea1,"<sprite name=""ogremage""> Onorada: I see you wear the Time Travellers stickers!","<sprite name=""ogremage""> Onorada: ¡Veo que llevas las insignias de los Viajeros del Tiempo!"
line:0b173fc,"<sprite name=""ogremage""> Onorada: Time loops are no laughing matter, but there's... literature about them.","<sprite name=""ogremage""> Onorada: Los bucles temporales no son cosa de risa, pero existe... literatura al respecto."
line:049f9ee,Narrator: She disappears for a moment through a door and comes back with her arms full of books. She starts browsing.,Narrador: Desaparece por una puerta y regresa poco después con los brazos llenos de libros. Entonces comienza a hojearlos.
line:0a3354a,"<sprite name=""ogremage""> Onorada: Let me see... Ha! Right here!","<sprite name=""ogremage""> Onorada: Veamos... ¡Ajá! ¡Aquí está!"
line:0e38d3a,"<sprite name=""ogremage""> Onorada: Yes! Clever! I can craft a talisman with an object ""full of will to persevere in its own state""...","<sprite name=""ogremage""> Onorada: ¡Sí! ¡Ingenioso! Puedo fabricar un talismán con un objeto «lleno de voluntad para perseverar en su propio estado»..."
line:07f4d3a,"<sprite name=""ogremage""> Onorada: Or ""a symbol of potential future""...","<sprite name=""ogremage""> Onorada: O con «un símbolo de un futuro potencial»..."
line:0be08c4,"<sprite name=""ogremage""> Onorada: I need a symbol of stillness, weight or potential future...","<sprite name=""ogremage""> Onorada: Necesito un símbolo de quietud, peso o futuro potencial..."
line:0e53f9c,"<sprite name=""ogremage""> Onorada: Bring me one of those things and I'll see what I can do!","<sprite name=""ogremage""> Onorada: Tráeme algo que cumpla una de esas condiciones y veré qué puedo hacer."
line:02e9834,"<sprite name=""ogremage""> Onorada: Try to convince the farm kid to come to the Spellhold. She will be a great mage one day!","<sprite name=""ogremage""> Onorada: Intenta convencer a la joven de la granja para que venga al Bastión Mágico. ¡Algún día será una gran maga!"
line:0a59865,"<sprite name=""ogremage""> Onorada: Hum, someone more mobile than me might be helpful.","<sprite name=""ogremage""> Onorada: Hum, quizá me vendría bien alguien con más movilidad que yo."
line:0ad2694,"<sprite name=""ogremage""> Onorada: You see, I'm quite busy at the moment, and I have to visit the farm.","<sprite name=""ogremage""> Onorada: Verás, estoy muy ocupada en este momento y necesito visitar la granja."
line:0822511,"<sprite name=""ogremage""> Onorada: The kid who lives there, she has... Potential. Great potential.","<sprite name=""ogremage""> Onorada: La joven que vive allí tiene... potencial. Un enorme potencial."
line:0fc1919,"<sprite name=""ogremage""> Onorada: I'd like her to come to the Spellhold so I could teach her magic, but she keeps on refusing.","<sprite name=""ogremage""> Onorada: Quiero que venga al Bastión Mágico para enseñarle magia, pero no deja de negarse."
line:07d21e1,"<sprite name=""ogremage""> Onorada: Maybe you can be more convincing?","<sprite name=""ogremage""> Onorada: ¿Quizá tú puedas convencerla?"
line:01e6323,"<sprite name=""ogremage""> Onorada: Oh, yes! Bleiz and Duboc are already practicing basic spells together!","<sprite name=""ogremage""> Onorada: ¡Ah, sí! ¡Bleiz y Duboc ya están practicando juntos algunos hechizos básicos!"
line:055c6a1,"<sprite name=""ogremage""> Onorada: I think it's the start of a lifelong friendship!","<sprite name=""ogremage""> Onorada: ¡Creo que este es el comienzo de una amistad para toda la vida!"
line:030d8bb,"<sprite name=""ogremage""> Onorada: But don't send me more students, I need to focus on teaching these two properly.","<sprite name=""ogremage""> Onorada: Pero no me envíes más estudiantes. Necesito concentrarme en enseñarles correctamente a estos dos."
line:024e58f,"<sprite name=""ogremage""> Onorada: Here, they told me to give you this!","<sprite name=""ogremage""> Onorada: Toma, me pidieron que te entregara esto."
line:016f71e,"<sprite name=""ogremage""> Onorada: Oh, yes! Bleiz is here and already started practicing!","<sprite name=""ogremage""> Onorada: ¡Ah, sí! Bleiz está aquí y ya comenzó a practicar."
line:02fef36,"<sprite name=""ogremage""> Onorada: Thank you for bringing her to me. I appreciate it. The world will be a better place with a mage like her.","<sprite name=""ogremage""> Onorada: Gracias por traerla. Te lo agradezco. El mundo será un lugar mejor con una maga como ella."
line:07d1823,"<sprite name=""ogremage""> Onorada: Here, she told me to give you this.","<sprite name=""ogremage""> Onorada: Toma, me pidió que te entregara esto."
line:0c7b381,"<sprite name=""ogremage""> Onorada: Oh, yes! Duboc has finally come to his senses and started practicing instead of cleaning the floor!","<sprite name=""ogremage""> Onorada: ¡Ah, sí! ¡Duboc por fin entró en razón y comenzó a practicar en lugar de limpiar el suelo!"
line:052f8a5,"<sprite name=""ogremage""> Onorada: His potential will be better used with magic. The world will be a better place soon.","<sprite name=""ogremage""> Onorada: Su potencial será mucho más útil aplicado a la magia. El mundo pronto será un lugar mejor."
line:00443d1,"<sprite name=""ogremage""> Onorada: Here, he told me to give you this.","<sprite name=""ogremage""> Onorada: Toma, me pidió que te entregara esto."
line:0283990,"<sprite name=""ogremage""> Onorada: You brought back my daughter, baladin. Thank you.","<sprite name=""ogremage""> Onorada: Me devolviste a mi hija, baladín. Gracias."
line:01f0b9a,"<sprite name=""ogremage""> Onorada: Now, leave us alone. We have things to discuss.","<sprite name=""ogremage""> Onorada: Ahora déjanos a solas. Tenemos asuntos que discutir."
line:0f9a75e,"<sprite name=""ogremage""> Onorada: You've proven yourself worthy of my trust, baladins. Don't make me regret it!","<sprite name=""ogremage""> Onorada: Se han ganado mi confianza, baladines. ¡No hagan que me arrepienta!"
line:099deea,"<sprite name=""ogremage""> Onorada: At least now, I'm at peace with the fact that my daughter left to become a musician.","<sprite name=""ogremage""> Onorada: Al menos ahora estoy en paz con el hecho de que mi hija se marchara para convertirse en música."
line:01578ba,"<sprite name=""ogremage""> Onorada: What about her? She left my institution to join your band of buffoons.","<sprite name=""ogremage""> Onorada: ¿Qué pasa con ella? Abandonó mi institución para unirse a su banda de bufones."
line:0ef6a23,"<sprite name=""ogremage""> Onorada: How could you be of any help? Will you bring her back to me?","<sprite name=""ogremage""> Onorada: ¿Cómo podrías ayudar? ¿Vas a traerla de regreso?"
line:0475fe7,"<sprite name=""ogremage""> Onorada: I doubt it.","<sprite name=""ogremage""> Onorada: Lo dudo."
line:0679c10,"<sprite name=""ogremage""> Onorada: Now leave me. I have books that require my attention.","<sprite name=""ogremage""> Onorada: Ahora vete. Tengo libros que requieren mi atención."
line:05d07d3,"<sprite name=""ogremage""> Onorada: Bring me back my daughter or don't even mention her name in front of me!","<sprite name=""ogremage""> Onorada: ¡Tráeme de vuelta a mi hija o ni siquiera menciones su nombre frente a mí!"
line:00bb122,"<sprite name=""ogremage""> Onorada: Yes, you know my daughter, she's one of yours.","<sprite name=""ogremage""> Onorada: Sí, conoces a mi hija. Forma parte de tu grupo."
line:0c59ba0,"<sprite name=""ogremage""> Onorada: You might not be as bad as I thought in the first place, but I still want her to come back!","<sprite name=""ogremage""> Onorada: Puede que no seas tan terrible como creí al principio, ¡pero aun así quiero que regrese!"
line:043b1f7,"<sprite name=""ogremage""> Onorada: She's meant to stay here and study with me!","<sprite name=""ogremage""> Onorada: ¡Su destino es quedarse aquí y estudiar conmigo!"
line:07f4630,"<sprite name=""ogremage""> Onorada: Unless... you prove yourself worthy of my respect, by fulfilling the three trials of the Spellhold!","<sprite name=""ogremage""> Onorada: A menos que... demuestres que mereces mi respeto superando las tres pruebas del Bastión Mágico."
line:08a5103,"<sprite name=""ogremage""> Onorada: Prove yourself worthy and you can talk to me about my daughter again!","<sprite name=""ogremage""> Onorada: ¡Demuestra tu valía y podrás volver a hablarme de mi hija!"
line:03bd7fb,Narrator: The thunder strikes in the distance!,Narrador: ¡Un trueno retumba a lo lejos!
line:0f2e867,"<sprite name=""ogremage""> Onorada: Are you ready, baladin?","<sprite name=""ogremage""> Onorada: ¿Estás listo, baladín?"
line:09b746f,"<sprite name=""ogremage""> Onorada: I know that you, baladins, are creative and have a logical mind.","<sprite name=""ogremage""> Onorada: Sé que ustedes, los baladines, son creativos y poseen una mente lógica."
line:07fea81,"<sprite name=""ogremage""> Onorada: But how much do you know about the world?","<sprite name=""ogremage""> Onorada: Pero ¿cuánto saben realmente del mundo?"
line:0356bf9,"<sprite name=""ogremage""> Onorada: Baladins indeed have creative minds.","<sprite name=""ogremage""> Onorada: No hay duda de que los baladines poseen mentes creativas."
line:088cfc3,"<sprite name=""ogremage""> Onorada: But are they also logical?","<sprite name=""ogremage""> Onorada: Pero ¿también son lógicos?"
line:05c6d01,"<sprite name=""ogremage""> Onorada: For the first trial, you must create... a flower!","<sprite name=""ogremage""> Onorada: Para la primera prueba debes crear... ¡una flor!"
line:018f32b,"<sprite name=""creation"">{0}<br><br>Try to create a flower","<sprite name=""creation"">{0}<br><br>Intentar crear una flor"
line:00e4c59,"Narrator: You do your best to craft a flower with fabric, needles, paint and creativity.","Narrador: Haces todo lo posible por fabricar una flor con tela, agujas, pintura y creatividad."
line:0a3194a,"<sprite name=""ogremage""> Onorada: Impressive. A goat might want to eat this!","<sprite name=""ogremage""> Onorada: Impresionante. ¡Hasta una cabra querría comérsela!"
line:06525ed,"<sprite name=""ogremage""> Onorada: But think about all the work you did for this bland copy of nature.","<sprite name=""ogremage""> Onorada: Pero piensa en todo el esfuerzo que invertiste en esta insípida copia de la naturaleza."
line:0d77c18,"<sprite name=""ogremage""> Onorada: Behold the true power of creation!","<sprite name=""ogremage""> Onorada: ¡Contempla el verdadero poder de la creación!"
line:0e9c07a,Narrator: She waves her hand in the air and a flower grows between the stones of the floor.,Narrador: Agita una mano en el aire y una flor brota entre las piedras del suelo.
line:0f70148,"<sprite name=""exclamation""><br><br>Give up","<sprite name=""exclamation""><br><br>Rendirse"
line:09ef179,"<sprite name=""ogremage""> Onorada: Are you ready for the second trial? The trial of finesse!","<sprite name=""ogremage""> Onorada: ¿Estás listo para la segunda prueba? ¡La prueba de destreza!"
line:0bcfb15,"<sprite name=""ogremage""> Onorada: Two hedgehogs are freezing. If they get closer, they get warmer, but they can hurt each other with their spikes!","<sprite name=""ogremage""> Onorada: Dos erizos se están congelando. Si se acercan, entrarán en calor, ¡pero podrían lastimarse con sus púas!"
line:0db95ea,"<sprite name=""ogremage""> Onorada: What should they do?","<sprite name=""ogremage""> Onorada: ¿Qué deberían hacer?"
line:0e43a8d,"<sprite name=""finesse"">{0}<br><br>Try to answer the dilemma","<sprite name=""finesse"">{0}<br><br>Intentar resolver el dilema"
line:0659920,"Narrator: After a brief consideration, you answer that the hedgehogs should build a fire!","Narrador: Tras pensarlo brevemente, respondes que los erizos deberían encender una fogata."
line:0b6e518,"<sprite name=""ogremage""> Onorada: A very pragmatic answer.","<sprite name=""ogremage""> Onorada: Una respuesta muy pragmática."
line:07dcd25,"<sprite name=""ogremage""> Onorada: And magic is also about being pragmatic and thinking out of the box!","<sprite name=""ogremage""> Onorada: ¡La magia también consiste en ser pragmático y pensar de forma original!"
line:059c1f4,Narrator: You start to mumble something about finding the right balance between cold and pain...,Narrador: Comienzas a murmurar algo sobre encontrar el equilibrio adecuado entre el frío y el dolor...
line:04ebb8d,Narrator: And maybe they could cut the pointy end of their spikes?,Narrador: ¿Y quizá podrían cortar las puntas afiladas de sus púas?
line:04594cf,"<sprite name=""ogremage""> Onorada: So it's only through pain, sacrifice and mutilation that we manage to live together?","<sprite name=""ogremage""> Onorada: Entonces, ¿solo mediante el dolor, el sacrificio y la mutilación podemos convivir?"
line:0d5b703,"<sprite name=""exclamation""><br><br>Give up","<sprite name=""exclamation""><br><br>Rendirse"
line:067a927,"<sprite name=""ogremage""> Onorada: Are you ready for the third and last trial? The trial of knowledge!","<sprite name=""ogremage""> Onorada: ¿Estás listo para la tercera y última prueba? ¡La prueba del conocimiento!"
line:02ef8ff,"<sprite name=""ogremage""> Onorada: Can you tell me the names of all the stars, rocks and plants we can see in Gatherac?","<sprite name=""ogremage""> Onorada: ¿Puedes decirme los nombres de todas las estrellas, rocas y plantas que vemos en Gatherac?"
line:00e66b9,"<sprite name=""knowledge"">{0}<br><br> Answer the question","<sprite name=""knowledge"">{0}<br><br>Responder la pregunta"
line:0c93cab,"Narrator: You leave the room and go to the library to fetch books about astronomy, geology and botanics.","Narrador: Sales de la habitación y vas a la biblioteca en busca de libros de astronomía, geología y botánica."
line:0c7ddbb,"<sprite name=""ogremage""> Onorada: It's better to know where to find knowledge than to know things without understanding them.","<sprite name=""ogremage""> Onorada: Es mejor saber dónde encontrar el conocimiento que memorizar cosas sin comprenderlas."
line:00b45fc,Narrator: You start naming all the things you know...,Narrador: Comienzas a nombrar todo lo que conoces...
line:06a5396,"<sprite name=""ogremage""> Onorada: I think you're missing something...","<sprite name=""ogremage""> Onorada: Creo que olvidaste algo..."
line:039662c,"<sprite name=""exclamation""><br><br>Give up","<sprite name=""exclamation""><br><br>Rendirse"
line:0486d51,"<sprite name=""ogremage""> Onorada: I have to admit, baladin, I'm impressed.","<sprite name=""ogremage""> Onorada: Debo admitirlo, baladín: estoy impresionada."
line:01720a9,"<sprite name=""ogremage""> Onorada: Not only you are more cunning than I expected, but your teamwork is... inspiring!","<sprite name=""ogremage""> Onorada: No solo eres más astuto de lo que esperaba, sino que su trabajo en equipo es... inspirador."
line:0115b69,"<sprite name=""ogremage""> Onorada: If Sopheline found teammates like you, maybe she doesn't need to become an exceptional being?","<sprite name=""ogremage""> Onorada: Si Sopheline encontró compañeros como ustedes, quizá no necesite convertirse en un ser excepcional."
line:08b1db4,"<sprite name=""ogremage""> Onorada: I'll have to meditate about this matter. In the meantime, here baladin, you've well deserved this!","<sprite name=""ogremage""> Onorada: Tendré que meditar sobre este asunto. Mientras tanto, toma, baladín. ¡Te lo ganaste!"
line:023ccce,"<sprite name=""ogremage""> Onorada: I should have known. You are not worthy and my daughter is lost to the filth of entertainment.","<sprite name=""ogremage""> Onorada: Debí imaginarlo. No eres digno y mi hija está perdida en la inmundicia del entretenimiento."
line:03fb215,"<sprite name=""ogremage""> Onorada: This doesn't look like a good subject to study. Clear the way.","<sprite name=""ogremage""> Onorada: Esto no parece un buen sujeto de estudio. Hazte a un lado."
line:0cf9fdf,"<sprite name=""ogremage""> Onorada: By the stars! Is that a way to treat someone?!","<sprite name=""ogremage""> Onorada: ¡Por las estrellas! ¿¡Así se trata a alguien!?"
line:0d1ed82,"<sprite name=""ogremage""> Onorada: I mean... At least you brought her back to me.","<sprite name=""ogremage""> Onorada: Quiero decir... Al menos me la trajiste de vuelta."
line:097d7e3,"<sprite name=""ogremage""> Onorada: We'll have a serious conversation, young lady.","<sprite name=""ogremage""> Onorada: Tendremos una conversación muy seria, jovencita."
line:03d8a17,"<sprite name=""ogremage""> Onorada: Here, take this, she won't need it anymore. Time for her to go back to school.","<sprite name=""ogremage""> Onorada: Toma esto. Ya no lo necesitará; es hora de que vuelva a estudiar."
line:0bb51bd,"<sprite name=""ogremage""> Onorada: Oh yes! This is definitely something that doesn't want to budge.","<sprite name=""ogremage""> Onorada: ¡Ah, sí! Sin duda esto es algo que se niega a moverse."
line:0d76a54,"<sprite name=""ogremage""> Onorada: Of course! Something can grow from this! It's full of potential!","<sprite name=""ogremage""> Onorada: ¡Por supuesto! ¡Algo puede crecer de aquí! ¡Está lleno de potencial!"
line:04ee5fc,"<sprite name=""ogremage""> Onorada: I'll be right back!","<sprite name=""ogremage""> Onorada: ¡Regresaré enseguida!"
line:02bb83f,"Narrator: Once again, the mage disappears behind a door.","Narrador: Una vez más, la maga desaparece tras una puerta."
line:0f868db,Narrator: Onorada didn't tell you that you would have to wait all night.,Narrador: Onorada no te advirtió que tendrías que esperar toda la noche.
line:0a86e6e,"Narrator: The next morning, she finally returns.","Narrador: A la mañana siguiente, finalmente regresa."
line:0aaa0fa,"<sprite name=""ogremage""> Onorada: There you are! I guarantee you this will work!","<sprite name=""ogremage""> Onorada: ¡Aquí tienes! ¡Te garantizo que funcionará!"
line:08171e8,"<sprite name=""ogremage""> Onorada: Good luck on your quest, time-traveller!","<sprite name=""ogremage""> Onorada: ¡Buena suerte en tu misión, viajero del tiempo!"
line:03f31e3,"<sprite name=""ogremage""> Onorada: A magic orb producing light? Yeah it's, like, a first year assignment we give.","<sprite name=""ogremage""> Onorada: ¿Un orbe mágico que produce luz? Sí, es como un ejercicio de primer año."
line:07bee48,"<sprite name=""ogremage""> Onorada: But I've more important things to deal with. Ask Duboc the janitor. He will know.","<sprite name=""ogremage""> Onorada: Pero tengo asuntos más importantes que atender. Pregúntale a Duboc, el conserje. Él sabrá algo."
line:0269224,"<sprite name=""ogremage""> Onorada: She wrote me a letter! Finally! After all this time!","<sprite name=""ogremage""> Onorada: ¡Me escribió una carta! ¡Por fin! ¡Después de tanto tiempo!"
line:0a3b74f,"<sprite name=""ogremage""> Onorada: Her words were... Harsh. But sincere, I can feel it.","<sprite name=""ogremage""> Onorada: Sus palabras fueron... duras. Pero sinceras, puedo sentirlo."
line:0751e0f,"<sprite name=""ogremage""> Onorada: I understand now. It's hard to admit, but I've been neglecting my family. It is true.","<sprite name=""ogremage""> Onorada: Ahora lo comprendo. Cuesta admitirlo, pero he descuidado a mi familia. Es cierto."
line:0586fa3,"<sprite name=""ogremage""> Onorada: All this work, all this research... I have to slow down for a bit... I'll take time to write back a letter.","<sprite name=""ogremage""> Onorada: Todo este trabajo, toda esta investigación... Tengo que bajar el ritmo... Me tomaré un tiempo para responderle."
line:02e5a84,"<sprite name=""ogremage""> Onorada: Here, take this. I have to focus on what's important right now, I don't want this pet project to distract me.","<sprite name=""ogremage""> Onorada: Toma esto. Ahora debo concentrarme en lo importante y no quiero que este proyecto personal me distraiga."
line:0b0cb0f,"<sprite name=""ogremage""> Onorada: Well... A weird doctor came here, and talked to me about the new method he had invented.","<sprite name=""ogremage""> Onorada: Bueno... Un médico extraño vino y me habló del nuevo método que había inventado."
line:04bd670,"<sprite name=""ogremage""> Onorada: Of course, I was curious, so we talked about it, one thing led to another, and I talked about Sopheline.","<sprite name=""ogremage""> Onorada: Naturalmente sentí curiosidad, así que conversamos. Una cosa llevó a la otra y terminé hablando de Sopheline."
line:05e6b07,"<sprite name=""ogremage""> Onorada: And... I talked, and talked, and couldn't stop talking! And then I cried and I cried!","<sprite name=""ogremage""> Onorada: Y... hablé y hablé, ¡y no podía detenerme! ¡Luego lloré y lloré!"
line:03c9041,"<sprite name=""ogremage""> Onorada: This new method is quite something. It has freed my heart from its burden.","<sprite name=""ogremage""> Onorada: Este nuevo método es extraordinario. Liberó a mi corazón de su carga."
line:0e86ca5,"<sprite name=""ogremage""> Onorada: I went to see Sopheline in Mouliac and we had a conversation. Things got a bit better.","<sprite name=""ogremage""> Onorada: Fui a ver a Sopheline en Mouliac y conversamos. Las cosas mejoraron un poco."
line:0266215,"Narrator: And as Onorada gets back to work, she drops something on the floor.","Narrador: Cuando Onorada vuelve al trabajo, algo se le cae al suelo."
line:069847e,"<sprite name=""ogremage""> Onorada: Things are better between me and my daughter now.","<sprite name=""ogremage""> Onorada: Ahora las cosas están mejor entre mi hija y yo."
line:0cb4174,"<sprite name=""ogremage""> Onorada: But I don't want to discuss it further. I need to... Take my time.","<sprite name=""ogremage""> Onorada: Pero no quiero seguir hablando del tema. Necesito... tomarme mi tiempo."
line:0eb181e,"<sprite name=""ogremage""> Onorada: Indeed, we keep a lot of records in the Spellhold, but mainly about magical and scientific discoveries.","<sprite name=""ogremage""> Onorada: En efecto, guardamos muchos registros en el Bastión Mágico, aunque principalmente sobre descubrimientos mágicos y científicos."
line:073a60b,"<sprite name=""ogremage""> Onorada: If a baladin has ever discovered and recorded anything significant in the last thousand years, it's surely here!","<sprite name=""ogremage""> Onorada: Si algún baladín descubrió y registró algo importante durante los últimos mil años, ¡seguro que está aquí!"
line:0247736,"<sprite name=""ogremage""> Onorada: Let's see...","<sprite name=""ogremage""> Onorada: Veamos..."
line:0b10364,"<sprite name=""ogremage""> Onorada: Hum. As expected. Nothing.","<sprite name=""ogremage""> Onorada: Hum. Como esperaba, nada."
line:058f473,"<sprite name=""ogremage""> Onorada: Baladin, I couldn't find any recordings from your guild.","<sprite name=""ogremage""> Onorada: Baladín, no encontré ningún registro de tu gremio."
line:0942b8d,"<sprite name=""ogremage""> Onorada: Songs and jokes are not our specialty here, I'm afraid.","<sprite name=""ogremage""> Onorada: Me temo que las canciones y los chistes no son nuestra especialidad."
line:0277694,"<sprite name=""sealutin1""> Coshwa: Who are you? Who led you here?","<sprite name=""sealutin1""> Coshwa: ¿Quién eres? ¿Quién te condujo hasta aquí?"
line:060027f,"<sprite name=""sealutin1""> Coshwa: Time is running out!","<sprite name=""sealutin1""> Coshwa: ¡Se nos acaba el tiempo!"
line:08cccdf,"<sprite name=""sealutin1""> Coshwa: We're doomed...","<sprite name=""sealutin1""> Coshwa: Estamos perdidos..."
line:001790b,"<sprite name=""sealutin1""> Coshwa: There are terrible things happening here, we don't want to be bothered!","<sprite name=""sealutin1""> Coshwa: ¡Aquí están ocurriendo cosas terribles y no queremos que nos molesten!"
line:0e21607,"<sprite name=""sealutin1""> Coshwa: Out! Now!","<sprite name=""sealutin1""> Coshwa: ¡Fuera! ¡Ahora!"
line:0a42cd9,"<sprite name=""sealutin1""> Coshwa: Oh, you're here!","<sprite name=""sealutin1""> Coshwa: ¡Ah, estás aquí!"
line:00cf410,"<sprite name=""exclamation""><br><br>We warned the people...","<sprite name=""exclamation""><br><br>Advertimos a la gente..."
line:0aa337d,"<sprite name=""exclamation""><br><br>About the cave...","<sprite name=""exclamation""><br><br>Sobre la cueva..."
line:0cdc2d1,"<sprite name=""talk""><br><br>Need help?","<sprite name=""talk""><br><br>¿Necesitas ayuda?"
line:059d6c4,"<sprite name=""talk""><br><br>What is this place?","<sprite name=""talk""><br><br>¿Qué es este lugar?"
line:04e0647,"<sprite name=""trade""><br><br>Give","<sprite name=""trade""><br><br>Dar"
line:04fb67f,"<sprite name=""leave""><br><br>Leave","<sprite name=""leave""><br><br>Irse"
line:0466e9d,"<sprite name=""sealutin1""> Coshwa: We are below the Spellhold. The mages didn't notice they were building on a hollow rock!","<sprite name=""sealutin1""> Coshwa: Estamos debajo del Bastión Mágico. ¡Los magos no se dieron cuenta de que construían sobre una roca hueca!"
line:097d34d,"<sprite name=""sealutin1""> Coshwa: Centuries have passed, the sea has slowly eaten the rock, and now the ceiling threatens to collapse anytime...","<sprite name=""sealutin1""> Coshwa: Han pasado siglos, el mar ha erosionado la roca poco a poco y ahora el techo podría derrumbarse en cualquier momento..."
line:0fad256,"<sprite name=""sealutin1""> Coshwa: Taking the Spellhold into the depths.","<sprite name=""sealutin1""> Coshwa: Y arrastrar al Bastión Mágico a las profundidades."
line:09e15ec,"<sprite name=""sealutin1""> Coshwa: Of course we need help! We've been crying for help for years now!","<sprite name=""sealutin1""> Coshwa: ¡Claro que necesitamos ayuda! ¡Llevamos años pidiéndola a gritos!"
line:0a15328,"<sprite name=""sealutin1""> Coshwa: We light fires every night on the beach to draw attention, but no one will hear us!","<sprite name=""sealutin1""> Coshwa: Encendemos hogueras en la playa todas las noches para llamar la atención, ¡pero nadie nos escucha!"
line:0dfe09f,"<sprite name=""sealutin1""> Coshwa: See this cave? It's right under the Spellhold and the sea keeps eroding the rock!","<sprite name=""sealutin1""> Coshwa: ¿Ves esta cueva? ¡Está justo debajo del Bastión Mágico y el mar no deja de erosionar la roca!"
line:08d960f,"<sprite name=""sealutin1""> Coshwa: It's a matter of weeks now before it all collapses, and the Spellhold with it!","<sprite name=""sealutin1""> Coshwa: ¡En cuestión de semanas todo se derrumbará, incluido el Bastión Mágico!"
line:031dd61,"<sprite name=""sealutin1""> Coshwa: And the people of Lumensac and Mornoz won't listen to us... Now they say we're criminals!","<sprite name=""sealutin1""> Coshwa: Y la gente de Lumensac y Mornoz no quiere escucharnos... ¡Ahora dicen que somos criminales!"
line:0b7c91c,"<sprite name=""sealutin1""> Coshwa: But... Maybe we could put your skill to good use...","<sprite name=""sealutin1""> Coshwa: Pero... quizá podríamos darle un buen uso a tus habilidades..."
line:0a48877,"<sprite name=""sealutin1""> Coshwa: The cave is still at great risk! It will collapse soon and many people will DIE HORRIBLY!","<sprite name=""sealutin1""> Coshwa: ¡La cueva sigue en grave peligro! ¡Pronto se derrumbará y mucha gente MORIRÁ DE FORMA HORRIBLE!"
line:095f941,"<sprite name=""sealutin1""> Coshwa: Try to find a way to raise awareness of the people! We need help to avoid disaster!","<sprite name=""sealutin1""> Coshwa: ¡Busca una forma de concientizar a la gente! ¡Necesitamos ayuda para evitar el desastre!"
line:0e4f795,"<sprite name=""sealutin1""> Coshwa: Nothing new. Except this weird nuton who hasn't said a darn word since they arrived.","<sprite name=""sealutin1""> Coshwa: Nada nuevo. Salvo este extraño nuton, que no ha dicho ni una palabra desde que llegó."
line:0e5f541,"<sprite name=""sealutin1""> Coshwa: To be honest, it's not looking go-","<sprite name=""sealutin1""> Coshwa: Para ser sincero, la cosa no pinta na-"
line:01c37dc,"Narrator: Jetin rises on their feet, and leaves the cave.",Narrador: Jetin se pone de pie y sale de la cueva.
line:09369d0,"Narrator: They come back minutes later with rocks and boulders, which they throw into the cave!","Narrador: ¡Regresa minutos después con rocas y peñascos, y comienza a arrojarlos dentro de la cueva!"
line:06e2a7b,"<sprite name=""sealutin1""> Coshwa: Wow! Ok! We're leaving!","<sprite name=""sealutin1""> Coshwa: ¡Vaya! ¡Está bien! ¡Nos vamos!"
line:086d107,"Narrator: After half a day of work, Jetin has managed to fill the entire cave with rocks.","Narrador: Tras medio día de trabajo, Jetin logra llenar toda la cueva con rocas."
line:03bf0e7,"<sprite name=""jetin""> Jetin: There! There's nothing a good rock can't fix!","<sprite name=""jetin""> Jetin: ¡Listo! ¡No hay nada que una buena roca no pueda arreglar!"
line:0369024,"<sprite name=""jetin""> Jetin: Here! To thank you. It's not often that I get to help the community with my... ability.","<sprite name=""jetin""> Jetin: ¡Toma! Para agradecerte. No suelo tener la oportunidad de ayudar a la comunidad con mi... habilidad."
line:065f84b,"<sprite name=""sealutin1""> Coshwa: People from both Mornoz and Lumensac finally found our cave!","<sprite name=""sealutin1""> Coshwa: ¡La gente de Mornoz y Lumensac por fin encontró nuestra cueva!"
line:01e9bb1,"<sprite name=""sealutin1""> Coshwa: And... a weird competition started.","<sprite name=""sealutin1""> Coshwa: Y... comenzó una competencia bastante extraña."
line:0466bd3,"<sprite name=""fisher""> Soazig: You'll see! Once we fix the columns, our Spellhold will be out of danger!","<sprite name=""fisher""> Soazig: ¡Ya verás! ¡Cuando reparemos las columnas, nuestro Bastión Mágico estará fuera de peligro!"
line:0e3cf68,"<sprite name=""cheesemonger""> Claude: You mean when lumensacians strengthen the ceiling, OUR Spellhold will be out of danger!","<sprite name=""cheesemonger""> Claude: Querrás decir que cuando los lumensacianos reforcemos el techo, ¡NUESTRO Bastión Mágico estará fuera de peligro!"
line:00a5117,"<sprite name=""sealutin1""> Coshwa: They're making progress. Maybe this cave is not the only thing they'll fix...","<sprite name=""sealutin1""> Coshwa: Están progresando. Quizá esta cueva no sea lo único que terminen arreglando..."
line:0ac994c,"Narrator: As Claude and Soazig are arguing, you can't help but notice the tools they've dropped on the floor.","Narrador: Mientras Claude y Soazig discuten, no puedes evitar fijarte en las herramientas que dejaron en el suelo."
line:092c5af,"Narrator: At the end of the day, the cave looks in better shape. The Spellhold is safe!","Narrador: Al final del día, la cueva se encuentra en mucho mejor estado. ¡El Bastión Mágico está a salvo!"
line:0b3c802,"<sprite name=""cheesemonger""> Claude: I have to admit, you mornozhons work hard!","<sprite name=""cheesemonger""> Claude: Debo admitirlo, ¡los mornozhones trabajan duro!"
line:0294cde,"<sprite name=""fisher""> Soazig: Indeed! But you lumensacians sure know how to build!","<sprite name=""fisher""> Soazig: ¡Así es! ¡Pero ustedes, los lumensacianos, sí que saben construir!"
line:09921d7,"<sprite name=""cheesemonger""> Claude: Will you be at the Peace Festival this year? It was our turn to go this year but...","<sprite name=""cheesemonger""> Claude: ¿Asistirán al Festival de la Paz este año? Era nuestro turno de ir, pero..."
line:0bfb0f8,"<sprite name=""cheesemonger""> Claude: By Textia! The more the merrier!","<sprite name=""cheesemonger""> Claude: ¡Por Textia! ¡Cuantos más seamos, mejor!"
line:03ba7e1,"<sprite name=""fisher""> Soazig: Oh! Sure! If we can manage not to kill each other while working, partying together should be alright.","<sprite name=""fisher""> Soazig: ¡Claro! Si logramos no matarnos mientras trabajamos, no deberíamos tener problemas para festejar juntos."
line:05c0570,"Narrator: And for the first time in decades, people from Mornoz and Lumensac will be attending the Peace Festival in the same year.","Narrador: Por primera vez en décadas, la gente de Mornoz y Lumensac asistirá al Festival de la Paz el mismo año."
line:046f446,"<sprite name=""sealutin1""> Coshwa: People from Lumensac finally found our cave!","<sprite name=""sealutin1""> Coshwa: ¡La gente de Lumensac por fin encontró nuestra cueva!"
line:0350aa2,"<sprite name=""cheesemonger""> Claude: Baladin! Have you heard that the Spellhold is in danger!","<sprite name=""cheesemonger""> Claude: ¡Baladín! ¿Te enteraste de que el Bastión Mágico está en peligro?"
line:06d2e90,"<sprite name=""cheesemonger""> Claude: Hopefully, we're working on strengthening the ceiling.","<sprite name=""cheesemonger""> Claude: Por suerte, estamos trabajando para reforzar el techo."
line:0353e14,"<sprite name=""cheesemonger""> Claude: Don't worry! We lumensacians are strong and efficient! It will be fixed in no time!","<sprite name=""cheesemonger""> Claude: ¡No te preocupes! ¡Los lumensacianos somos fuertes y eficientes! ¡Lo arreglaremos enseguida!"
line:0799951,"<sprite name=""sealutin1""> Coshwa: People from Mornoz finally found our cave!","<sprite name=""sealutin1""> Coshwa: ¡La gente de Mornoz por fin encontró nuestra cueva!"
line:071ef43,"<sprite name=""fisher""> Soazig: No treasure in sight! But we discovered the great peril threatening our dear Spellhold!","<sprite name=""fisher""> Soazig: ¡No hay ningún tesoro a la vista! ¡Pero descubrimos el gran peligro que amenaza nuestro querido Bastión Mágico!"
line:075c91b,"<sprite name=""fisher""> Soazig: We're currently working on strengthening the columns.","<sprite name=""fisher""> Soazig: En este momento estamos trabajando para reforzar las columnas."
line:083e73a,"<sprite name=""fisher""> Soazig: They will be fixed in no time thanks to the mornozhon genius!","<sprite name=""fisher""> Soazig: ¡Gracias al ingenio mornozhón, quedarán reparadas en un instante!"
line:0482164,"<sprite name=""sealutin1""> Coshwa: But I'm afraid their effort will not be enough.","<sprite name=""sealutin1""> Coshwa: Pero me temo que sus esfuerzos no serán suficientes."
line:0f71b79,"<sprite name=""sealutin1""> Coshwa: We must seek help from both Mornoz and Lumensac to have enough workers!","<sprite name=""sealutin1""> Coshwa: ¡Debemos pedir ayuda tanto en Mornoz como en Lumensac para reunir suficientes trabajadores!"
line:0237e6f,"<sprite name=""sealutin1""> Coshwa: This won't save the Spellhold! Take it back!","<sprite name=""sealutin1""> Coshwa: ¡Esto no salvará al Bastión Mágico! ¡Llévatelo!"
line:0dc97fd,"<sprite name=""sealutin1""> Coshwa: Potin! Where were you?! We've been so worried!","<sprite name=""sealutin1""> Coshwa: ¡Potin! ¿Dónde estabas? ¡Estábamos muy preocupados!"
line:0b0d010,"<sprite name=""sealutin1""> Coshwa: Thank you for bringing our lost friend back. We were desperate.","<sprite name=""sealutin1""> Coshwa: Gracias por traer de vuelta a nuestro amigo perdido. Estábamos desesperados."
line:08a6517,"<sprite name=""sealutin1""> Coshwa: For your good deed, you are one of us now.","<sprite name=""sealutin1""> Coshwa: Por tu buena acción, ahora eres parte de los nuestros."
line:0490dde,"<sprite name=""sealutin1""> Coshwa: Of course! We're doomed! We tried to warn them for months now but it won't work!","<sprite name=""sealutin1""> Coshwa: ¡Claro! ¡Estamos perdidos! Llevamos meses intentando advertirles, ¡pero no sirve de nada!"
line:020f589,"<sprite name=""sealutin1""> Coshwa: We need to find a solution to bring them here so they can see for themselves.","<sprite name=""sealutin1""> Coshwa: Necesitamos encontrar una forma de traerlos aquí para que puedan verlo con sus propios ojos."
line:0ecac76,"<sprite name=""sealutin1""> Coshwa: But, maybe... YES! You're a baladin! You can make a show!","<sprite name=""sealutin1""> Coshwa: Pero quizá... ¡SÍ! ¡Eres baladín! ¡Puedes montar un espectáculo!"
line:0aa4709,"<sprite name=""sealutin1""> Coshwa: Go make a show in both cities! Don't mention the actual problem, they won't be interested. Make a show about a treasure under the Spellhold!","<sprite name=""sealutin1""> Coshwa: ¡Monta un espectáculo en ambas ciudades! No menciones el verdadero problema; no les interesará. ¡Haz que trate sobre un tesoro bajo el Bastión Mágico!"
line:00f626f,"<sprite name=""sealutin1""> Coshwa: I'm sure if it's good enough, people will believe it, or at least they will want to know if it's true!","<sprite name=""sealutin1""> Coshwa: Estoy seguro de que si es lo bastante bueno, la gente lo creerá o, por lo menos, ¡querrá averiguar si es verdad!"
line:0e91590,"<sprite name=""sealutin1""> Coshwa: We're counting on your talents!","<sprite name=""sealutin1""> Coshwa: ¡Contamos con tu talento!"
line:018883b,"Voice 1: Sorry, tomorrow I have to go to the druid. I still can't get to sleep at night.","Voz 1: Lo siento, mañana tengo que ir a ver al druida. Todavía no logro dormir por las noches."
line:01ad85e,Voice 2: It's a shame his house is so damn remote! It always takes a full day to go there.,Voz 2: ¡Qué pena que su casa quede tan condenadamente lejos! Siempre toma un día entero llegar hasta allá.
line:078c398,"Voice 1: You should stay with him, then! I hear he's looking for a disciple!",Voz 1: ¡Entonces deberías quedarte con él! ¡Dicen que está buscando un aprendiz!
line:0c9a8cc,"Voice 2: This lone owl? A disciple? Yeah, it must be lonely up there.","Voz 2: ¿Ese búho solitario quiere un aprendiz? Sí, debe sentirse muy solo allá arriba."
line:082ee1c,Voice 1: Have you heard about the lil' Duboc?,Voz 1: ¿Te enteraste de lo del pequeño Duboc?
line:0ca093e,Voice 2: Aye. He mops the floor at the Spellhold. What a shame.,Voz 2: Sí. Se dedica a trapear el piso del Bastión Mágico. Qué pena.
line:0a7d549,Voice 1: Isn't it? He should be fishing like his parents.,"Voz 1: ¿Verdad que sí? Debería pescar, como sus padres."
line:01b83ca,Voice 2: What are you talking about? Fishing? Nay! He should be studying magic!,Voz 2: ¿De qué estás hablando? ¿Pescar? ¡No! ¡Debería estudiar magia!
line:0c5de2a,Voice 2: When he was a kid he always did weird tricks with his mind! He had a great potential!,Voz 2: Cuando era niño siempre hacía trucos extraños con la mente. ¡Tenía un gran potencial!
line:010c309,"Voice 1: Oh, yes! I remember now! We all thought he was going to be a mage! What happened?","Voz 1: ¡Ah, sí! ¡Ahora lo recuerdo! Todos creíamos que se convertiría en mago. ¿Qué ocurrió?"
line:0e7b524,Voice 1: Still playing the flute?,Voz 1: ¿Todavía tocas la flauta?
line:0236276,Voice 2: Aye. But it sounds horrible.,Voz 2: Sí. Pero suena horrible.
line:091d1e9,Voice 1: Ask Sopheline. I hear she's quite skillful with the instrument since she joined the baladins!,Voz 1: Pregúntale a Sopheline. Dicen que se volvió muy hábil con el instrumento desde que se unió a los baladines.
line:02346a0,Voice 2: Sopheline? Onorada's daughter? She became a baladin? Aouch. The old ogress must be furious!,Voz 2: ¿Sopheline? ¿La hija de Onorada? ¿Se convirtió en baladín? Ay. ¡La vieja ogresa debe estar furiosa!
line:0e80dfc,Voice 1: She is! But I get the kid. I don't think her mother has taken much care of her. She's so busy!,Voz 1: ¡Lo está! Pero entiendo a la niña. No creo que su madre la haya cuidado mucho. ¡Siempre está muy ocupada!
line:0311ace,Voice 1: I saw Gwenaahg the other day! Guess what he lost?,Voz 1: ¡Vi a Gwenaahg el otro día! ¿Adivinas qué perdió?
line:00002c9,Voice 2: Dunno...,Voz 2: Ni idea...
line:0b403e5,Voice 1: His damned anchor!,Voz 1: ¡Su condenada ancla!
line:0f0813f,"Voice 2: Like, from his boat?",Voz 2: ¿La de su barco?
line:0f17c9f,Voice 1: Aye! He doesn't know where it is!,Voz 1: ¡Sí! ¡No sabe dónde está!
line:05a5ee2,"Voice 2: He must have lost it on the beach. With all that seaweed, a mama gull couldn't find her eggs!","Voz 2: Debió perderla en la playa. ¡Con todas esas algas, ni una gaviota podría encontrar sus propios huevos!"
line:0aad5fd,Voice 1: I heard it's full of treasures there.,Voz 1: Dicen que ese lugar está lleno de tesoros.
line:020677f,Voice 1: I saw Erwan the other day. Poor kid still all dressed in black.,Voz 1: Vi a Erwan el otro día. El pobre muchacho todavía viste completamente de negro.
line:0fc9f4c,"Voice 2: Still mourning, is he? But the accident happened six months ago!",Voz 2: ¿Sigue de luto? ¡Pero el accidente ocurrió hace seis meses!
line:03e2fca,Voice 1: Aye. But when you lose your mom it's forever.,"Voz 1: Sí. Pero cuando pierdes a tu madre, es para siempre."
line:0329934,Voice 1: I saw the poor lad wandering around the old tower. He thinks she's become a ghost!,Voz 1: Vi al pobre muchacho merodeando por la vieja torre. ¡Cree que ella se convirtió en fantasma!
line:0203026,Voice 2: Very possible! It's not far from where their boat sank.,Voz 2: ¡Es muy posible! No queda lejos del lugar donde se hundió su barco.
line:061105a,Voice 2: What a tragedy for Lumensac to lose its best dancers like that...,Voz 2: Qué tragedia para Lumensac haber perdido así a sus mejores bailarines...
line:0217d8e,"Voice 1: I've been thinking. People will study dance all their life, and ultimately, it won't save them.","Voz 1: Estuve pensando. La gente estudia danza toda la vida y, al final, eso no la salvará."
line:0eae68f,Voice 2: It might save you.,Voz 2: Podría salvarte.
line:04db532,Voice 1: How?,Voz 1: ¿Cómo?
line:0f8f376,"Voice 2: One day, an ogre was walking in the forest and met with the Mourioche.","Voz 2: Un día, un ogro caminaba por el bosque y se encontró con la Mourioche."
line:0c4127f,Voice 1: The muscular horse?,Voz 1: ¿El caballo musculoso?
line:024aef8,Voice 2: Exactly. And you know what saved him? He started tap dancing! The beast bowed like the dancer was its master!,Voz 2: Exactamente. ¿Y sabes qué lo salvó? ¡Se puso a bailar tap! ¡La bestia se inclinó ante él como si fuera su amo!
line:0c560c9,Voice 1: No way... I don't believe you.,Voz 1: No puede ser... No te creo.
line:065db98,"Voice 2: Well, if you meet the Mourioche, you know what to do!","Voz 2: Bueno, si te encuentras con la Mourioche, ¡ya sabes qué hacer!"
line:0cde87b,Voice 1: By Textia! This is a good <i>crêpe</i>!,Voz 1: ¡Por Textia! ¡Esta <i>crêpe</i> está deliciosa!
line:06e2648,Voice 2: Thank you! I made the butter myself with a secret ingredient: Mercazon salt!,Voz 2: ¡Gracias! Preparé la mantequilla con un ingrediente secreto: ¡sal de Mercazon!
line:092b034,Voice 1: That's not a secret ingredient if you tell it to everybody.,Voz 1: Deja de ser un ingrediente secreto si se lo cuentas a todo el mundo.
line:018db1d,"Voice 1: Wait, did you say Mercazon salt?","Voz 1: Espera, ¿dijiste sal de Mercazon?"
line:03efa33,Voice 2: Yeah! It's the best salt!,Voz 2: ¡Sí! ¡Es la mejor sal!
line:0f3a89d,Voice 1: Come on! We live by the sea and you buy salt from the other side of the country?,Voz 1: ¡No puede ser! ¿Vivimos junto al mar y tú compras sal del otro lado del país?
line:0542266,"Voice 2: Well, that's what it takes to make the best crêpes...","Voz 2: Bueno, es el precio de preparar las mejores crêpes..."
line:064130f,Voice 1: Have you heard of the gargoyle?,Voz 1: ¿Oíste hablar de la gárgola?
line:06b80d8,Voice 2: The one that terrorizes Lumensac? I've heard of it. It's scary.,"Voz 2: ¿La que aterroriza Lumensac? Sí, he oído hablar de ella. Da miedo."
line:0ad1453,Voice 1: Did you know that gargoyles were mere statues back in the days?,Voz 1: ¿Sabías que antiguamente las gárgolas eran simples estatuas?
line:03ccafe,Voice 2: And what? A failed experiment brought them to life?,Voz 2: ¿Y qué? ¿Un experimento fallido les dio vida?
line:06c0a6a,Voice 1: Maybe. But some say they just woke up one day. Just like that.,"Voz 1: Tal vez. Pero algunos dicen que un día simplemente despertaron. Así, sin más."
line:0717758,"Voice 1: The Spellhold is full of magic so, it's not really a surprise.","Voz 1: El Bastión Mágico está repleto de magia, así que no es tan sorprendente."
line:04dba6a,Voice 1: Gwendo's not here today?,Voz 1: ¿Gwendo no vino hoy?
line:02fb0a3,Voice 2: Nah! She went on an expedition at the tower!,Voz 2: ¡No! ¡Se fue de expedición a la torre!
line:015e292,Voice 1: At the tower? She's mad! Why?,Voz 1: ¿A la torre? ¡Está loca! ¿Por qué?
line:0142fea,Voice 2: She's read an old book about a treasure lying in the tower.,Voz 2: Leyó un libro antiguo sobre un tesoro oculto en la torre.
line:061841f,Voice 2: The story says it's behind a door that can not be opened.,Voz 2: La historia dice que se encuentra detrás de una puerta que no se puede abrir.
line:0db125e,"Voice 2: You know her, she thought the book was challenging her.",Voz 2: Ya la conoces. Creyó que el libro la estaba desafiando.
line:08df76e,"Voice 1: She'll never get past the ghosts, anyway.","Voz 1: De todos modos, jamás logrará atravesar a los fantasmas."
line:09dd3dd,Narrator: You attend a magic class and see the new students struggle with spells.,Narrador: Asistes a una clase de magia y ves a los nuevos estudiantes batallar con los hechizos.
line:0251c62,Narrator: They wreak havoc in the classroom. What an inspiring sight!,Narrador: Siembran el caos en el salón. ¡Qué espectáculo tan inspirador!
line:06feb60,"Narrator: After class, you catch a conversation between two students.","Narrador: Después de clase, escuchas una conversación entre dos estudiantes."
line:091927e,Narrator: You spend the day working at the harbor.,Narrador: Pasas el día trabajando en el puerto.
line:0d600f6,Narrator: Scratching barnacles off the hulls is hard but satisfying.,"Narrador: Raspar los percebes de los cascos es difícil, pero satisfactorio."
line:0cc897c,Narrator: You manage to detach a beautiful seashell without breaking it.,Narrador: Logras desprender una hermosa concha marina sin romperla.
line:0b18bd0,"Narrator: During your lunch break, you can hear two dockers chatting.","Narrador: Durante el descanso para almorzar, oyes conversar a dos trabajadores del muelle."
line:01e07e8,Narrator: Cutting wood teaches you how to break things efficiently.,Narrador: Cortar leña te enseña a romper cosas con eficacia.
line:04b0071,Narrator: You work so hard you cut more wood than the druid can handle.,Narrador: Trabajas tanto que cortas más leña de la que el druida puede manejar.
line:04b1fec,Narrator: The culinary specialty in Mornoz is <i>crêpes</i>.,Narrador: La especialidad culinaria de Mornoz son las <i>crêpes</i>.
line:0a5d818,Narrator: You get to chose what you put inside. A real challenge of creativity!,Narrador: Puedes elegir con qué rellenarlas. ¡Todo un desafío para tu creatividad!
line:0163476,Narrator: Today's crêpe was huge and you kept your dessert for later.,"Narrador: La crêpe de hoy era enorme, así que guardaste el postre para después."
line:07cc307,"Narrator: While you eat, you overhear the conversation of your table neighbors.","Narrador: Mientras comes, escuchas la conversación de quienes están en la mesa de al lado."
line:060e14b,Narrator: You decide to explore the corridors of the Spellhold.,Narrador: Decides explorar los pasillos del Bastión Mágico.
line:04047d9,Narrator: You get a little lost and walk for miles before finding your way back to the entrance.,Narrador: Te pierdes un poco y caminas kilómetros antes de encontrar el camino de regreso a la entrada.
line:004c402,"Narrator: Around a corridor, you can hear two students talk.","Narrador: Al doblar por un pasillo, oyes hablar a dos estudiantes."
line:02b707b,Narrator: You take a walk in the streets of Lumensac.,Narrador: Das un paseo por las calles de Lumensac.
line:06f2c77,Narrator: You learn a lot about the history of the city and its inhabitants.,Narrador: Aprendes mucho sobre la historia de la ciudad y sus habitantes.
line:05c6b86,"Narrator: As you walk by a shop, you catch a glimpse of a conversation.","Narrador: Al pasar frente a una tienda, alcanzas a escuchar una conversación."
line:04d88ef,Narrator: You spend a few hours exploring the ruins of the tower.,Narrador: Pasas unas horas explorando las ruinas de la torre.
line:05636db,Narrator: It gives you a better understanding of how people lived a long time ago.,Narrador: Esto te ayuda a comprender mejor cómo vivía la gente hace mucho tiempo.
line:0aa701d,"Narrator: Under a rock, you find a handful of ancient coins.",Narrador: Debajo de una roca encuentras un puñado de monedas antiguas.
line:0e01d59,Narrator: The druid's stories are hard to understand but are full of teachings.,"Narrador: Las historias del druida son difíciles de entender, pero están llenas de enseñanzas."
line:052827a,Narrator: You close your eyes and embrace the tranquility of the place.,Narrador: Cierras los ojos y te dejas envolver por la tranquilidad del lugar.
line:09bd93e,Narrator: You have a lot of new ideas!,Narrador: ¡Se te ocurren muchísimas ideas nuevas!
line:0170695,Narrator: Milking the cow is a hard task: you have to be gentle and a bit sneaky to achieve it.,Narrador: Ordeñar la vaca es una tarea difícil: debes actuar con delicadeza y un poco de astucia.
line:0e25aff,Narrator: You manage to get a lot of milk! The farmers tell you to keep a bottle.,Narrador: ¡Consigues mucha leche! Los granjeros te dicen que te quedes con una botella.
line:0f718b0,Narrator: You help Claude sell cheese on the market.,Narrador: Ayudas a Claude a vender queso en el mercado.
line:06f7a89,"Narrator: They teach you how to convince people that those stinky cheeses are, in fact, very tasty.","Narrador: Te enseña a convencer a la gente de que esos quesos apestosos son, en realidad, deliciosos."
line:0ec16bd,Narrator: You can overhear two clients waiting in line.,Narrador: Alcanzas a oír a dos clientes que esperan en la fila.
line:0bf5370,"Narrator: The shape of the stones, their position relative to the sun and stars...","Narrador: La forma de las piedras, su posición respecto al sol y las estrellas..."
line:0300634,Narrator: It has to mean something.,Narrador: Tiene que significar algo.
line:06db23e,Narrator: You deserved a break from the terrible weather of Lumensac.,Narrador: Te merecías un descanso del terrible clima de Lumensac.
line:0fa70df,"Narrator: Even if the place is spooky, you manage to rest a bit.","Narrador: Aunque el lugar es tenebroso, logras descansar un poco."
line:07c244b,Narrator: You help the farm kid and her mother to do the farm chores.,Narrador: Ayudas a la joven granjera y a su madre con las labores de la granja.
line:08b7901,Narrator: You help Claude to make cheese in his cellar.,Narrador: Ayudas a Claude a preparar queso en su bodega.
line:05054e8,"Narrator: It's a work of precision and patience, and you're up to the task!","Narrador: Es un trabajo que exige precisión y paciencia, ¡y estás a la altura!"
line:0a9d917,"Narrator: Soon, a complete ecosystem of mold will cover the cream, and you'll be the reason for it!","Narrador: Pronto, todo un ecosistema de moho cubrirá la crema, ¡y será gracias a ti!"
line:09f8fe0,"Narrator: When two clients enter the cheese dairy, you can hear them talking.","Narrador: Cuando dos clientes entran en la quesería, los oyes conversar."
line:046c4ef,Narrator: But you quit as soon as you realize that cheese is basically rotten milk.,"Narrador: Pero renuncias en cuanto descubres que el queso es, básicamente, leche podrida."
line:07dafed,Narrator: You and Fintan challenge your wit in an aphorism battle.,Narrador: Fintan y tú ponen a prueba su ingenio en una batalla de aforismos.
line:0a0c1c7,"Narrator: You manage to make up smarter, funnier and weirder proverbs than the druid.","Narrador: Logras inventar proverbios más sabios, graciosos y extraños que los del druida."
line:0a0d7a8,Narrator: It's hard to top the master at his own game.,Narrador: Es difícil superar al maestro en su propio juego.
line:05622a5,"Narrator: As soon as the druid delivers his weird wisdom, you're left speechless.","Narrador: En cuanto el druida comparte su extraña sabiduría, te quedas sin palabras."
line:04d617f,Narrator: You raise a scaffold in the middle of the town and a crowd gathers around.,Narrador: Levantas un escenario en medio del pueblo y una multitud se reúne alrededor.
line:0e04619,Narrator: Your play is about a legendary treasure lying in a cave under the Spellhold.,Narrador: Tu obra trata sobre un tesoro legendario oculto en una cueva bajo el Bastión Mágico.
line:0053eb8,Narrator: People are captivated.,Narrador: La gente está cautivada.
line:09cee0f,Voice 1: Did you hear that? There's a treasure under the Spellhold!,Voz 1: ¿Oíste eso? ¡Hay un tesoro bajo el Bastión Mágico!
line:08b42b6,Voice 2: We should definitely check it out. Every legend has some truth in it!,Voz 2: Tenemos que ir a buscarlo. ¡Toda leyenda tiene algo de verdad!
line:0833fc1,Narrator: And a small party of explorers leaves the town at once.,"Narrador: De inmediato, un pequeño grupo de exploradores abandona el pueblo."
line:053229a,Narrator: It seems people from Mornoz and Lumensac aren't that different after all.,"Narrador: Al parecer, la gente de Mornoz y Lumensac no es tan diferente después de todo."
line:0b03966,Narrator: One more show to save the Spellhold!,Narrador: ¡Un espectáculo más para salvar el Bastión Mágico!
line:0ecb89c,Narrator: But you struggle to captivate your audience.,Narrador: Pero te cuesta cautivar al público.
line:02eee66,Narrator: People return to their chores.,Narrador: La gente regresa a sus quehaceres.
line:03ba985,"Narrator: Soon, the only audience left is a child and a dog.","Narrador: Pronto, el único público que queda es un niño y un perro."
line:0c3fbf8,Narrator: You spend the day looking for knowledge in the greatest library in the world.,Narrador: Pasas el día buscando conocimiento en la biblioteca más grande del mundo.
line:02c2923,Narrator: What are you looking for?,Narrador: ¿Qué estás buscando?
line:038c5d7,"<sprite name=""knowledge"">{0}<br><br>History of the Spellhold","<sprite name=""knowledge"">{0}<br><br>Historia del Bastión Mágico"
line:0ff371c,"<sprite name=""knowledge"">{0}<br><br>Learn Callistian","<sprite name=""knowledge"">{0}<br><br>Aprender calistiano"
line:0fea11e,"<sprite name=""knowledge"">{0}<br><br>Info about ghosts","<sprite name=""knowledge"">{0}<br><br>Información sobre fantasmas"
line:0951cae,"<sprite name=""knowledge"">{0}<br><br>New things","<sprite name=""knowledge"">{0}<br><br>Cosas nuevas"
line:0af165c,"Narrator: You know where to find the latest science and magic treaties, and even understand part of them!","Narrador: Sabes dónde encontrar los tratados más recientes de ciencia y magia, ¡e incluso entiendes parte de ellos!"
line:08f065b,"Narrator: When you pull out the book from the shelf, another book falls on the floor.","Narrador: Cuando sacas el libro del estante, otro cae al suelo."
line:03824ae,Narrator: Somebody must have hid it there.,Narrador: Alguien debió ocultarlo ahí.
line:027e8d3,"Narrator: Between the shelves, you can hear two students whispering.","Narrador: Entre los estantes, oyes susurrar a dos estudiantes."
line:0e7f8ef,"Narrator: Sometimes, a fat book makes a good pillow.","Narrador: A veces, un libro grueso sirve de buena almohada."
line:0527bda,Narrator: You spend the day sleeping at the library and the janitor has to wake you up.,Narrador: Pasas el día durmiendo en la biblioteca y el conserje tiene que despertarte.
line:0cdadab,Narrator: You find old construction plans of the Spellhold in the archives.,Narrador: Encuentras antiguos planos de construcción del Bastión Mágico en los archivos.
line:0c5371b,"Narrator: After a short analysis, you understand that the architect and workers who built the castle were from Lumensac!","Narrador: Tras analizarlos un poco, descubres que el arquitecto y los trabajadores que construyeron el castillo eran de Lumensac."
line:086cd47,"Narrator: A truth well-hidden, indeed. Some people would be interested to learn that information.",Narrador: Una verdad muy bien escondida. A algunas personas les interesaría conocerla.
line:07daf2d,Narrator: You learn the basics of Callistian.,Narrador: Aprendes los fundamentos del calistiano.
line:0a4884f,"Narrator: You practice, do exercises, and even write a letter to a Callistian penpal!","Narrador: Practicas, haces ejercicios ¡e incluso escribes una carta a un amigo calistiano!"
line:035879c,Narrator: You learn the last things you need to know about Callistian.,Narrador: Aprendes lo último que necesitabas saber sobre el calistiano.
line:0229e3e,Narrator: You even meet a Callistian student and spend hours practicing your accent!,Narrador: Incluso conoces a un estudiante calistiano y pasas horas practicando tu acento.
line:05ee83b,Narrator: That's convenient!,Narrador: ¡Qué conveniente!
line:040fe5e,"Narrator: You feel confident you, and probably all the baladins for a strange reason, can talk fluently with a Callistian person!","Narrador: Sientes que tú, y por alguna extraña razón quizá todos los baladines, pueden hablar con fluidez con una persona calistiana."
line:0b29dad,"Narrator: You made progress, but you feel you still have a lot to learn.","Narrador: Has progresado, pero sientes que aún te queda mucho por aprender."
line:040f731,Narrator: You read:,Narrador: Lees:
line:093bfd5,Narrator: <i>Ghosts are spirits of people who died brutally.</i>,Narrador: <i>Los fantasmas son espíritus de personas que tuvieron una muerte brutal.</i>
line:0387873,Narrator: <i>They remain tethered to the living world by an unfinished task.</i>,Narrador: <i>Permanecen atados al mundo de los vivos por una tarea inconclusa.</i>
line:024bc50,Narrator: <i>Salt is a strong repellent for ghosts.</i>,Narrador: <i>La sal es un potente repelente de fantasmas.</i>
line:0c38bf8,Narrator: <i>Banish them from our world by enclosing them in a circle of salt.</i>,Narrador: <i>Destierra a los fantasmas de nuestro mundo encerrándolos en un círculo de sal.</i>
line:0c6d87a,Narrator: That might come in handy.,Narrador: Eso podría ser útil.
line:02e03b2,Narrator: You try to teach the farm kid some of your wisdom.,Narrador: Intentas compartir parte de tu sabiduría con la joven granjera.
line:00070d6,Narrator: She is very interested in what you tell her!,Narrador: ¡Le interesa mucho lo que le cuentas!
line:0a57bc1,"Narrator: While teaching, you remember things you thought you had forgotten.","Narrador: Mientras le enseñas, recuerdas cosas que creías haber olvidado."
line:016ad86,Narrator: She already knows everything about today's lesson!,Narrador: ¡Ya sabe todo sobre la lección de hoy!
line:081859c,Narrator: What a know-it-all...,Narrador: Qué sabelotodo...
line:0b055a9,"Narrator: When you're alone in an abandoned place, you like to smash a window or two with a rock.","Narrador: Cuando estás a solas en un lugar abandonado, te gusta romper una ventana o dos a pedradas."
line:050af0d,"Narrator: It reminds you of your teenage days, when you and your friends used to spend all day doing that!","Narrador: Te recuerda a tu adolescencia, cuando tus amigos y tú pasaban el día entero haciendo eso."
line:029b3cc,Narrator: You throw a rock. It misses the window and bounces off a wall.,Narrador: Arrojas una piedra. No le da a la ventana y rebota contra una pared.
line:0f14a06,Narrator: You instantly think this was a bad idea and that this ruin is probably a protected landmark.,Narrador: De inmediato piensas que fue una mala idea y que estas ruinas probablemente sean un monumento protegido.
line:0108c62,Narrator: You decide to tend to the menhirs and remove the weeds all over the place.,Narrador: Decides cuidar los menhires y quitar las hierbas que cubren el lugar.
line:0966ec1,"Narrator: You feel a bit bad about removing plants, but seeing the clean, grey stone makes you think there is beauty in destruction.","Narrador: Te da un poco de pena arrancar las plantas, pero al ver la piedra gris y limpia piensas que hay belleza en la destrucción."
line:000c628,Narrator: One of the plants looks different so you decide to keep it.,"Narrador: Una de las plantas se ve diferente, así que decides conservarla."
line:0bdff13,Narrator: But the stillness of the place makes you think.,Narrador: Pero la quietud del lugar te hace reflexionar.
line:0adc08e,Narrator: Aren't weeds part of the place? And maybe they deserve to remain here.,Narrador: ¿Acaso las hierbas no forman parte del lugar? Quizá merezcan permanecer aquí.
line:0ce6aaf,Narrator: You spend some time digging into the seaweed on the beach.,Narrador: Pasas un rato escarbando entre las algas de la playa.
line:0bb93de,Narrator: What's is this? A treasure? How could an object that big have been hidden here?,Narrador: ¿Qué es esto? ¿Un tesoro? ¿Cómo pudo quedar oculto aquí un objeto tan grande?
line:0f76649,"Narrator: You find nothing of value, but you definitely hardened yourself!","Narrador: No encuentras nada de valor, pero sin duda fortaleciste tu cuerpo."
line:0124d1c,Narrator: Actually you find a handful of beautiful algae.,"Narrador: De hecho, encuentras un puñado de algas hermosas."
line:0a7c4a5,"Narrator: When you take a break, you can hear two diggers talk.","Narrador: Cuando haces una pausa, oyes conversar a dos excavadores."
line:008d55b,Narrator: You find nothing and the smell of rotting algae makes you sick.,Narrador: No encuentras nada y el olor de las algas podridas te causa náuseas.
line:01e54de,Narrator: What's this? It might be valuable...,Narrador: ¿Qué es esto? Podría ser valioso...
line:01b7c14,Narrator: You see a strange tree on the side of the road.,Narrador: Ves un árbol extraño junto al camino.
line:0c622dd,"Narrator: You feel compelled to take a nap under its shade. It would be nice to have some rest, after all.","Narrador: Sientes el impulso de dormir una siesta bajo su sombra. Después de todo, te vendría bien descansar."
line:028a349,"<sprite name=""exclamation""><br><br>Take a nap","<sprite name=""exclamation""><br><br>Dormir una siesta"
line:03fbed5,"<sprite name=""knowledge"">{0}<br><br>Continue walking","<sprite name=""knowledge"">{0}<br><br>Seguir caminando"
line:0a900e8,Narrator: You lie down in a nest of grass under the tree.,Narrador: Te recuestas en un lecho de hierba bajo el árbol.
line:0c3c978,"Narrator: As soon as you close your eyes, you fall into a deep slumber.","Narrador: En cuanto cierras los ojos, caes en un sueño profundo."
line:04bb3ab,"Narrator: A few moments later, you feel something pulling the bottom of your pants.","Narrador: Poco después, sientes que algo tira de la parte baja de tus pantalones."
line:032b908,Narrator: You open an eye and see a sheep.,Narrador: Abres un ojo y ves una oveja.
line:07ea92d,Narrator: The good lad winks at you and disappears between the trees.,Narrador: El buen animal te guiña un ojo y desaparece entre los árboles.
line:02658db,"Narrator: A few moments later, a familiar voice wakes you up.","Narrador: Poco después, una voz conocida te despierta."
line:0ffe10e,"<sprite name=""twin2""> Jonas: Princess! Wake up!","<sprite name=""twin2""> Jonas: ¡Princesa! ¡Despierta!"
line:0d8c088,"<sprite name=""twin1""> Aten: It's not good to sleep under unknown trees!","<sprite name=""twin1""> Aten: ¡No es bueno dormir bajo árboles desconocidos!"
line:08ac842,"<sprite name=""twin2""> Jonas: For a moment, we thought we would have to kiss you!","<sprite name=""twin2""> Jonas: ¡Por un momento creímos que tendríamos que besarte!"
line:096acbe,Narrator: A moment of silence.,Narrador: Un momento de silencio.
line:01e9a2a,Narrator: Why would they kiss you while you're asleep?,Narrador: ¿Por qué iban a besarte mientras dormías?
line:0780064,"Narrator: In your dreams, you hear two ravens talking in the branches.","Narrador: En sueños, oyes a dos cuervos conversando entre las ramas."
line:0a94583,Narrator: You have to look deep inside your inner resources to resist your urge to sleep.,Narrador: Debes recurrir a toda tu fuerza interior para resistir el deseo de dormir.
line:02dcba9,Narrator: But you know well enough the dangers of the forest not to be tempted to take a nap.,Narrador: Pero conoces suficientemente bien los peligros del bosque como para no caer en la tentación de dormir una siesta.
line:00ec4f6,"Narrator: You continue walking, but that tree keeps haunting your thoughts until dusk!","Narrador: Sigues caminando, ¡pero ese árbol ronda tus pensamientos hasta el anochecer!"
line:0c584ff,"Narrator: But, by Gruïd, this is definitely the perfect napping spot!","Narrador: Pero, ¡por Gruïd, este es sin duda el lugar perfecto para una siesta!"
line:0e02c7a,Narrator: You wake up a few hours later. Maybe a few days? Who knows how long you've slept?,Narrador: Despiertas unas horas después. ¿O fueron varios días? ¿Quién sabe cuánto tiempo dormiste?
line:0e148d7,Narrator: You've wasted precious time but at least you're fully rested.,"Narrador: Desperdiciaste un tiempo valioso, pero al menos descansaste por completo."
line:0fe52ca,Narrator: You notice the sun hasn't advanced too far in the sky and feel well rested.,Narrador: Notas que el sol no avanzó demasiado en el cielo y te sientes bien descansado.
line:0c691b6,"<sprite name=""sopheline""> Sopheline: Oh. It's you.","<sprite name=""sopheline""> Sopheline: Ah. Eres tú."
line:018af16,"<sprite name=""sopheline""> Sopheline: Are you goin' to shove me in your bag, again?","<sprite name=""sopheline""> Sopheline: ¿Vas a volver a meterme en tu bolsa?"
line:0727af1,"<sprite name=""sopheline""> Sopheline: Baladins! Time is running out! The dragon is coming back!","<sprite name=""sopheline""> Sopheline: ¡Baladins! ¡Se nos acaba el tiempo! ¡El dragón regresará!"
line:025d074,"<sprite name=""sopheline""> Sopheline: We need to find a solution!","<sprite name=""sopheline""> Sopheline: ¡Tenemos que encontrar una solución!"
line:0dc8d57,"<sprite name=""sopheline""> Sopheline: How's it going, baladin? Have you found a workaround yet?","<sprite name=""sopheline""> Sopheline: ¿Cómo va todo, baladin? ¿Ya encontraste otra solución?"
line:0db82e8,"<sprite name=""sopheline""> Sopheline: I'm terribly worried! The Festival can't take place like this!","<sprite name=""sopheline""> Sopheline: ¡Estoy muy preocupada! ¡No podemos celebrar el Festival así!"
line:06e4f34,"<sprite name=""sopheline""> Sopheline: Fellow baladins! I was waiting for you!","<sprite name=""sopheline""> Sopheline: ¡Compañeros baladins! ¡Los estaba esperando!"
line:0c97e08,"<sprite name=""sopheline""> Sopheline: Did you bring the crate?!","<sprite name=""sopheline""> Sopheline: ¿¡Trajeron la caja!?"
line:038c276,"<sprite name=""sopheline""> Sopheline: There's still so many things to do!","<sprite name=""sopheline""> Sopheline: ¡Todavía quedan muchas cosas por hacer!"
line:0912b12,"<sprite name=""exclamation""><br><br>Try blocking the water with your hands","<sprite name=""exclamation""><br><br>Intentar contener el agua con las manos"
line:022de49,"<sprite name=""exclamation""><br><br>About your mother...","<sprite name=""exclamation""><br><br>Sobre tu madre..."
line:05c2a03,"<sprite name=""trade""><br><br>Give","<sprite name=""trade""><br><br>Entregar"
line:0926b89,"<sprite name=""leave""><br><br>Leave","<sprite name=""leave""><br><br>Irse"
line:0b09da6,Narrator: You try to get close to the geyser...,Narrador: Intentas acercarte al géiser…
line:0fdfc82,Narrator: …but the pressure is too powerful and you're thrown up in the air!,Narrador: …pero la presión es demasiado fuerte y ¡sales volando por los aires!
line:089216e,"<sprite name=""sopheline""> Sopheline: It's hopeless!","<sprite name=""sopheline""> Sopheline: ¡Es inútil!"
line:0b2eeb9,"<sprite name=""sopheline""> Sopheline: We need to find another way to stop it!","<sprite name=""sopheline""> Sopheline: ¡Tenemos que encontrar otra manera de detenerlo!"
line:0d0686d,"<sprite name=""sopheline""> Sopheline: Don't you remember? We've tried it before and we know that won't keep Colobra from coming!","<sprite name=""sopheline""> Sopheline: ¿No lo recuerdas? Ya lo intentamos y sabemos que eso no impedirá que Colobra venga."
line:0eb7f91,"<sprite name=""sopheline""> Sopheline: Sorry, baladin, but I think it's too late now.","<sprite name=""sopheline""> Sopheline: Lo siento, baladin, pero creo que ya es demasiado tarde."
line:078c8dc,"<sprite name=""sopheline""> Sopheline: Woah! That might work! I'll try it right away!","<sprite name=""sopheline""> Sopheline: ¡Vaya! ¡Podría funcionar! ¡Lo intentaré ahora mismo!"
line:0a12946,Narrator: Sopheline puts the Giant Wine Cap in the well and manages to seal the geyser inside…,Narrador: Sopheline coloca el Tapón de vino gigante en el pozo y consigue contener el géiser…
line:004433d,Narrator: Only for a few seconds.,Narrador: Solo durante unos segundos.
line:06d8f59,"<sprite name=""sopheline""> Sopheline: Well… That's not it. I hope we can find something else!","<sprite name=""sopheline""> Sopheline: Bueno… Eso no sirvió. ¡Espero que encontremos otra cosa!"
line:096e840,"<sprite name=""sopheline""> Sopheline: We need to find another way to get rid of this dragon!","<sprite name=""sopheline""> Sopheline: ¡Tenemos que encontrar otra forma de librarnos de este dragón!"
line:047f680,"<sprite name=""sopheline""> Sopheline: What… What's going on?","<sprite name=""sopheline""> Sopheline: ¿Qué…? ¿Qué está pasando?"
line:0ac3446,"<sprite name=""sopheline""> Sopheline: Haaaaaaaa!","<sprite name=""sopheline""> Sopheline: ¡Aaaaaaaaa!"
line:05b2606,"<sprite name=""sopheline""> Sopheline: What have you done?!","<sprite name=""sopheline""> Sopheline: ¿¡Qué hicieron!?"
line:0936d8f,"<sprite name=""sopheline""> Sopheline: Oh my gods! It's terrible! We can't have the festival with a geyser in the middle of town!","<sprite name=""sopheline""> Sopheline: ¡Por los dioses! ¡Es terrible! ¡No podemos celebrar el festival con un géiser en medio del pueblo!"
line:0592d5c,"<sprite name=""sopheline""> Sopheline: Okay, okay, okay… Think, think, think… No. Breathe, breathe, breathe.","<sprite name=""sopheline""> Sopheline: Bien, bien, bien… Piensa, piensa, piensa… No. Respira, respira, respira."
line:0f52838,"<sprite name=""sopheline""> Sopheline: Baladins! It's our fault… I think.","<sprite name=""sopheline""> Sopheline: ¡Baladins! Es culpa nuestra… creo."
line:05528a5,"<sprite name=""sopheline""> Sopheline: We need to find a way to fix it!","<sprite name=""sopheline""> Sopheline: ¡Tenemos que encontrar una forma de arreglarlo!"
line:0dbd447,"<sprite name=""sopheline""> Sopheline: I know! <b>Bungus the corkmaker</b> might be able to help!","<sprite name=""sopheline""> Sopheline: ¡Ya sé! ¡<b>Bungus, fabricante de corchos</b>, podría ayudarnos!"
line:0595def,"<sprite name=""sopheline""> Sopheline: They grow cork-mushrooms that are being used as wine caps, maybe they can grow a big one??","<sprite name=""sopheline""> Sopheline: Bungus cultiva hongos de corcho que se usan como tapones de vino. ¿Quizá pueda cultivar uno enorme?"
line:00e9c02,"<sprite name=""sopheline""> Sopheline: Go north-west from here and check the <b>Cork Forest</b> to find them!","<sprite name=""sopheline""> Sopheline: ¡Ve al noroeste y busca a Bungus en el <b>Bosque del Corcho</b>!"
line:09b9d62,"<sprite name=""sopheline""> Sopheline: And here! Take this! This might be helpful!","<sprite name=""sopheline""> Sopheline: ¡Y toma esto! ¡Puede resultarte útil!"
line:0691431,"<sprite name=""sopheline""> Sopheline: I'll be… er… watching the geyser here…","<sprite name=""sopheline""> Sopheline: Yo estaré… eh… vigilando el géiser…"
line:04c13b0,"<sprite name=""sopheline""> Sopheline: To check if anything goes wrong… Or worse…","<sprite name=""sopheline""> Sopheline: Para comprobar que nada salga mal… O peor…"
line:08eb3fe,"Narrator: Before she knows it, Sopheline is tied up and shoved inside your bag.","Narrador: Antes de que pueda reaccionar, atas a Sopheline y la metes en tu bolsa."
line:089fffe,Narrator: You could deliver her to her mother at the Spellhold.,Narrador: Podrías llevarla con su madre al Bastión Mágico.
line:0d11ec7,"<sprite name=""sopheline""> Sopheline: I don't think this can help with our geyser situation...","<sprite name=""sopheline""> Sopheline: No creo que esto pueda ayudarnos con el géiser…"
line:0abc7c5,"<sprite name=""sopheline""> Sopheline: Ho, hum... Nah. Sorry. No thanks.","<sprite name=""sopheline""> Sopheline: Ah, hum… No. Lo siento. No, gracias."
line:0219a41,"<sprite name=""sopheline""> Sopheline: A quill? What for?","<sprite name=""sopheline""> Sopheline: ¿Una pluma? ¿Para qué?"
line:06ed05e,"<sprite name=""sopheline""> Sopheline: Oooh it's about my mother, right? I should write her a letter and you're giving me this subtle hint?","<sprite name=""sopheline""> Sopheline: Ahhh, es por mi madre, ¿verdad? ¿Debería escribirle una carta y esto es una indirecta sutil?"
line:02fa5e0,"<sprite name=""sopheline""> Sopheline: ...","<sprite name=""sopheline""> Sopheline: …"
line:08c90f7,"<sprite name=""sopheline""> Sopheline: Okay, I'll do it. I'll write to my mother. There's nothing better to do here while waiting for Colobra anyway.","<sprite name=""sopheline""> Sopheline: Está bien, lo haré. Le escribiré a mi madre. De todas formas, no hay nada mejor que hacer mientras espero a Colobra."
line:0ea3b0b,"<sprite name=""sopheline""> Sopheline: But she'll have to answer!","<sprite name=""sopheline""> Sopheline: ¡Pero tendrá que responderme!"
line:03403f1,"<sprite name=""sopheline""> Sopheline: What about her? You want to tell me she's the WORST, right?","<sprite name=""sopheline""> Sopheline: ¿Qué pasa con ella? Quieres decirme que es la PEOR, ¿verdad?"
line:083a1c0,"<sprite name=""sopheline""> Sopheline: Oh she's sad because I left? Maybe she should have thought about it EARLIER!","<sprite name=""sopheline""> Sopheline: ¿Está triste porque me fui? ¡Quizá debió pensarlo ANTES!"
line:00c9963,"<sprite name=""sopheline""> Sopheline: Like, when I needed her!","<sprite name=""sopheline""> Sopheline: Por ejemplo, ¡cuando la necesitaba!"
line:04d3170,"<sprite name=""sopheline""> Sopheline: Sorry about that... But I'm not going back home soon.","<sprite name=""sopheline""> Sopheline: Perdón por eso… Pero no volveré pronto a casa."
line:0f4c95c,"<sprite name=""sopheline""> Sopheline: I told you. I'm not going back.","<sprite name=""sopheline""> Sopheline: Ya te lo dije. No voy a volver."
line:0e0bf73,"<sprite name=""sopheline""> Sopheline: I already sent a letter... It was quite a challenge for me to put everything on paper.","<sprite name=""sopheline""> Sopheline: Ya envié una carta… Me costó mucho expresar todo por escrito."
line:0c48bcc,"<sprite name=""sopheline""> Sopheline: But I got an answer, and I think she understood something.","<sprite name=""sopheline""> Sopheline: Pero recibí una respuesta y creo que entendió algo."
line:0048d63,"<sprite name=""sopheline""> Sopheline: When everything is over, I'll send it again and we'll make things right together.","<sprite name=""sopheline""> Sopheline: Cuando todo termine, volveré a escribirle y arreglaremos las cosas juntas."
line:027a50c,"<sprite name=""sopheline""> Sopheline: And don't you dare put me in a bag again!","<sprite name=""sopheline""> Sopheline: ¡Y ni se te ocurra volver a meterme en una bolsa!"
line:0403e6a,"<sprite name=""sopheline""> Sopheline: It led to the strangest conversation with my mother...","<sprite name=""sopheline""> Sopheline: Eso provocó la conversación más extraña que he tenido con mi madre…"
line:0570387,"<sprite name=""sopheline""> Sopheline: She didn't change a bit. She did nothing to convince me to come back home!","<sprite name=""sopheline""> Sopheline: No cambió en absoluto. ¡No hizo nada para convencerme de volver a casa!"
line:0ffb680,"<sprite name=""sopheline""> Sopheline: That's not how it has to go.","<sprite name=""sopheline""> Sopheline: Así no debía ocurrir."
line:0e4517e,"<sprite name=""sopheline""> Sopheline: Especially if it's to carry me all over Gatherac without delivering me to my mother...","<sprite name=""sopheline""> Sopheline: Sobre todo si vas a cargarme por todo Gatherac sin llevarme con mi madre…"
line:002cabd,"<sprite name=""sopheline""> Sopheline: I might send a letter, but I don't have writing supplies.","<sprite name=""sopheline""> Sopheline: Tal vez le envíe una carta, pero no tengo materiales para escribir."
line:06cc5d2,"<sprite name=""exclamation""><br><br>Abduct her","<sprite name=""exclamation""><br><br>Secuestrarla"
line:007d09b,"<sprite name=""no""><br><br>Another thing...","<sprite name=""no""><br><br>Otra cosa..."
line:0fa4a32,"<sprite name=""fisher""> Soazig: HA! Baladin!","<sprite name=""fisher""> Soazig: ¡JA! ¡Baladín!"
line:09beb25,"<sprite name=""fisher""> Soazig: I've been following your instructions to find the criminal!","<sprite name=""fisher""> Soazig: ¡Seguí tus indicaciones para encontrar al criminal!"
line:074d37e,"<sprite name=""fisher""> Soazig: But I... I think I got lost.","<sprite name=""fisher""> Soazig: Pero... creo que me perdí."
line:0d1a75f,"<sprite name=""fisher""> Soazig: I'm better off at sea! Can you help me?","<sprite name=""fisher""> Soazig: ¡Estoy mejor en el mar! ¿Puedes ayudarme?"
line:0e26acb,"<sprite name=""yes""><br><br>Help her","<sprite name=""yes""><br><br>Ayudarla"
line:031b056,"<sprite name=""finesse"">{0}<br><br>Give a wrong direction","<sprite name=""finesse"">{0}<br><br>Indicarle una dirección equivocada"
line:0a913f5,"<sprite name=""fisher""> Soazig: Oh! Thank you young one.","<sprite name=""fisher""> Soazig: ¡Oh! Gracias, joven."
line:011cd65,"<sprite name=""fisher""> Soazig: I know I can be harsh, but is that a good reason to lose me in the forest?","<sprite name=""fisher""> Soazig: Sé que puedo ser dura, ¿pero es razón suficiente para hacer que me pierda en el bosque?"
line:06bd262,"<sprite name=""fisher""> Soazig: Oh! I can see the roofs of Mornoz! I'm saved!","<sprite name=""fisher""> Soazig: ¡Oh! ¡Veo los techos de Mornoz! ¡Estoy salvada!"
line:05d998d,"<sprite name=""fisher""> Soazig: Thank you baladin, you and your guild are like friends now!","<sprite name=""fisher""> Soazig: Gracias, baladín. ¡Ahora tú y tu gremio son como amigos!"
line:04b45c8,"Narrator: You give false direction to lose the fisher, again.",Narrador: Le indicas una dirección equivocada para volver a perder a la pescadora.
line:0032a0d,"<sprite name=""fisher""> Soazig: Oh, yes! It makes sense! Thank you baladin!","<sprite name=""fisher""> Soazig: ¡Ah, sí! ¡Tiene sentido! ¡Gracias, baladín!"
line:0ad88fb,"Narrator: And as you see the old lady walk into the forest, you start to regret what you did.","Narrador: Al ver a la anciana internarse en el bosque, comienzas a arrepentirte de lo que hiciste."
line:08a250b,Narrator: Oh! A fairy! A rare sight indeed! Even in the magical land of Lumensac!,"Narrador: ¡Oh! ¡Un hada! ¡Algo muy poco común, incluso en la tierra mágica de Lumensac!"
line:095f50b,"<sprite name=""fairynuton""> ""Fairy"": Uuuuh... Hello?","<sprite name=""fairynuton""> «Hada»: Eeeh... ¿Hola?"
line:09f4edd,"<sprite name=""fairynuton""> ""Fairy"": HUM! Make a wish!","<sprite name=""fairynuton""> «Hada»: ¡EJEM! ¡Pide un deseo!"
line:062502d,"<sprite name=""fairynuton""> ""Fairy"": And give a gold coin!","<sprite name=""fairynuton""> «Hada»: ¡Y dame una moneda de oro!"
line:08300d8,"<sprite name=""fairynuton""> ""Fairy"": And... Uh... Your wish will come true!","<sprite name=""fairynuton""> «Hada»: Y... Eh... ¡Tu deseo se hará realidad!"
line:09faf94,"<sprite name=""fairynuton""> ""Fairy"": I think...","<sprite name=""fairynuton""> «Hada»: Creo..."
line:01820b8,"<sprite name=""gold""><br><br>Make a wish!","<sprite name=""gold""><br><br>¡Pedir un deseo!"
line:03de086,"<sprite name=""no""><br><br>Hum, no.","<sprite name=""no""><br><br>Mmm, no."
line:0e22087,Narrator: You decline politely. It looks suspicious.,Narrador: Rechazas la oferta con educación. Parece sospechosa.
line:0ce320c,"<sprite name=""fairynuton""> ""Fairy"": Oh come on! It's just a coin, you skinflint!","<sprite name=""fairynuton""> «Hada»: ¡Vamos! Solo es una moneda, ¡tacaño!"
line:014ea50,"<sprite name=""fairynuton""> ""Fairy"": Alright, I'm out!","<sprite name=""fairynuton""> «Hada»: ¡Está bien, me voy!"
line:0342bfe,Narrator: What a magical encounter...,Narrador: Qué encuentro tan mágico...
line:08daf5a,Narrator: You toss a coin to the fairy!,Narrador: ¡Le lanzas una moneda al hada!
line:05ac2ac,"<sprite name=""fairynuton""> ""Fairy"": Thanks! Bye!","<sprite name=""fairynuton""> «Hada»: ¡Gracias! ¡Adiós!"
line:01de584,Narrator: And the fairy disappears between the bushes.,Narrador: Y el hada desaparece entre los arbustos.
line:08dfe36,Narrator: Did... Did you have the time to make a wish?,Narrador: ¿Tuviste... tuviste tiempo de pedir un deseo?
line:01f4cf0,"<sprite name=""fairynuton""> ""Fairy"": Hey! You're broke!","<sprite name=""fairynuton""> «Hada»: ¡Oye! ¡No tienes ni una moneda!"
line:0ee653f,"<sprite name=""fairynuton""> ""Fairy"": Sorry, but magic ain't free.","<sprite name=""fairynuton""> «Hada»: Lo siento, pero la magia no es gratis."
line:02a09b1,"<sprite name=""fairynuton""> ""Fairy"": See ya'!","<sprite name=""fairynuton""> «Hada»: ¡Nos vemos!"
line:099586b,Narrator: Tonneline and Filomena are together near the well in Mouliac.,Narrador: Tonneline y Filomena están juntas cerca del pozo de Mouliac.
line:0258176,Narrator: It's uncommon to see the innkeeper outside of her inn!,Narrador: ¡No es habitual ver a la posadera fuera de su taberna!
line:0eefc8f,"<sprite name=""tonneline""> Tonneline: Filomena!","<sprite name=""tonneline""> Tonneline: ¡Filomena!"
line:0cc303e,Narrator: The innkeeper blushes already.,Narrador: La posadera ya está sonrojada.
line:0bff974,"<sprite name=""tonneline""> Tonneline: I... I like you very much! Like, very very much.","<sprite name=""tonneline""> Tonneline: Yo… ¡Me gustas mucho! O sea, muchísimo."
line:0103f88,"<sprite name=""filomena""> Filomena: Oh!","<sprite name=""filomena""> Filomena: ¡Oh!"
line:0038c5f,"<sprite name=""tonneline""> Tonneline: AND...","<sprite name=""tonneline""> Tonneline: Y…"
line:06aa0a3,"<sprite name=""filomena""> Filomena: Yes?","<sprite name=""filomena""> Filomena: ¿Sí?"
line:089b28d,"<sprite name=""tonneline""> Tonneline: I... I shall not endure one more sunset without knowing your true feelings.","<sprite name=""tonneline""> Tonneline: Yo… No soportaré otro atardecer sin conocer tus verdaderos sentimientos."
line:02ee18f,"<sprite name=""tonneline""> Tonneline: Oh, have I seen the days of longing! But now they come to an end, and my love shall be a secret no more!","<sprite name=""tonneline""> Tonneline: ¡Cuántos días he pasado anhelándote! Pero eso termina ahora: ¡mi amor dejará de ser un secreto!"
line:03245f9,"<sprite name=""tonneline""> Tonneline: If you don't want me, so be it. But for all that is beautiful in this world, please, accept this flower as symbol of my love for you.","<sprite name=""tonneline""> Tonneline: Si no me quieres, que así sea. Pero, por todo lo hermoso de este mundo, acepta esta flor como símbolo de mi amor por ti."
line:04bf02c,"<sprite name=""tonneline""> Tonneline: It comes from the Peace Tree of Roazay and I got it especially for you!","<sprite name=""tonneline""> Tonneline: ¡Proviene del Árbol de la Paz de Roazay y la conseguí especialmente para ti!"
line:0d593f6,"<sprite name=""tonneline""> Tonneline: For I will not lie again and pretend that the radiance of your face and the strength of your arms don't make my head spin like wine.","<sprite name=""tonneline""> Tonneline: Porque no volveré a mentir ni a fingir que el brillo de tu rostro y la fuerza de tus brazos no hacen que mi cabeza dé vueltas como el vino."
line:059e360,"Narrator: Tonneline has to take her breath. Filomena is dead silent, but she eventually manages to open her mouth and say:","Narrador: Tonneline tiene que recuperar el aliento. Filomena permanece completamente callada, pero finalmente consigue abrir la boca y decir:"
line:0edb3f1,"<sprite name=""filomena""> Filomena: Yeah. I think you're pretty cool, too. I mean...","<sprite name=""filomena""> Filomena: Sí. Tú también me pareces genial. Quiero decir…"
line:0113e55,"Narrator: The innkeeper never finished her sentence, for she jumped towards Tonneline and kissed her with all her might!","Narrador: La posadera nunca termina la frase, pues se lanza hacia Tonneline y ¡la besa con todas sus fuerzas!"
line:09f6c0c,Narrator: Passers-by stop and stare at the scene. Some even cheer and whistle! But Filomena and Tonneline couldn't care less.,Narrador: Quienes pasan por allí se detienen a contemplar la escena. ¡Algunos incluso vitorean y silban! Pero a Filomena y Tonneline les da igual.
line:002aa90,"Narrator: Even the flower, symbol of their love, is not as interesting as kissing, and lies on the floor.","Narrador: Ni siquiera la flor, símbolo de su amor, resulta tan interesante como besarse y queda tirada en el suelo."
line:0c9d393,"<sprite name=""filomena""> Filomena: We should have done this at night...","<sprite name=""filomena""> Filomena: Deberíamos haber hecho esto de noche…"
line:052bd3c,"<sprite name=""filomena""> Filomena: I don't fancy all those eyes staring at me!","<sprite name=""filomena""> Filomena: ¡No me agrada que todos esos ojos me observen!"
line:0041b94,"<sprite name=""filomena""> Filomena: But anyway, a promise is a promise!","<sprite name=""filomena""> Filomena: Pero, en fin, ¡una promesa es una promesa!"
line:0689f32,"<sprite name=""filomena""> Filomena: Fear me, water! 'Cause I <i>will</i> drink you!","<sprite name=""filomena""> Filomena: ¡Témeme, agua! ¡Porque <i>voy</i> a beberte!"
line:000fa65,Narrator: She plunges a straw into the water and starts drinking.,Narrador: Introduce una pajita en el agua y empieza a beber.
line:0837f15,"Narrator: She drinks, and drinks, and drinks.","Narrador: Bebe, y bebe, y bebe."
line:08836fb,Narrator: But nothing changes. The geyser is still going strong.,Narrador: Pero nada cambia. El géiser continúa con la misma fuerza.
line:0e954e3,"<sprite name=""filomena""> Filomena: It's hopeless!","<sprite name=""filomena""> Filomena: ¡Es inútil!"
line:0951daa,"<sprite name=""filomena""> Filomena: Sorry baladin, that's all I can do for now.","<sprite name=""filomena""> Filomena: Lo siento, baladin. Es todo lo que puedo hacer por ahora."
line:050fd26,"<sprite name=""filomena""> Filomena: I should get back to my tavern. Good luck with the festival!","<sprite name=""filomena""> Filomena: Debería volver a la taberna. ¡Buena suerte con el festival!"
line:0ab3d9e,"<sprite name=""drunkard""> Petreize: Hey there! How you doin'?","<sprite name=""drunkard""> Petreize: ¡Hola! ¿Cómo te va?"
line:0efd3d3,"<sprite name=""drunkard""> Petreize: Me? I'm doing great! Writing in this giant book is a blessing in itself!","<sprite name=""drunkard""> Petreize: ¿Yo? ¡Estoy genial! ¡Escribir en este libro gigante ya es una bendición!"
line:01d26f7,"<sprite name=""drunkard""> Petreize: And I get to write my own stories too!","<sprite name=""drunkard""> Petreize: ¡Y también puedo escribir mis propias historias!"
line:0d04cd6,"<sprite name=""drunkard""> Petreize: I could never thank you enough for what you did for me.","<sprite name=""drunkard""> Petreize: Nunca podré agradecerte lo suficiente lo que hiciste por mí."
line:0d9ac3f,"<sprite name=""drunkard""> Petreize: Maybe I will write the story of the baladins in the Tale. You're true heroes indeed!","<sprite name=""drunkard""> Petreize: Quizá escriba la historia de los baladins en la Crónica. ¡Son auténticos héroes!"
line:04e64e6,"<sprite name=""drunkard""> Petreize: Oh! By the way: Gabi left this. I have mine so, I thought you might want it.","<sprite name=""drunkard""> Petreize: ¡Ah! Por cierto, Gabi dejó esto. Yo ya tengo el mío, así que pensé que quizá lo querrías."
line:0ec19b7,"<sprite name=""drunkard""> Petreize: Now, I'll need time to write.","<sprite name=""drunkard""> Petreize: Ahora necesitaré tiempo para escribir."
line:0eae9fd,"<sprite name=""drunkard""> Petreize: I don't want to be bothered. But be assured that I will always remember the day we met!","<sprite name=""drunkard""> Petreize: No quiero que me molesten. ¡Pero ten por seguro que siempre recordaré el día en que nos conocimos!"
line:0b2e79b,"<sprite name=""drunkard""> Petreize: Oi! Welcome to the Greasy Gutter!","<sprite name=""drunkard""> Petreize: ¡Ey! ¡Pasa a la Alcantarilla Grasienta!"
line:0e70a43,"<sprite name=""drunkard""> Petreize: Take a seat and a pint and let's talk!","<sprite name=""drunkard""> Petreize: ¡Toma asiento y una jarra, y hablemos!"
line:095b07e,"<sprite name=""drunkard""> Petreize: How's it going?","<sprite name=""drunkard""> Petreize: ¿Cómo va todo?"
line:0d906e2,"<sprite name=""drunkard""> Petreize: Cheers!","<sprite name=""drunkard""> Petreize: ¡Salud!"
line:0fa777f,"<sprite name=""drunkard""> Petreize: Well. Isn't it a baladin.","<sprite name=""drunkard""> Petreize: Bueno. Vaya, un baladin."
line:02e637c,"<sprite name=""drunkard""> Petreize: The least reliable kind of people!","<sprite name=""drunkard""> Petreize: ¡La clase de gente menos confiable!"
line:093e67c,"<sprite name=""drunkard""> Petreize: It's not my house here, but don't come near me!","<sprite name=""drunkard""> Petreize: ¡Este lugar no es mío, pero no te acerques!"
line:06b193f,"<sprite name=""drunkard""> Petreize: Well! If it isn't a baladin!","<sprite name=""drunkard""> Petreize: ¡Bueno! ¡Pero si es un baladin!"
line:0cb1b63,"<sprite name=""drunkard""> Petreize: I love those people! They're my friends!","<sprite name=""drunkard""> Petreize: ¡Me encantan! ¡Son mis amigos!"
line:096b9ad,"<sprite name=""exclamation""><br><br>A writer?","<sprite name=""exclamation""><br><br>¿Escritor?"
line:0aefc5b,"<sprite name=""exclamation""><br><br>Write for the temple!","<sprite name=""exclamation""><br><br>¡Escribe para el templo!"
line:0f6036b,"<sprite name=""talk""><br><br>Shady businesses?","<sprite name=""talk""><br><br>¿Negocios turbios?"
line:0531fe1,"<sprite name=""talk""><br><br>The temple?","<sprite name=""talk""><br><br>¿El templo?"
line:0a03d61,"<sprite name=""talk""><br><br>Need help?","<sprite name=""talk""><br><br>¿Necesitas ayuda?"
line:07d9916,"<sprite name=""talk""><br><br>What is this place?","<sprite name=""talk""><br><br>¿Qué lugar es este?"
line:0c0943e,"<sprite name=""trade""><br><br>Give","<sprite name=""trade""><br><br>Entregar"
line:035e2d4,"<sprite name=""leave""><br><br>Leave","<sprite name=""leave""><br><br>Irse"
line:07362a6,"<sprite name=""drunkard""> Petreize: Don't you know the Greasy Gutter?!","<sprite name=""drunkard""> Petreize: ¿¡No conoces la Alcantarilla Grasienta!?"
line:0c2c5c9,"<sprite name=""drunkard""> Petreize: It's the filthiest joint in Gatherac! But the beer is cheap, and the people, well, they're alright I guess.","<sprite name=""drunkard""> Petreize: ¡Es el antro más sucio de Gatherac! Pero la cerveza es barata y la gente… bueno, no está tan mal, supongo."
line:058f655,"<sprite name=""drunkard""> Petreize: Some say you can find all sorts of shady business around here, but it's safe. Just don't take too much gold out of your pocket!","<sprite name=""drunkard""> Petreize: Dicen que aquí encuentras todo tipo de negocios turbios, pero es seguro. ¡No saques demasiado oro del bolsillo!"
line:00f662e,"<sprite name=""drunkard""> Petreize: But I'm not worried about baladins having too much gold! Haha!","<sprite name=""drunkard""> Petreize: ¡Aunque no me preocupa que los baladins tengan demasiado oro! ¡Ja, ja!"
line:033ab7a,"<sprite name=""talk""><br><br>Shady businesses?","<sprite name=""talk""><br><br>¿Negocios turbios?"
line:004e424,"<sprite name=""talk""><br><br>About yourself?","<sprite name=""talk""><br><br>¿Sobre ti?"
line:0856ff0,"<sprite name=""drunkard""> Petreize: Me? Meh! I'm a simple lutin.","<sprite name=""drunkard""> Petreize: ¿Yo? ¡Bah! Soy un simple duende."
line:01af5dc,"<sprite name=""drunkard""> Petreize: I live here and there, but I spend most of my time here.","<sprite name=""drunkard""> Petreize: Vivo aquí y allá, pero paso casi todo el tiempo aquí."
line:063e680,"<sprite name=""drunkard""> Petreize: If you ever find something shiny and you don't know what to do with it... Give it to me!","<sprite name=""drunkard""> Petreize: Si alguna vez encuentras algo brillante y no sabes qué hacer con ello… ¡Dámelo!"
line:0f2984b,"<sprite name=""drunkard""> Petreize: I like shiny things.","<sprite name=""drunkard""> Petreize: Me gustan las cosas brillantes."
line:0699741,"<sprite name=""leave""><br><br>Back","<sprite name=""leave""><br><br>Volver"
line:083661a,"<sprite name=""drunkard""> Petreize: Help? But you already helped me, baladins!","<sprite name=""drunkard""> Petreize: ¿Ayuda? ¡Pero si ya me ayudaron, baladins!"
line:0e3ae30,"<sprite name=""drunkard""> Petreize: I found a new purpose in life! I do what I like!","<sprite name=""drunkard""> Petreize: ¡Encontré un nuevo propósito en la vida! ¡Hago lo que me gusta!"
line:02e0ac8,"<sprite name=""drunkard""> Petreize: It's hard, of course. I have so many ideas and so few hours during the day to write!","<sprite name=""drunkard""> Petreize: Es difícil, claro. ¡Tengo tantas ideas y tan pocas horas al día para escribir!"
line:01b4b0b,"<sprite name=""drunkard""> Petreize: Do I look like the type to give you a quest?","<sprite name=""drunkard""> Petreize: ¿Tengo aspecto de querer darte una misión?"
line:0d66f1d,"<sprite name=""drunkard""> Petreize: Nah. I'm fine. I don't need help.","<sprite name=""drunkard""> Petreize: Qué va. Estoy bien. No necesito ayuda."
line:0eded36,"<sprite name=""drunkard""> Petreize: Hey I'm no beggar! But I wouldn't say no to something shiny...","<sprite name=""drunkard""> Petreize: ¡Oye, no soy un mendigo! Aunque no rechazaría algo brillante…"
line:0d61df5,"<sprite name=""drunkard""> Petreize: You know what? I really like you, baladin!","<sprite name=""drunkard""> Petreize: ¿Sabes qué? ¡Me caes muy bien, baladin!"
line:0769350,"<sprite name=""drunkard""> Petreize: You're my FRIEND!","<sprite name=""drunkard""> Petreize: ¡YA ERES DE LOS MÍOS!"
line:080d5ff,"<sprite name=""drunkard""> Petreize: I'm just a sad, wasted, misunderstood writer, but tell me if you need anything!","<sprite name=""drunkard""> Petreize: Solo soy un escritor triste, ebrio e incomprendido, ¡pero avísame si necesitas algo!"
line:086580b,"<sprite name=""drunkard""> Petreize: You want me to write the Story? You want me to WRITE?!","<sprite name=""drunkard""> Petreize: ¿Quieres que escriba la Crónica? ¿¡Quieres que ESCRIBA!?"
line:0dbc88b,"<sprite name=""drunkard""> Petreize: Meh. I don't know... How do I know you're not foolin' with me?","<sprite name=""drunkard""> Petreize: Bah. No lo sé… ¿Cómo sé que no te estás burlando de mí?"
line:0b794fc,"<sprite name=""drunkard""> Petreize: You know it's cruel to make fun of an old lutin's dreams.","<sprite name=""drunkard""> Petreize: Sabes que es cruel burlarse de los sueños de un viejo duende."
line:038fa7b,"<sprite name=""drunkard""> Petreize: I only really trust my friend, you know.","<sprite name=""drunkard""> Petreize: Solo confío de verdad en mis amigos, ¿sabes?"
line:02c81bb,"<sprite name=""drunkard""> Petreize: It would be my pleasure! Let's go to the temple!","<sprite name=""drunkard""> Petreize: ¡Será un placer! ¡Vamos al templo!"
line:0cd85a8,Narrator: Petreize staggers and sits down on the pavement.,Narrador: Petreize se tambalea y se sienta en la acera.
line:01c0bf6,"<sprite name=""drunkard""> Petreize: Tomorrow, my friend!  Tomorrow!","<sprite name=""drunkard""> Petreize: ¡Mañana, camarada! ¡Mañana!"
line:0e38d49,"<sprite name=""drunkard""> Petreize: What's this? Wow!","<sprite name=""drunkard""> Petreize: ¿Qué es esto? ¡Vaya!"
line:0b984c4,"<sprite name=""drunkard""> Petreize: It's definitely not mine, but it's worth more money!","<sprite name=""drunkard""> Petreize: Sin duda no es mío, ¡pero vale mucho más dinero!"
line:0b24731,"<sprite name=""drunkard""> Petreize: Tonight I might sleep on the street, but tomorrow I'm having breakfast at the castle!","<sprite name=""drunkard""> Petreize: Esta noche quizá duerma en la calle, ¡pero mañana desayunaré en el castillo!"
line:01e976f,"<sprite name=""exclamation""><br><br>Propose to replace Gabi","<sprite name=""exclamation""><br><br>Proponerle sustituir a Gabi"
line:0b9d408,"<sprite name=""leave""><br><br>Leave","<sprite name=""leave""><br><br>Irse"
line:0906d68,Narrator: Maybe it's better to leave this lost soul in peace.,Narrador: Quizá sea mejor dejar en paz a esta alma perdida.
line:05ca46f,Narrator: There's nothing you can do now.,Narrador: Ahora no puedes hacer nada.
line:0987b50,"<sprite name=""drunkard""> Petreize: You need to ask Gabi first.","<sprite name=""drunkard""> Petreize: Primero tienes que preguntarle a Gabi."
line:062160c,"<sprite name=""drunkard""> Petreize: I'm sure you can convince her that's a good idea!","<sprite name=""drunkard""> Petreize: ¡Seguro que puedes convencerla de que es una buena idea!"
line:0c76433,"<sprite name=""drunkard""> Petreize: In the meantime, I'll wait here.","<sprite name=""drunkard""> Petreize: Mientras tanto, esperaré aquí."
line:000d243,"<sprite name=""drunkard""> Petreize: Meh. I only talk about this with my friends.","<sprite name=""drunkard""> Petreize: Bah. Solo hablo de esto con mis amigos."
line:0541e7a,"<sprite name=""drunkard""> Petreize: Are you my friend, baladin? Then prove it!","<sprite name=""drunkard""> Petreize: ¿Somos amigos, baladin? ¡Entonces demuéstralo!"
line:0419f97,"<sprite name=""drunkard""> Petreize: A writer? Nah... I'm not. I mean... I was.","<sprite name=""drunkard""> Petreize: ¿Escritor? Qué va… No lo soy. Bueno… lo fui."
line:038c934,"<sprite name=""drunkard""> Petreize: You know, the classic story. I wrote a bunch o' books, sold a few, got coin and fame...","<sprite name=""drunkard""> Petreize: Ya sabes, la historia de siempre. Escribí un montón de libros, vendí algunos, conseguí dinero y fama…"
line:05c4f6b,"<sprite name=""drunkard""> Petreize: And then I lost it. It was too much for me. Too many people. Too much pressure.","<sprite name=""drunkard""> Petreize: Y luego lo perdí. Era demasiado para mí. Demasiada gente. Demasiada presión."
line:08e371c,"<sprite name=""drunkard""> Petreize: So I quit writin' and started drinkin'.","<sprite name=""drunkard""> Petreize: Así que dejé de escribir y empecé a beber."
line:06d5d00,"<sprite name=""drunkard""> Petreize: And here I am. But I miss writing. Every single day I think about it.","<sprite name=""drunkard""> Petreize: Y aquí estoy. Pero extraño escribir. Pienso en ello todos los días."
line:071686d,"<sprite name=""drunkard""> Petreize: But I'm scared everything will go south once again.","<sprite name=""drunkard""> Petreize: Pero temo que todo vuelva a salir mal."
line:0f928d3,"<sprite name=""drunkard""> Petreize: Don't you feel guilty for pushing me towards my demons?","<sprite name=""drunkard""> Petreize: ¿No te sientes culpable por empujarme hacia mis demonios?"
line:0055d63,"<sprite name=""drunkard""> Petreize: Be careful with that, baladin. But I'll take it!","<sprite name=""drunkard""> Petreize: Ten cuidado con eso, baladin. ¡Pero lo aceptaré!"
line:0ea1449,"<sprite name=""drunkard""> Petreize: Again?!","<sprite name=""drunkard""> Petreize: ¿¡Otra vez!?"
line:0209162,"<sprite name=""drunkard""> Petreize: Nah it's too much.","<sprite name=""drunkard""> Petreize: No, es demasiado."
line:0266063,"<sprite name=""drunkard""> Petreize: I'll take it. But get away from my face!","<sprite name=""drunkard""> Petreize: Lo aceptaré. ¡Pero apártate de mi vista!"
line:02d2114,"<sprite name=""drunkard""> Petreize: You're a real demon!","<sprite name=""drunkard""> Petreize: ¡Eres un auténtico demonio!"
line:0796d48,Narrator: And Petreize staggers away.,Narrador: Petreize se aleja tambaleándose.
line:0d664f5,"<sprite name=""drunkard""> Petreize: Listen closely. There's this guy. An old chap called Edgar.","<sprite name=""drunkard""> Petreize: Escucha bien. Hay un tipo, un viejo llamado Edgar."
line:01ab96b,"<sprite name=""drunkard""> Petreize: He opened his shop nearby, but it's in a secret place.","<sprite name=""drunkard""> Petreize: Abrió su tienda cerca de aquí, pero está en un lugar secreto."
line:0ae0377,"<sprite name=""drunkard""> Petreize: Try to explore around and you might find him. He's known to be the best counterfeiter in town.","<sprite name=""drunkard""> Petreize: Explora los alrededores y quizá lo encuentres. Dicen que es el mejor falsificador de la ciudad."
line:0619a52,"<sprite name=""drunkard""> Petreize: Sorry but I don't know if you can be trusted.","<sprite name=""drunkard""> Petreize: Lo siento, pero no sé si puedo confiar en ti."
line:07abaa2,"<sprite name=""drunkard""> Petreize: Let's become good friends first.","<sprite name=""drunkard""> Petreize: Primero hagámonos buenos amigos."
line:0598635,"Narrator: After a few days of advertising in the city, you get up on stage in Peace Square.","Narrador: Tras varios días anunciándolo por la ciudad, subes al escenario de la Plaza de la Paz."
line:057e54f,"Narrator: People of Hortegarde like a good show and a lot of them are attending. It's impressive, even for you!","Narrador: A la gente de Hortegarde le gustan los buenos espectáculos y ha venido un público numeroso. ¡Es impresionante, incluso para ti!"
line:0ddd0bd,Narrator: The play of tonight is about two artists.,Narrador: La obra de esta noche trata sobre dos artistas.
line:04a2f8d,"Narrator: One was a very talented author, he spoke to the educated minds.",Narrador: Uno era un autor de gran talento que hablaba a las mentes cultivadas.
line:0c73f34,"Narrator: The other was a prankster, and everybody loved her!","Narrador: La otra era una bromista, ¡y todo el mundo la adoraba!"
line:0bba844,"Narrator: The author would have liked to be loved by the masses, and the prankster would have liked to make jokes which elevate the soul.","Narrador: El autor deseaba ser querido por las masas, y la bromista quería contar chistes que elevaran el espíritu."
line:0042b8a,"<sprite name=""director""> Hollibrius: Fools!","<sprite name=""director""> Hollibrius: ¡Necios!"
line:0d5b72a,"Narrator: The people of their city threw a party, but the baladins were ill and couldn't entertain the crowd!","Narrador: La gente de su ciudad organizó una fiesta, pero los baladins estaban enfermos y no podían entretener al público."
line:0ea7044,Narrator: So they asked the author and the prankster to work together. They managed to make a comic play that was both funny and clever.,Narrador: Así que pidieron al autor y a la bromista que trabajaran juntos. Lograron crear una comedia tan divertida como ingeniosa.
line:0966a45,"<sprite name=""general""> Biscotorius: Brilliant!","<sprite name=""general""> Biscotorius: ¡Brillante!"
line:0dde238,Narrator: The play is about...,Narrador: La obra trata sobre...
line:023c10d,Narrator: Two rocks... Loving each other. But they kept fighting because they wouldn't listen to each other!,Narrador: Dos rocas... que se amaban. ¡Pero no dejaban de pelear porque no se escuchaban!
line:0eea638,"Narrator: But they made up when a druid drew a face on them, so they could talk together.",Narrador: Pero se reconciliaron cuando un druida les dibujó un rostro para que pudieran hablar.
line:0f63712,"<sprite name=""fortuneteller1""> Bonav': Hum. Clever, indeed.","<sprite name=""fortuneteller1""> Bonav': Mmm. Ingenioso, en efecto."
line:0acae34,Narrator: And then there was...,Narrador: Y después había...
line:0e45e70,"Narrator: A druid, who wanted to become a bird!",Narrador: ¡Un druida que quería convertirse en ave!
line:072db51,"<sprite name=""carrierlutin""> Regnon: Oh!","<sprite name=""carrierlutin""> Regnon: ¡Oh!"
line:0d9b50a,"Narrator: He tried to jump from a tree, but fortunately some people were there to catch him.","Narrador: Intentó saltar desde un árbol, pero por fortuna había gente allí para atraparlo."
line:0254d5a,Narrator: Without them he would have fallen and hurt himself!,Narrador: ¡Sin su ayuda habría caído y se habría lastimado!
line:0b54702,Narrator: And then there was...,Narrador: Y después había...
line:0fac6fb,"Narrator: A bird, sitting on a branch, watching.","Narrador: Un ave posada en una rama, observando."
line:0391f2a,"Narrator: He was singing softly, and only a mouse listened.",Narrador: Cantaba con suavidad y solo un ratón escuchaba.
line:0b4b7cd,"Narrator: But he wanted more, and began to sing louder and louder.",Narrador: Pero quería más y empezó a cantar cada vez más fuerte.
line:0f1d8bf,"Narrator: Soon, all the animals in the forest came to listen, but the mouse didn't like it.","Narrador: Pronto todos los animales del bosque acudieron a escuchar, pero al ratón no le gustó."
line:0f0cd6b,"<sprite name=""towncrier""> Sebaste: Oh, poor thing.","<sprite name=""towncrier""> Sebaste: Oh, pobrecito."
line:05c97ae,"Narrator: The bird couldn't see the mouse anymore! So they flew down to the roots, between the legs of the other animals.","Narrador: ¡El ave ya no podía ver al ratón! Así que voló hasta las raíces, entre las patas de los demás animales."
line:05c1963,"Narrator: And the bird started singing again, gently, for their little friend.",Narrador: Y el ave volvió a cantar con dulzura para su pequeño amigo.
line:09f7c06,"<sprite name=""towncrier""> Sebaste: Oh I get it! They've gone back to their roots!","<sprite name=""towncrier""> Sebaste: ¡Ah, ya entendí! ¡Volvieron a sus raíces!"
line:022f77e,Narrator: And then there was...,Narrador: Y después había...
line:016cd46,"Narrator: An ogre, who wanted to build his own house all by himself.",Narrador: Un ogro que quería construir su casa él solo.
line:0f9bdfa,Narrator: But he wanted to do so much he couldn't decide where to begin!,Narrador: ¡Pero quería hacer tantas cosas que no lograba decidir por dónde empezar!
line:0dede2e,Narrator: He was too proud to ask for help!,Narrador: ¡Era demasiado orgulloso para pedir ayuda!
line:02deb1f,"Narrator: But one day, a beaver came and said:",Narrador: Pero un día llegó un castor y dijo:
line:07bc3cb,"Narrator: ""I always wanted to build houses, but they only ever let me build dams!""","Narrador: «¡Siempre quise construir casas, pero solo me dejan construir presas!»"
line:046b7c7,Narrator: It looked so miserable that the ogre let the beaver build his house.,Narrador: Se veía tan desdichado que el ogro le permitió construir su casa.
line:0ee618d,Narrator: And they were both happy.,Narrador: Y ambos fueron felices.
line:0cb44ad,"<sprite name=""bishop""> Gabi: By the gods. That's a good story.","<sprite name=""bishop""> Gabi: Por los dioses. Es una buena historia."
line:05b7780,Narrator: And everything happened during a party!,Narrador: ¡Y todo ocurrió durante una fiesta!
line:0895465,"<sprite name=""director""> Hollibrius: That's convenient...","<sprite name=""director""> Hollibrius: Qué conveniente..."
line:05a944d,Narrator: The denizens of Hortegarde have witnessed the power of friendship and seem very inclined to come to the Peace Festival.,Narrador: La gente de Hortegarde ha presenciado el poder de la amistad y parece muy dispuesta a asistir al Festival de la Paz.
line:0efcf20,Narrator: It was the last regional show. Now wait for the Peace Festival and hope people will come!,Narrador: Este fue el último espectáculo regional. ¡Ahora espera al Festival de la Paz y confía en que la gente asista!
line:04e3dd7,Narrator: Now head to your next destination!,Narrador: ¡Ahora dirígete a tu próximo destino!
line:06b8baf,"<sprite name=""doctor""> Malaphar: Oh, hello!","<sprite name=""doctor""> Malaphar: ¡Oh, hola!"
line:0cc6d81,"<sprite name=""doctor""> Malaphar: Are you troubled in any way?","<sprite name=""doctor""> Malaphar: ¿Hay algo que te perturbe?"
line:0f8b84c,"<sprite name=""exclamation""><br><br>Cure the ghosts!","<sprite name=""exclamation""><br><br>¡Curar a los fantasmas!"
line:0805c5f,"<sprite name=""exclamation""><br><br>Heal Onorada!","<sprite name=""exclamation""><br><br>¡Sanar a Onorada!"
line:0b7a752,"<sprite name=""talk""><br><br>Who are you?","<sprite name=""talk""><br><br>¿Quién eres?"
line:081f404,"<sprite name=""leave""><br><br>Leave","<sprite name=""leave""><br><br>Irse"
line:0b6d081,"<sprite name=""doctor""> Malaphar: You can call me Malaphar!","<sprite name=""doctor""> Malaphar: ¡Puedes llamarme Malaphar!"
line:0361112,"<sprite name=""doctor""> Malaphar: I'm a physician of a new kind: I heal spirits, not bodies!","<sprite name=""doctor""> Malaphar: Soy un médico de una nueva clase: ¡sano espíritus, no cuerpos!"
line:085ec6f,"<sprite name=""doctor""> Malaphar: My fellow doctors often make fun of me, but eh, I'm not the one with a superiority complex!","<sprite name=""doctor""> Malaphar: Mis colegas suelen burlarse de mí, pero, en fin, ¡no soy yo quien tiene complejo de superioridad!"
line:0bf7613,"<sprite name=""doctor""> Malaphar: I'm always on the lookout for new cases and patients, so if you can think of someone...","<sprite name=""doctor""> Malaphar: Siempre busco casos y pacientes nuevos, así que, si se te ocurre alguien..."
line:0d00b96,"<sprite name=""doctor""> Malaphar: Oh, and if you're looking for me, I have an office in Mornoz!","<sprite name=""doctor""> Malaphar: Ah, y si me buscas, ¡tengo un consultorio en Mornoz!"
line:099616c,Narrator: The doctor gives you a piece of paper with an address written on it.,Narrador: El doctor te entrega un papel con una dirección escrita.
line:014eb46,Narrator: It takes you a while to decipher the handwriting but you think you know where to go!,"Narrador: Tardas un poco en descifrar la letra, ¡pero crees saber adónde ir!"
line:0fd97a8,"<sprite name=""janitor""> Duboc: Wow! A baladin! So cool...","<sprite name=""janitor""> Duboc: ¡Vaya! ¡Un baladín! Qué genial..."
line:087aabb,"<sprite name=""janitor""> Duboc: 'Sup?","<sprite name=""janitor""> Duboc: ¿Qué tal?"
line:0c0a19e,"<sprite name=""janitor""> Duboc: How you doin'?","<sprite name=""janitor""> Duboc: ¿Cómo te va?"
line:098206a,"<sprite name=""janitor""> Duboc: By the way, thanks for talking to Onorada. I think she understood I'd rather be a janitor than a mage.","<sprite name=""janitor""> Duboc: Por cierto, gracias por hablar con Onorada. Creo que entendió que prefiero ser conserje antes que mago."
line:0df7c93,"<sprite name=""janitor""> Duboc: What d'ya need?","<sprite name=""janitor""> Duboc: ¿Qué necesitas?"
line:0de26bd,"<sprite name=""janitor""> Duboc: Leave me alone, ok?","<sprite name=""janitor""> Duboc: Déjame en paz, ¿sí?"
line:079dfbe,"<sprite name=""janitor""> Duboc: Hey that's my mate!","<sprite name=""janitor""> Duboc: ¡Ese es mi amigo!"
line:0289da4,"<sprite name=""exclamation""><br><br> Go study magic!","<sprite name=""exclamation""><br><br> ¡Ve a estudiar magia!"
line:04ca0f4,"<sprite name=""exclamation""><br><br> Magic items?","<sprite name=""exclamation""><br><br> ¿Objetos mágicos?"
line:0dfb6b8,"<sprite name=""talk""><br><br>Need help?","<sprite name=""talk""><br><br>¿Necesitas ayuda?"
line:00e8859,"<sprite name=""talk""><br><br>Who are you?","<sprite name=""talk""><br><br>¿Quién eres?"
line:0650896,"<sprite name=""trade""><br><br>Give","<sprite name=""trade""><br><br>Dar"
line:0b4b21f,"<sprite name=""leave""><br><br>Leave","<sprite name=""leave""><br><br>Irse"
line:073a558,"<sprite name=""janitor""> Duboc: Yeah... I'm in trouble.","<sprite name=""janitor""> Duboc: Sí... estoy en problemas."
line:0b8dd1a,"<sprite name=""janitor""> Duboc: One of the gargoyles of the Spellhold has gone missing...","<sprite name=""janitor""> Duboc: Desapareció una de las gárgolas del Bastión Mágico..."
line:0518be7,"<sprite name=""janitor""> Duboc: Onorada still hasn't noticed... yet. But it's a matter of time.","<sprite name=""janitor""> Duboc: Onorada todavía no se ha dado cuenta... Pero es cuestión de tiempo."
line:0dd487d,"<sprite name=""janitor""> Duboc: Please! Find the gargoyle! I looked everywhere in the Spellhold and I'm sure she's not here!","<sprite name=""janitor""> Duboc: ¡Por favor! ¡Encuentra la gárgola! Busqué por todo el Bastión Mágico y estoy seguro de que no está aquí."
line:0b1d615,"<sprite name=""janitor""> Duboc: Say what?!","<sprite name=""janitor""> Duboc: ¿Qué dijiste?"
line:09f4ce5,"<sprite name=""janitor""> Duboc: The floor is not gonna mop by itself...","<sprite name=""janitor""> Duboc: El piso no se va a trapear solo..."
line:0bc47f5,"<sprite name=""janitor""> Duboc: I don't need to study magic. I'm already good at it.","<sprite name=""janitor""> Duboc: No necesito estudiar magia. Ya soy bueno en eso."
line:098eb63,"<sprite name=""janitor""> Duboc: AND I prefer more concrete things.","<sprite name=""janitor""> Duboc: Y ADEMÁS prefiero las cosas más concretas."
line:0e9940e,"<sprite name=""janitor""> Duboc: Like mopping up the floor.","<sprite name=""janitor""> Duboc: Como trapear el piso."
line:0d8159d,"<sprite name=""janitor""> Duboc: That's what you want? I mean... I owe you one but...","<sprite name=""janitor""> Duboc: ¿Eso es lo que quieres? Digo... te debo una, pero..."
line:0142ebc,"<sprite name=""janitor""> Duboc: Okay fine, I'll learn some magic...","<sprite name=""janitor""> Duboc: Está bien, aprenderé un poco de magia..."
line:06e189c,"<sprite name=""janitor""> Duboc: But I'll get back mopping as soon as I'm graduated.","<sprite name=""janitor""> Duboc: Pero volveré a trapear en cuanto me gradúe."
line:0eca3b2,"<sprite name=""janitor""> Duboc: The magical Orb of Light?","<sprite name=""janitor""> Duboc: ¿El Orbe de Luz mágico?"
line:00bd04b,"<sprite name=""janitor""> Duboc: The mighty Box of Shrinking?","<sprite name=""janitor""> Duboc: ¿La poderosa Caja Reductora?"
line:0320130,"<sprite name=""janitor""> Duboc: Oh yeah! I remember. Tossed it on a shelf somewhere with other school projects.","<sprite name=""janitor""> Duboc: ¡Ah, sí! Ya recuerdo. La arrojé en algún estante con otros proyectos escolares."
line:00f8e3c,"<sprite name=""janitor""> Duboc: Follow me.","<sprite name=""janitor""> Duboc: Sígueme."
line:072791e,Narrator: You follow the janitor deep into a maze of shelves covered in artifacts.,Narrador: Sigues al conserje hasta lo más profundo de un laberinto de estantes cubiertos de artefactos.
line:0eee431,"<sprite name=""janitor""> Duboc: Here! Can you handle the ladder while I'm climbing?","<sprite name=""janitor""> Duboc: ¡Aquí! ¿Puedes sujetar la escalera mientras subo?"
line:07c97d0,"<sprite name=""physique"">{0}<br><br>Handle the Ladder","<sprite name=""physique"">{0}<br><br>Sujetar la escalera"
line:0620f23,"<sprite name=""finesse"">{0}<br><br>Climb","<sprite name=""finesse"">{0}<br><br>Subir"
line:0570897,"<sprite name=""cook""><sprite name=""creation"">{0}<br><br>Use your pan","<sprite name=""cook""><sprite name=""creation"">{0}<br><br>Usar tu sartén"
line:036510c,"<sprite name=""janitor""> Duboc: But I'm sorry, I need to find the gargoyle first, or the old lady will kill me!","<sprite name=""janitor""> Duboc: Pero lo siento, primero tengo que encontrar la gárgola, ¡o la anciana me matará!"
line:0f4e34e,Narrator: You hold the ladder while Duboc climbs up.,Narrador: Sostienes la escalera mientras Duboc sube.
line:094c90f,Narrator: You manage to hold tight!,Narrador: ¡Logras sujetarla con firmeza!
line:04c9f76,"<sprite name=""janitor""> Duboc: Got it! Here you are, have fun!","<sprite name=""janitor""> Duboc: ¡Lo tengo! Toma, ¡diviértete!"
line:03a7a26,Narrator: But the janitor is heavier than he looks and the ladder shakes like a lutin in the winter wind.,Narrador: Pero el conserje pesa más de lo que aparenta y la escalera tiembla como un lutin bajo el viento invernal.
line:00a03cf,Narrator: The janitor hasn't even climbed three rungs when he steps off the ladder.,Narrador: El conserje no alcanza a subir ni tres peldaños antes de bajarse de la escalera.
line:0b58f9d,"<sprite name=""janitor""> Duboc: You're cool but I'm not risking my life for you!","<sprite name=""janitor""> Duboc: Me caes bien, ¡pero no arriesgaré mi vida por ti!"
line:012cdf0,Narrator: You decide to climb up the ladder yourself.,Narrador: Decides subir tú por la escalera.
line:01e485d,Narrator: Duboc handles the ladder but you have to find the right artifact in the shelf.,"Narrador: Duboc sostiene la escalera, pero tú debes encontrar el artefacto correcto en el estante."
line:0d31d9f,Narrator: You take what you think is the item you wanted.,Narrador: Tomas lo que crees que es el objeto que buscabas.
line:0c064e4,Narrator: But when you leave the Spellhold you realize it's just some random junk.,Narrador: Pero al salir del Bastión Mágico descubres que solo es un cachivache cualquiera.
line:0b374df,"<sprite name=""janitor""> Duboc: I have enough junk piled in the storage room, please don't add to it!","<sprite name=""janitor""> Duboc: Ya tengo suficientes cachivaches amontonados en la bodega. ¡Por favor, no agregues más!"
line:04e8cb7,"<sprite name=""janitor""> Duboc: The gargoyle! Awesome!","<sprite name=""janitor""> Duboc: ¡La gárgola! ¡Genial!"
line:01a4e25,"<sprite name=""janitor""> Duboc: Her family was starting to worry, she was gone for a long time.","<sprite name=""janitor""> Duboc: Su familia empezaba a preocuparse. Llevaba mucho tiempo fuera."
line:0759446,"<sprite name=""janitor""> Duboc: She belongs here. Thank you baladin! You saved my life! I owe you one!","<sprite name=""janitor""> Duboc: Ella pertenece aquí. ¡Gracias, baladín! ¡Me salvaste la vida! ¡Te debo una!"
line:01aff8b,"<sprite name=""janitor""> Duboc: You can ask me anything, if I can help!","<sprite name=""janitor""> Duboc: Puedes pedirme lo que quieras. ¡Si puedo, te ayudaré!"
line:0edf298,"<sprite name=""janitor""> Duboc: So you're telling me there are ghosts in this jar?","<sprite name=""janitor""> Duboc: ¿Me estás diciendo que hay fantasmas en este frasco?"
line:0b7c707,"<sprite name=""janitor""> Duboc: Coooool!","<sprite name=""janitor""> Duboc: ¡Geniaaaal!"
line:0321d4a,"<sprite name=""janitor""> Duboc: I'll put them on the top of the walls, they must be scary, right?","<sprite name=""janitor""> Duboc: Los pondré en lo alto de las murallas. Deben dar miedo, ¿no?"
line:072e22b,"<sprite name=""janitor""> Duboc: You're awesome, baladin. Don't bother finding the gargoyle, now.","<sprite name=""janitor""> Duboc: Eres increíble, baladín. Ya no te molestes en buscar la gárgola."
line:07b5d33,"<sprite name=""janitor""> Duboc: I'm Duboc, the janitor.","<sprite name=""janitor""> Duboc: Soy Duboc, el conserje."
line:0e60e46,"<sprite name=""janitor""> Duboc: It's quite a job to clean a magic school.","<sprite name=""janitor""> Duboc: Limpiar una escuela de magia da muchísimo trabajo."
line:0414fb3,"<sprite name=""janitor""> Duboc: And the boss is always on my back! But, I mean, I like what I do.","<sprite name=""janitor""> Duboc: ¡Y la jefa siempre está encima de mí! Pero, bueno, me gusta lo que hago."
line:0f13491,"<sprite name=""janitor""> Duboc: What d'ya want?","<sprite name=""janitor""> Duboc: ¿Qué quieres?"
line:0af0947,The Orb of Light!,¡El Orbe de Luz!
line:08ccd46,The Shrinking Box!,¡La Caja Reductora!
line:0fe9ca6,Narrator: But an Orb of Light is quite easy to spot amongst all that garbage.,Narrador: Pero un Orbe de Luz es bastante fácil de distinguir entre toda esa basura.
line:0dbac55,Narrator: But you can spot the peculiar shape of the magic box.,Narrador: Pero logras distinguir la peculiar forma de la caja mágica.
line:006a3fd,Narrator: You think outside the box and try to fetch the object with your pan.,Narrador: Piensas de forma poco convencional e intentas alcanzar el objeto con tu sartén.
line:0480152,Narrator: You manage to make the orb roll into the pan!,Narrador: ¡Logras hacer que el orbe ruede hasta caer en la sartén!
line:087b06c,Narrator: You slide the magic box along the shelf and it falls on the floor.,Narrador: Deslizas la caja mágica por el estante hasta que cae al suelo.
line:0ae7c15,"Narrator: Fortunately, it's quite sturdy.","Narrador: Por fortuna, es bastante resistente."
line:08e0727,"Narrator: But being creative is not enough, sometimes.",Narrador: Pero a veces ser creativo no basta.
line:02dacb2,Narrator: You can't see where you're going with your pan and make an entire shelf of magic items collapse.,Narrador: No ves por dónde vas debido a la sartén y haces que se desplome un estante entero de objetos mágicos.
line:03be77f,"<sprite name=""janitor""> Duboc: You're lucky nothing exploded.","<sprite name=""janitor""> Duboc: Tienes suerte de que nada haya explotado."
line:0f650aa,"<sprite name=""janitor""> Duboc: Now I have to clean your mess. Get out!","<sprite name=""janitor""> Duboc: Ahora tengo que limpiar tu desastre. ¡Fuera!"
line:044b292,"<sprite name=""bishop""> Gabi: Sorry baladin, but the Temple will close for some time.","<sprite name=""bishop""> Gabi: Lo siento, baladin, pero el Templo cerrará durante un tiempo."
line:0a41e67,"<sprite name=""bishop""> Gabi: I was looking for inspiration the other day, and I literaly found it at the bottom of a nuton hole.","<sprite name=""bishop""> Gabi: El otro día buscaba inspiración y literalmente la encontré en el fondo de una madriguera de nuton."
line:014eff0,"<sprite name=""bishop""> Gabi: My arm broke and I was unable to write anything. For days, the Tale didn't have any new installments.","<sprite name=""bishop""> Gabi: Me rompí el brazo y no pude escribir nada. Durante días, la Crónica no recibió nuevas entregas."
line:020813d,"<sprite name=""bishop""> Gabi: And you know what? Nothing changed! No catastrophe happened!","<sprite name=""bishop""> Gabi: ¿Y sabes qué? ¡Nada cambió! ¡No ocurrió ninguna catástrofe!"
line:06d971f,"<sprite name=""bishop""> Gabi: I guess the world can deal with me taking vacations!","<sprite name=""bishop""> Gabi: ¡Supongo que el mundo puede soportar que me tome unas vacaciones!"
line:0ee38aa,"Narrator: And the high cleric leaves. In the silence of the empty temple, you find an unusual relic.",Narrador: La alta clériga se marcha. En el silencio del templo vacío encuentras una reliquia inusual.
line:050909e,"<sprite name=""bishop""> Gabi: Beware the wrath of the gods as you enter their house!","<sprite name=""bishop""> Gabi: ¡Teme la ira de los dioses al entrar en su morada!"
line:01e8ae8,"<sprite name=""bishop""> Gabi: Who's disturbing me again?","<sprite name=""bishop""> Gabi: ¿Quién vuelve a molestarme?"
line:036c24d,"<sprite name=""bishop""> Gabi: Blessed be the Four!","<sprite name=""bishop""> Gabi: ¡Benditos sean los Cuatro!"
line:014c0ca,"<sprite name=""bishop""> Gabi: State your business!","<sprite name=""bishop""> Gabi: ¡Di a qué vienes!"
line:0605a57,"<sprite name=""bishop""> Gabi: You heretic have no place in this temple!","<sprite name=""bishop""> Gabi: ¡Un hereje como tú no tiene cabida en este templo!"
line:0cc9851,"<sprite name=""bishop""> Gabi: Get out before I take you out!","<sprite name=""bishop""> Gabi: ¡Sal antes de que te saque yo!"
line:00aaac1,"<sprite name=""bishop""> Gabi: A faithful baladin!","<sprite name=""bishop""> Gabi: ¡Un baladin fiel!"
line:025a7da,"<sprite name=""exclamation""><br><br>We found help!","<sprite name=""exclamation""><br><br>¡Encontramos ayuda!"
line:07f2795,"<sprite name=""exclamation""><br><br>About your writer's block...","<sprite name=""exclamation""><br><br>Sobre tu bloqueo creativo..."
line:0a37dcb,"<sprite name=""talk""><br><br>About your writer's block...","<sprite name=""talk""><br><br>Sobre tu bloqueo creativo..."
line:05299a4,"<sprite name=""talk""><br><br>Need help?","<sprite name=""talk""><br><br>¿Necesitas ayuda?"
line:045ee4e,"<sprite name=""talk""><br><br>Who are you?","<sprite name=""talk""><br><br>¿Quién eres?"
line:0037560,"<sprite name=""trade""><br><br>Give","<sprite name=""trade""><br><br>Entregar"
line:01a42d6,"<sprite name=""leave""><br><br>Leave","<sprite name=""leave""><br><br>Irse"
line:00f6cf1,"<sprite name=""bishop""> Gabi: Help? No. You helped me, already!","<sprite name=""bishop""> Gabi: ¿Ayuda? No. ¡Ya me ayudaste!"
line:0bc96a1,"<sprite name=""bishop""> Gabi: Now, I will help the people!","<sprite name=""bishop""> Gabi: ¡Ahora ayudaré a la gente!"
line:0daba25,"<sprite name=""bishop""> Gabi: Yes. I need help.","<sprite name=""bishop""> Gabi: Sí. Necesito ayuda."
line:0f55f3b,"<sprite name=""bishop""> Gabi: I need to make a footnote reference to a previous version of a myth someone augmented this week.","<sprite name=""bishop""> Gabi: Tengo que añadir una nota al pie que cite una versión anterior de un mito que alguien amplió esta semana."
line:00e6c19,"<sprite name=""bishop""> Gabi: Do you remember by any chance when the last version of the ""Song of Renart the facetious"" was written?","<sprite name=""bishop""> Gabi: ¿Recuerdas por casualidad cuándo se escribió la última versión del «Cantar de Renart el Bromista»?"
line:02bf57a,"<sprite name=""knowledge"">{0}<br><br>Try to remember","<sprite name=""knowledge"">{0}<br><br>Intentar recordarlo"
line:00a219d,Uuuuuh...,Eeeeh...
line:0795227,"<sprite name=""bishop""> Gabi: That's what I was afraid of.","<sprite name=""bishop""> Gabi: Es lo que me temía."
line:023fc17,"<sprite name=""bishop""> Gabi: But I'll manage without you.","<sprite name=""bishop""> Gabi: Pero me las arreglaré sin ti."
line:05eac3d,Narrator: You're a kind of a Tale-nerd yourself: you give the right answer with a dash of pedantry.,Narrador: También eres toda una eminencia en la Crónica: respondes correctamente con un toque de pedantería.
line:0268ea4,"<sprite name=""bishop""> Gabi: That's it! Thank you!","<sprite name=""bishop""> Gabi: ¡Eso es! ¡Gracias!"
line:01b4da4,"<sprite name=""bishop""> Gabi: I didn't expect much from a baladin but you appear to be trustworthy after all.","<sprite name=""bishop""> Gabi: No esperaba mucho de un baladin, pero después de todo pareces merecer mi confianza."
line:0af505d,"<sprite name=""bishop""> Gabi: You'll always be welcome here!","<sprite name=""bishop""> Gabi: ¡Aquí siempre tendrás las puertas abiertas!"
line:0307870,"<sprite name=""bishop""> Gabi: And I'll never question the value of baladins anymore.","<sprite name=""bishop""> Gabi: Y nunca volveré a cuestionar el valor de los baladins."
line:03856e7,Narrator: Thinking about the Song of Renart reminds you of the moral of the story.,Narrador: Pensar en el Cantar de Renart te recuerda la moraleja de la historia.
line:051ae8f,"Narrator: It's a cautionary tale about love, difference, and workplace issues.","Narrador: Es un relato aleccionador sobre el amor, las diferencias y los problemas laborales."
line:0e710a6,Narrator: The wisdom of old tales can always help to solve conflicts.,Narrador: La sabiduría de los relatos antiguos siempre puede ayudar a resolver conflictos.
line:0f55499,Narrator: It reminds you of the situation of the fortunetellers. Maybe this tale could help them?,Narrador: Te recuerda la situación de las adivinas. ¿Quizá este relato pueda ayudarlas?
line:0e75566,Narrator: The last time you read the Tale was in school.,Narrador: La última vez que leíste la Crónica fue en la escuela.
line:0c28bc8,Narrator: You're not very familiar with its recent additions...,Narrador: No conoces muy bien sus adiciones recientes…
line:0b5bbc1,"<sprite name=""bishop""> Gabi: I'm not surprised. The baladins are busier foolin' around than going to the temple.","<sprite name=""bishop""> Gabi: No me sorprende. Los baladins están más ocupados haciendo tonterías que visitando el templo."
line:00cac5a,"<sprite name=""bishop""> Gabi: I must admit, I had a problem.","<sprite name=""bishop""> Gabi: Debo admitir que tenía un problema."
line:0d33547,"<sprite name=""bishop""> Gabi: But you brought my inspiration back, baladin!","<sprite name=""bishop""> Gabi: Pero devolviste mi inspiración, ¡baladin!"
line:0f4f3b7,"<sprite name=""bishop""> Gabi: It's quite logical when you think about it. You should know how to find inspiration for your own work!","<sprite name=""bishop""> Gabi: Es bastante lógico si lo piensas. ¡Tú debes saber cómo encontrar inspiración para tu propio trabajo!"
line:0a2fe6b,"<sprite name=""bishop""> Gabi: Me? A writer's block? Don't be foolish!","<sprite name=""bishop""> Gabi: ¿Yo? ¿Un bloqueo creativo? ¡No digas tonterías!"
line:0f49406,"<sprite name=""bishop""> Gabi: I mean... I haven't actually written anything in a long time but...","<sprite name=""bishop""> Gabi: Quiero decir… En realidad no he escrito nada desde hace mucho, pero…"
line:0966703,"<sprite name=""bishop""> Gabi: I spend my days writing! I write the stories of the people in the Tale! That counts as writing!","<sprite name=""bishop""> Gabi: ¡Me paso el día escribiendo! ¡Escribo las historias de la gente en la Crónica! ¡Eso cuenta como escribir!"
line:032eb6f,"<sprite name=""bishop""> Gabi: Anyway my own stories started to be rubbish...","<sprite name=""bishop""> Gabi: En fin, mis propias historias empezaron a ser basura…"
line:08f613c,"<sprite name=""bishop""> Gabi: Maybe someone out there still has the gift of the gods, but I don't.","<sprite name=""bishop""> Gabi: Quizá alguien ahí fuera aún posea el don de los dioses, pero yo no."
line:0a29335,"<sprite name=""cook""><sprite name=""creation"">{0}<br><br>Cook for her","<sprite name=""cook""><sprite name=""creation"">{0}<br><br>Cocinar para ella"
line:08cf004,"<sprite name=""leave""><br><br>Don't cook","<sprite name=""leave""><br><br>No cocinar"
line:0977087,"<sprite name=""bishop""> Gabi: My name is Gabrielle Albertine Beatrice Innocenti!","<sprite name=""bishop""> Gabi: ¡Me llamo Gabrielle Albertine Beatrice Innocenti!"
line:0d65143,"<sprite name=""bishop""> Gabi: But you can call me Gabi.","<sprite name=""bishop""> Gabi: Pero puedes llamarme Gabi."
line:0e6c57b,"<sprite name=""bishop""> Gabi: Here you stand in the Hall of the Four.","<sprite name=""bishop""> Gabi: Te encuentras en el Salón de los Cuatro."
line:0579454,"<sprite name=""bishop""> Gabi: Here we worship the gods and here I write the Tale.","<sprite name=""bishop""> Gabi: Aquí veneramos a los dioses y aquí escribo la Crónica."
line:08e03a4,"<sprite name=""exclamation""><br><br>The Gods?","<sprite name=""exclamation""><br><br>¿Los dioses?"
line:0e8d937,"<sprite name=""bishop""> Gabi: Don't you know the Four Gods?","<sprite name=""bishop""> Gabi: ¿No conoces a los Cuatro Dioses?"
line:08e612e,"<sprite name=""bishop""> Gabi: First there is Gruïd, the crane. God of peace, stillness and stones.","<sprite name=""bishop""> Gabi: Primero está Gruïd, la grulla. Dios de la paz, la quietud y las piedras."
line:035440a,"<sprite name=""bishop""> Gabi: Then, there is Ugrobore, the serpent. God of the cycles of nature, war and ogres.","<sprite name=""bishop""> Gabi: Después está Ugrobore, la serpiente. Dios de los ciclos de la naturaleza, la guerra y los ogros."
line:0c7aa20,"<sprite name=""bishop""> Gabi: The third is Textia, the goddess who wove the world with Ugrobore's wheel.","<sprite name=""bishop""> Gabi: La tercera es Textia, la diosa que tejió el mundo con la rueda de Ugrobore."
line:01bee94,"<sprite name=""bishop""> Gabi: And finally Icosa, divinity of chaos and random.","<sprite name=""bishop""> Gabi: Y por último, Icosa, divinidad del caos y el azar."
line:071abe7,"<sprite name=""bishop""> Gabi: And that's it! There is no fifth god. Not anymore.","<sprite name=""bishop""> Gabi: ¡Y eso es todo! No hay un quinto dios. Ya no."
line:011970d,"<sprite name=""exclamation""><br><br>The Tale?","<sprite name=""exclamation""><br><br>¿La Crónica?"
line:0704e90,"<sprite name=""bishop""> Gabi: The Tale is the evergoing story of the gods and mythical heroes.","<sprite name=""bishop""> Gabi: La Crónica es la historia interminable de los dioses y los héroes míticos."
line:0edbe37,"<sprite name=""bishop""> Gabi: All people are welcome to write their own part of the story.","<sprite name=""bishop""> Gabi: Todo el mundo puede escribir su propia parte de la historia."
line:09d5b14,"<sprite name=""bishop""> Gabi: They just have to send it to me and I'll write it down the giant book right over there.","<sprite name=""bishop""> Gabi: Solo tienen que enviármela y yo la anotaré en ese libro gigante de allí."
line:0170941,"<sprite name=""bishop""> Gabi: An overwhelming task indeed, so I’m the perfect fit for the job!","<sprite name=""bishop""> Gabi: Es una tarea abrumadora, sin duda, ¡así que soy perfecta para el puesto!"
line:0cb7b81,"<sprite name=""leave""><br><br>Oh, ok!","<sprite name=""leave""><br><br>¡Ah, entiendo!"
line:0c7e42c,"<sprite name=""bishop""> Gabi: I don't need to hoard your stuff in the Temple.","<sprite name=""bishop""> Gabi: No necesito acumular tus cosas en el Templo."
line:0f784d6,"<sprite name=""bishop""> Gabi: Dear gods! Candy!","<sprite name=""bishop""> Gabi: ¡Queridos dioses! ¡Dulces!"
line:06261ca,"<sprite name=""bishop""> Gabi: Let's have a snack together, shall we?","<sprite name=""bishop""> Gabi: Comamos algo, ¿quieres?"
line:0da145e,Narrator: The cleric sets up a fire with a couple of chairs.,Narrador: La clériga prepara una fogata con un par de sillas.
line:0f57de8,Narrator: The crackling of the sugar over the flame echoes under the temple ceiling.,Narrador: El crepitar del azúcar sobre la llama resuena bajo el techo del templo.
line:007e691,"<sprite name=""bishop""> Gabi: Yum! This scent always makes me want to hear stories.","<sprite name=""bishop""> Gabi: ¡Qué rico! Este aroma siempre despierta mis ganas de escuchar historias."
line:098f6b2,"<sprite name=""bishop""> Gabi: Do you have any for me?","<sprite name=""bishop""> Gabi: ¿Tienes alguna para mí?"
line:075c890,"<sprite name=""creation"">{0}<br><br>Tell a story","<sprite name=""creation"">{0}<br><br>Contar una historia"
line:0781e25,Narrator: You tell a thrilling story about a magical candy factory eating children alive!,Narrador: ¡Cuentas una historia emocionante sobre una fábrica mágica de dulces que devora niños vivos!
line:03542f9,"<sprite name=""bishop""> Gabi: Haha! Great one! But what if the kids were invited there? Like they won something?","<sprite name=""bishop""> Gabi: ¡Ja, ja! ¡Muy buena! Pero ¿y si los niños fueran invitados? ¿Como si hubieran ganado algo?"
line:06f3a8a,"Narrator: And the cleric embarks on a new story, with a complex plot, deep characters and plenty of believable details.","Narrador: La clériga se embarca en una nueva historia, con una trama compleja, personajes profundos y muchos detalles creíbles."
line:04f6ce6,Narrator: She even forgets to eat her candy!,Narrador: ¡Hasta se olvida de comer sus dulces!
line:09dce8f,"<sprite name=""bishop""> Gabi: Sorry, baladin, I need to write all of this down!","<sprite name=""bishop""> Gabi: Lo siento, baladin, ¡tengo que escribir todo esto!"
line:016dc8f,"<sprite name=""bishop""> Gabi: Thank you for the pleasant story night!","<sprite name=""bishop""> Gabi: ¡Gracias por esta agradable noche de historias!"
line:067ac56,"Narrator: You tell a rather dull story about a prophecy, and dragons, and wizards.","Narrador: Cuentas una historia bastante aburrida sobre una profecía, dragones y magos."
line:0202cc4,"<sprite name=""bishop""> Gabi: Well... I've finished my candy.","<sprite name=""bishop""> Gabi: Bueno… Ya terminé mis dulces."
line:0bc32a1,"<sprite name=""bishop""> Gabi: Thank you for the snack, baladin. I need to go back to work.","<sprite name=""bishop""> Gabi: Gracias por el bocadillo, baladin. Tengo que volver al trabajo."
line:0427ea9,"<sprite name=""bishop""> Gabi: Ah! I like to light a good incense in the temple when I'm writing.","<sprite name=""bishop""> Gabi: ¡Ah! Me gusta encender un buen incienso en el templo mientras escribo."
line:049ac69,"<sprite name=""bishop""> Gabi: This will not give me inspiration, but it's a start. Thanks baladin!","<sprite name=""bishop""> Gabi: Esto no me dará inspiración, pero es un comienzo. ¡Gracias, baladin!"
line:02d1aeb,"<sprite name=""bishop""> Gabi: Thanks, but I already have all the incense I need!","<sprite name=""bishop""> Gabi: Gracias, pero ¡ya tengo todo el incienso que necesito!"
line:05c8c11,"<sprite name=""bishop""> Gabi: By Icosa! You found the Biscotorius card?!","<sprite name=""bishop""> Gabi: ¡Por Icosa! ¿¡Encontraste la carta de Biscotorius!?"
line:05b4917,"<sprite name=""bishop""> Gabi: Can I have it?","<sprite name=""bishop""> Gabi: ¿Puedo quedármela?"
line:096cd67,"<sprite name=""bishop""> Gabi: Thanks baladin! That's the last one I was missing!","<sprite name=""bishop""> Gabi: ¡Gracias, baladin! ¡Es la última que me faltaba!"
line:08241b1,"<sprite name=""bishop""> Gabi: Come back anytime!","<sprite name=""bishop""> Gabi: ¡Regresa cuando quieras!"
line:0099b70,"<sprite name=""bishop""> Gabi: That's a true act of faith. Thank you, baladin.","<sprite name=""bishop""> Gabi: Es un verdadero acto de fe. Gracias, baladin."
line:0de01a8,"<sprite name=""bishop""> Gabi: If by any chance you come across the Biscotorius card, let me know!","<sprite name=""bishop""> Gabi: Si por casualidad encuentras la carta de Biscotorius, ¡avísame!"
line:0f2d305,"<sprite name=""bishop""> Gabi: Yes. I've met a lutin named Petreize.","<sprite name=""bishop""> Gabi: Sí. Conocí a un duende llamado Petreize."
line:0e35727,"<sprite name=""bishop""> Gabi: They claim to be a writer.","<sprite name=""bishop""> Gabi: Afirma que es escritor."
line:0caeba2,"<sprite name=""bishop""> Gabi: I must say you've impressed me, baladin. And I now trust your judgement!","<sprite name=""bishop""> Gabi: Debo decir que me impresionaste, baladin. ¡Ahora confío en tu criterio!"
line:0468d93,"<sprite name=""bishop""> Gabi: And I will put my trust in Petreize.","<sprite name=""bishop""> Gabi: Y depositaré mi confianza en Petreize."
line:0bafdb7,"<sprite name=""bishop""> Gabi: It's going to be difficult for me, but I'll lay down the pen for now.","<sprite name=""bishop""> Gabi: Será difícil para mí, pero dejaré la pluma por ahora."
line:02b33b5,"<sprite name=""bishop""> Gabi: Thank you for your help, baladin.","<sprite name=""bishop""> Gabi: Gracias por tu ayuda, baladin."
line:0199c14,"<sprite name=""bishop""> Gabi: But I'm not sure about it.","<sprite name=""bishop""> Gabi: Pero no estoy segura."
line:0bea64d,"<sprite name=""bishop""> Gabi: I can't put the future of the church in the hands of drunkards and baladins.","<sprite name=""bishop""> Gabi: No puedo poner el futuro de la iglesia en manos de borrachos y baladins."
line:074cdcf,"<sprite name=""bishop""> Gabi: No offense. But you'll have to prove yourselves worthy of my trust.","<sprite name=""bishop""> Gabi: Sin ánimo de ofender. Pero tendrán que demostrar que merecen mi confianza."
line:04a2562,Narrator: You find ingredients in the bottom of your bag and throw them into your pan.,Narrador: Encuentras ingredientes en el fondo de tu bolsa y los arrojas a la sartén.
line:0daf385,"Narrator: Soon, the smell of incense is replaced by the delicious smell of your meal.",Narrador: Pronto el delicioso aroma de tu comida sustituye al olor del incienso.
line:07e16e0,"<sprite name=""bishop""> Gabi: What's this? Can I have some? Oh it's for me!","<sprite name=""bishop""> Gabi: ¿Qué es esto? ¿Puedo probarlo? ¡Ah, es para mí!"
line:091d800,"<sprite name=""bishop""> Gabi: I just realized I always have the same meal everyday. A bit of change is welcome!","<sprite name=""bishop""> Gabi: Acabo de darme cuenta de que como lo mismo todos los días. ¡Un poco de variedad es bienvenida!"
line:02980cc,"<sprite name=""bishop""> Gabi: Let's sit together, we'll tell stories around the plate!","<sprite name=""bishop""> Gabi: Sentémonos y contemos historias alrededor del plato."
line:03dc6b8,"<sprite name=""bishop""> Gabi: I can bring candy for dessert.","<sprite name=""bishop""> Gabi: Puedo traer dulces para el postre."
line:0b18fa9,Narrator: But you have a hard time getting the right temperature to cook in the temple.,Narrador: Pero te cuesta alcanzar la temperatura adecuada para cocinar en el templo.
line:031cbd4,"<sprite name=""bishop""> Gabi: Using the candle fire to cook is blasphemy.","<sprite name=""bishop""> Gabi: Utilizar el fuego de las velas para cocinar es una blasfemia."
line:01d8645,"<sprite name=""bishop""> Gabi: I'm not in the mood for a meal, thank you.","<sprite name=""bishop""> Gabi: No me apetece comer, gracias."
line:009fa3a,"<sprite name=""bishop""> Gabi: I don't know how, but you seem to have figured me out well.","<sprite name=""bishop""> Gabi: No sé cómo, pero parece que me comprendes muy bien."
line:017edcf,"<sprite name=""bishop""> Gabi: You must know the heart of people, like only true artists do!","<sprite name=""bishop""> Gabi: ¡Debes conocer el corazón de la gente como solo lo hacen los verdaderos artistas!"
line:077c35a,"<sprite name=""bishop""> Gabi: You may be worthy, baladins.","<sprite name=""bishop""> Gabi: Quizá sean dignos, baladins."
line:02ec53a,"<sprite name=""miller""> Jordi: Hey, baladin! The council has sent an engineer.","<sprite name=""miller""> Jordi: ¡Oye, baladin! El consejo envió a alguien de ingeniería."
line:0bd3015,"<sprite name=""miller""> Jordi: They've been tinkering all day but I don't think they're going anywhere.","<sprite name=""miller""> Jordi: Lleva todo el día haciendo ajustes, pero no creo que avance."
line:0b67b9e,"<sprite name=""miller""> Jordi: Hum? Someone new?","<sprite name=""miller""> Jordi: ¿Mmm? ¿Alguien nuevo?"
line:0fb588f,"<sprite name=""miller""> Jordi: 'Sup.","<sprite name=""miller""> Jordi: ¿Qué tal?"
line:0b87cba,"<sprite name=""miller""> Jordi: You keep coming back, uh?","<sprite name=""miller""> Jordi: Sigues regresando, ¿eh?"
line:0f921a8,"<sprite name=""miller""> Jordi: Can I help you?","<sprite name=""miller""> Jordi: ¿Puedo ayudarte?"
line:069a6f7,"<sprite name=""miller""> Jordi: I'm working. Don't want to talk to you anyway.","<sprite name=""miller""> Jordi: Estoy trabajando. De todos modos, no quiero hablar contigo."
line:02bd9b7,"<sprite name=""miller""> Jordi: Bye.","<sprite name=""miller""> Jordi: Adiós."
line:05e08c1,"<sprite name=""miller""> Jordi: Hey!","<sprite name=""miller""> Jordi: ¡Oye!"
line:074d0ca,"<sprite name=""miller""> Jordi: A baladin always puts a smile on my face!","<sprite name=""miller""> Jordi: ¡Un baladin siempre me alegra el día!"
line:0890a2c,"<sprite name=""exclamation""><br><br> The Engineer?","<sprite name=""exclamation""><br><br>¿Quién repara el molino?"
line:08567bc,"<sprite name=""exclamation""><br><br>Need help?","<sprite name=""exclamation""><br><br>¿Necesitas ayuda?"
line:09ed002,"<sprite name=""talk""><br><br> The Engineer?","<sprite name=""talk""><br><br>¿Quién repara el molino?"
line:073d892,"<sprite name=""talk""><br><br>Need help?","<sprite name=""talk""><br><br>¿Necesitas ayuda?"
line:0a9ba37,"<sprite name=""talk""><br><br>Where are we?","<sprite name=""talk""><br><br>¿Dónde estamos?"
line:055aba0,"<sprite name=""trade""><br><br>Give","<sprite name=""trade""><br><br>Entregar"
line:0011dfe,"<sprite name=""leave""><br><br>Leave","<sprite name=""leave""><br><br>Irse"
line:01346e6,"<sprite name=""miller""> Jordi: Well... That's the mill of Hortegarde.","<sprite name=""miller""> Jordi: Bueno... Este es el molino de Hortegarde."
line:08b29c1,"<sprite name=""miller""> Jordi: Here I grind the grain for the city.","<sprite name=""miller""> Jordi: Aquí muelo el grano para la ciudad."
line:0239444,"<sprite name=""miller""> Jordi: That's all.","<sprite name=""miller""> Jordi: Eso es todo."
line:0964c30,"<sprite name=""miller""> Jordi: Oh and I'm Jordi by the way.","<sprite name=""miller""> Jordi: Ah, y por cierto, soy Jordi."
line:0647143,"<sprite name=""miller""> Jordi: Yeah, yeah... I'm not... alright these days.","<sprite name=""miller""> Jordi: Sí, sí... Últimamente no me encuentro... bien."
line:0194a98,"<sprite name=""miller""> Jordi: 'Could use some time out.","<sprite name=""miller""> Jordi: Me vendría bien un descanso."
line:0695ec1,"<sprite name=""miller""> Jordi: Away. Far away.","<sprite name=""miller""> Jordi: Lejos. Muy lejos."
line:0067aab,"<sprite name=""miller""> Jordi: But I can't leave the mill. People need flour!","<sprite name=""miller""> Jordi: Pero no puedo dejar el molino. ¡La gente necesita harina!"
line:0df7ed6,"<sprite name=""miller""> Jordi: Know what? You could go fetch help!","<sprite name=""miller""> Jordi: ¿Sabes qué? ¡Podrías ir a buscar ayuda!"
line:0652992,"<sprite name=""miller""> Jordi: Yeah I told you... Am a bit down these days.","<sprite name=""miller""> Jordi: Sí, ya te lo dije... Estoy algo desanimado últimamente."
line:074c8aa,"<sprite name=""miller""> Jordi: I need someone to replace me while I go on vacation.","<sprite name=""miller""> Jordi: Necesito que alguien me sustituya mientras me voy de vacaciones."
line:07fbf30,"<sprite name=""miller""> Jordi: Ask Pacian at the castle front desk. They will know what to do!","<sprite name=""miller""> Jordi: Pregúntale a Pacian en la recepción del castillo. ¡Sabrá qué hacer!"
line:0cf031f,"<sprite name=""miller""> Jordi: I can't leave my mill!","<sprite name=""miller""> Jordi: ¡No puedo dejar mi molino!"
line:0e232ef,"<sprite name=""miller""> Jordi: I don't see how this can be useful in the mill.","<sprite name=""miller""> Jordi: No veo cómo puede ser útil esto en el molino."
line:0554ce9,"<sprite name=""miller""> Jordi: 'Need to go back to work.","<sprite name=""miller""> Jordi: Tengo que volver al trabajo."
line:051769d,"<sprite name=""miller""> Jordi: Bye, then.","<sprite name=""miller""> Jordi: Adiós, entonces."
line:0e49fb1,"<sprite name=""engineer""> Milo: Oi! Wanna help?","<sprite name=""engineer""> Milo: ¡Oye! ¿Quieres ayudar?"
line:0009c08,"<sprite name=""engineer""> Milo: I'm working on a machine. To automate the mill.","<sprite name=""engineer""> Milo: Estoy trabajando en una máquina para automatizar el molino."
line:04b46c1,"<sprite name=""engineer""> Milo: Cool project, isn't it? But it doesn't work.","<sprite name=""engineer""> Milo: Es un proyecto genial, ¿verdad? Pero no funciona."
line:05289eb,"<sprite name=""engineer""> Milo: The wind is not enough. We need more power!","<sprite name=""engineer""> Milo: El viento no basta. ¡Necesitamos más potencia!"
line:065fa1f,"<sprite name=""engineer""> Milo: Bring me a power source!","<sprite name=""engineer""> Milo: ¡Tráeme una fuente de energía!"
line:0bcd299,"<sprite name=""engineer""> Milo: Maybe a magic item producing energy or something used in fireworks.","<sprite name=""engineer""> Milo: Tal vez un objeto mágico que produzca energía o algo que se use en los fuegos artificiales."
line:05b75b0,"<sprite name=""luxomancian""><sprite name=""knowledge"">{0}<br><br>Provide magic energy","<sprite name=""luxomancian""><sprite name=""knowledge"">{0}<br><br>Proporcionar energía mágica"
line:05a1210,"<sprite name=""engineer""> Milo: Oh, yes! YES! Perfect! The machine's going to work!","<sprite name=""engineer""> Milo: ¡Ah, sí! ¡SÍ! ¡Perfecto! ¡La máquina va a funcionar!"
line:0479c85,"<sprite name=""engineer""> Milo: You trully have a scientific mind!","<sprite name=""engineer""> Milo: ¡Tienes una verdadera mente científica!"
line:03f7e9a,Narrator: Milo makes a few adjusments on their machine and pours grain inside.,Narrador: Milo hace unos ajustes en la máquina y vierte grano dentro.
line:0c86e0e,Narrator: The machine rumbles and roars! And after a few seconds a bag of flour falls on the ground.,"Narrador: ¡La máquina retumba y ruge! Tras unos segundos, una bolsa de harina cae al suelo."
line:0e3b89b,"<sprite name=""engineer""> Milo: See? Now people just have to pour grain into this hole and it comes out as flour!","<sprite name=""engineer""> Milo: ¿Ves? ¡Ahora basta con verter grano en este agujero y sale convertido en harina!"
line:0dc2e95,"<sprite name=""miller""> Jordi: Wow.","<sprite name=""miller""> Jordi: Vaya."
line:0421f38,"<sprite name=""miller""> Jordi: So it means I can now travel the world? Thanks to a machine?","<sprite name=""miller""> Jordi: ¿Eso significa que ahora puedo viajar por el mundo? ¿Gracias a una máquina?"
line:0cde236,"<sprite name=""miller""> Jordi: Who would've known, ha? The greatest minds at the service of the most humble workers!","<sprite name=""miller""> Jordi: ¿Quién lo habría imaginado? ¡Las mentes más brillantes al servicio de los trabajadores más humildes!"
line:09bf59e,"<sprite name=""miller""> Jordi: Sorry I'll miss the Peace Festival this year!","<sprite name=""miller""> Jordi: ¡Lamento perderme el Festival de la Paz este año!"
line:04f194b,Narrator: And Jordi rushes out the door with his bag on his shoulder.,Narrador: Jordi sale corriendo por la puerta con la bolsa al hombro.
line:089a9df,Narrator: He leaves the bag of flour.,Narrador: Deja atrás la bolsa de harina.
line:0228028,Narrator: You try to harness magic winds to fuel the machine.,Narrador: Intentas canalizar vientos mágicos para alimentar la máquina.
line:03a68c2,Narrator: You manage to synthesize a glowing shard of pure energy.,Narrador: Logras sintetizar un fragmento brillante de energía pura.
line:08952c3,Narrator: But the energy of the universe isn't easily mastered.,Narrador: Pero la energía del universo no se domina fácilmente.
line:0d982ab,"<sprite name=""engineer""> Milo: We're close. But magic is unstable. Science is better!","<sprite name=""engineer""> Milo: Estamos cerca. Pero la magia es inestable. ¡La ciencia es mejor!"
line:04a5aef,Narrator: You create a sphere of pure magic energy and everything blows up in a flash of light!,Narrador: ¡Creas una esfera de energía mágica pura y todo explota en un destello de luz!
line:0320195,"Narrator: When the cloud of flour clears, you can see the remains of Milo's machine.","Narrador: Cuando se disipa la nube de harina, ves los restos de la máquina de Milo."
line:07c59c2,"<sprite name=""engineer""> Milo: Oh no!","<sprite name=""engineer""> Milo: ¡Oh, no!"
line:003497d,"<sprite name=""miller""> Jordi: Enough! That's why we don't use magic for honest work!","<sprite name=""miller""> Jordi: ¡Basta! ¡Por eso no usamos magia para el trabajo honrado!"
line:00e48ba,"<sprite name=""miller""> Jordi: Get out of my mill, now!","<sprite name=""miller""> Jordi: ¡Sal de mi molino ahora mismo!"
line:03fed5c,Narrator: You explore the cave.,Narrador: Exploras la cueva.
line:0343cca,Narrator: There is something strangely soothing permeating the air.,Narrador: Una sensación extrañamente tranquilizadora impregna el aire.
line:0ec3b7f,Narrator: You stumble upon a giant salamander.,Narrador: Te encuentras con una salamandra gigante.
line:0b0e7a7,Narrator: There is a magic pond right behind the beast!,Narrador: ¡Hay un estanque mágico justo detrás de la bestia!
line:07c0ab7,"<sprite name=""luxomancian""><sprite name=""knowledge"">{0}<br><br>Use lights","<sprite name=""luxomancian""><sprite name=""knowledge"">{0}<br><br>Usar luces"
line:08778c4,"<sprite name=""destruction"">{0}<br><br>Scare the salamander","<sprite name=""destruction"">{0}<br><br>Asustar a la salamandra"
line:0875d72,"<sprite name=""finesse"">{0}<br><br>Sneak by the salamander","<sprite name=""finesse"">{0}<br><br>Pasar a escondidas"
line:0c7b90f,Narrator: You start roaring like a mountain bear.,Narrador: Empiezas a rugir como un oso de montaña.
line:0f9aeb1,"Narrator: With all that natural reverb, you sound frightening enough that the salamander flees the cave.","Narrador: Gracias a la reverberación natural, suenas tan aterrador que la salamandra huye de la cueva."
line:000fe81,Narrator: But you hear a deep rumbling in the walls and ceiling. This tunnel is about to crumble!,Narrador: Pero escuchas un estruendo profundo en las paredes y el techo. ¡El túnel está a punto de derrumbarse!
line:0e805ae,Narrator: You manage to take a flask's worth of Magic Water and escape the cave in one piece.,Narrador: Consigues llenar un frasco de Agua mágica y escapar de la cueva de una pieza.
line:0cc716e,Narrator: The access to the magic pond is now sealed by rubble.,Narrador: El acceso al estanque mágico queda bloqueado por los escombros.
line:0b29e37,Narrator: You try to roar like a mountain bear.,Narrador: Intentas rugir como un oso de montaña.
line:089d01a,Narrator: But you hurt your vocal chords and start coughing.,Narrador: Pero te lastimas las cuerdas vocales y empiezas a toser.
line:0d76754,Narrator: The salamander sees you and starts running straight towards you.,Narrador: La salamandra te ve y corre directamente hacia ti.
line:005b001,"Narrator: You don't stick around to see its intentions, you run away and leave the cave.",Narrador: No te quedas para descubrir sus intenciones: sales corriendo de la cueva.
line:0c883a3,Narrator: You sneak around the salamander and manage to collect some Magic Water.,Narrador: Rodeas a la salamandra a escondidas y consigues recoger un poco de Agua mágica.
line:0b54360,"Narrator: But in the depth of the pond, you see dozens of yellow eyes staring at you!","Narrador: Pero, en las profundidades del estanque, ¡ves decenas de ojos amarillos observándote!"
line:008f416,Narrator: Tentacles shoot out of the water!,Narrador: ¡Del agua salen disparados varios tentáculos!
line:067c8ee,Narrator: You and the salamander shriek in horror and escape the cave.,Narrador: La salamandra y tú gritan horrorizados y huyen de la cueva.
line:0db4903,Narrator: It’s not a good idea to go back there. Who knows what eldritch creature is lurking in the dark.,Narrador: No es buena idea volver allí. Quién sabe qué criatura sobrenatural acecha en la oscuridad.
line:03ef1fc,Narrator: You try to sneak around the beast.,Narrador: Intentas pasar a escondidas junto a la bestia.
line:068a725,Narrator: But the corridor is narrower than you think.,Narrador: Pero el pasadizo es más estrecho de lo que pensabas.
line:051c83b,Narrator: The salamander turns towards you with its huge shiny eyes.,Narrador: La salamandra se vuelve hacia ti con sus enormes ojos brillantes.
line:02dfb68,Narrator: You're way too close. You feel awkward.,Narrador: Estás demasiado cerca. La situación se vuelve incómoda.
line:01f8129,Narrator: You quietly slide away from the salamander and leave the cave.,Narrador: Te alejas discretamente de la salamandra y abandonas la cueva.
line:0a3c0d7,Narrator: You pick a bright lamp in your bag to blind the salamander.,Narrador: Sacas de tu bolsa una lámpara brillante para cegar a la salamandra.
line:00d0559,"Narrator: You cast a powerful light on the salamander and it has to walk back, hiding its eyes!",Narrador: Proyectas una luz potente sobre la salamandra y esta tiene que retroceder mientras se cubre los ojos.
line:0714a6f,"Narrator: But you pick the wrong lamp, and cast a dim red light in the cave.",Narrador: Pero eliges la lámpara equivocada y proyectas una tenue luz roja en la cueva.
line:0e5f454,Narrator: The salamander looks at you... Deeply.,Narrador: La salamandra te mira… fijamente.
line:072dd68,Narrator: It's... Awkward. You leave the cave.,Narrador: Es… incómodo. Abandonas la cueva.
line:046879c,"<sprite name=""boldkid""> Bleiz: Halt! Did the ghosts send you?","<sprite name=""boldkid""> Bleiz: ¡Alto ahí! ¿Te enviaron los fantasmas?"
line:052400c,"<sprite name=""boldkid""> Bleiz: Nevermind. I'm a bit on edge these days.","<sprite name=""boldkid""> Bleiz: Olvídalo. Estos días ando un poco nerviosa."
line:026ea24,"<sprite name=""boldkid""> Bleiz: Are the ghosts gone?","<sprite name=""boldkid""> Bleiz: ¿Ya se fueron los fantasmas?"
line:02560d2,"<sprite name=""boldkid""> Bleiz: Looking for milk?","<sprite name=""boldkid""> Bleiz: ¿Buscas leche?"
line:033037a,"<sprite name=""boldkid""> Bleiz: What're you doin here?","<sprite name=""boldkid""> Bleiz: ¿Qué andas haciendo aquí?"
line:0176286,"<sprite name=""boldkid""> Bleiz: Don't come near my farm!","<sprite name=""boldkid""> Bleiz: ¡No te acerques a mi granja!"
line:06e6cd0,"<sprite name=""boldkid""> Bleiz: Great! A ghost hunter!","<sprite name=""boldkid""> Bleiz: ¡Genial! ¡Alguien que caza fantasmas!"
line:07eb643,"<sprite name=""pyrotechnician""><sprite name=""destruction"">{0}<br><br>Impress the kid","<sprite name=""pyrotechnician""><sprite name=""destruction"">{0}<br><br>Impresionar a la niña"
line:0e052cf,"<sprite name=""exclamation""><br><br>The ghosts are harmless!","<sprite name=""exclamation""><br><br>¡Los fantasmas son inofensivos!"
line:0b14d52,"<sprite name=""exclamation""><br><br>Got rid of the ghosts","<sprite name=""exclamation""><br><br>Me deshice de los fantasmas"
line:0b024a7,"<sprite name=""exclamation""><br><br>About your education...","<sprite name=""exclamation""><br><br>Sobre tu educación..."
line:041f639,"<sprite name=""talk""><br><br>Need help?","<sprite name=""talk""><br><br>¿Necesitas ayuda?"
line:0d63b8f,"<sprite name=""talk""><br><br>Where are we?","<sprite name=""talk""><br><br>¿Dónde estamos?"
line:0f6f8f6,"<sprite name=""trade""><br><br>Give","<sprite name=""trade""><br><br>Dar"
line:08bfe84,"<sprite name=""leave""><br><br>Leave","<sprite name=""leave""><br><br>Irse"
line:0d51730,"<sprite name=""boldkid""> Bleiz: This is our farm, y'see. Here we grow apples and our cows produce milk.","<sprite name=""boldkid""> Bleiz: Esta es nuestra granja, ¿ves? Aquí cultivamos manzanas y nuestras vacas dan leche."
line:04d8656,"<sprite name=""boldkid""> Bleiz: My mom is very tired so, don't wander around here too long.","<sprite name=""boldkid""> Bleiz: Mi mamá está muy cansada, así que no andes merodeando mucho por aquí."
line:06118e4,"<sprite name=""boldkid""> Bleiz: I told you! Get rid of the ghosts!","<sprite name=""boldkid""> Bleiz: ¡Ya te dije! ¡Deshazte de los fantasmas!"
line:0896854,"<sprite name=""boldkid""> Bleiz: I need no help! I'm strong!","<sprite name=""boldkid""> Bleiz: ¡No necesito ayuda! ¡Soy fuerte!"
line:0da21c3,"<sprite name=""boldkid""> Bleiz: But... maybe a bit tired...","<sprite name=""boldkid""> Bleiz: Pero... quizá estoy un poquito cansada..."
line:0b9e6a9,"<sprite name=""boldkid""> Bleiz: You know what? I'll tell you everything:","<sprite name=""boldkid""> Bleiz: ¿Sabes qué? Te lo contaré todo:"
line:0cf3c1f,"<sprite name=""boldkid""> Bleiz: My momma and I have been harassed by filthy ghosts for weeks now!","<sprite name=""boldkid""> Bleiz: ¡Esos fantasmas mugrosos llevan semanas acosándonos a mi mamá y a mí!"
line:0ecb344,"<sprite name=""boldkid""> Bleiz: They sometimes come at night, surround the house and dance all over the roof!","<sprite name=""boldkid""> Bleiz: ¡A veces vienen de noche, rodean la casa y se ponen a bailar por todo el techo!"
line:095bf15,"<sprite name=""boldkid""> Bleiz: They want to take my momma! So I protect her! And I don't think leaving to learn magic will help me with that.","<sprite name=""boldkid""> Bleiz: ¡Quieren llevarse a mi mamá! Por eso la protejo. Y no creo que irme a aprender magia me ayude con eso."
line:0746fb0,"<sprite name=""boldkid""> Bleiz: But if you could do something, I'd appreciate it.","<sprite name=""boldkid""> Bleiz: Pero si pudieras hacer algo, te lo agradecería."
line:0a3ae8b,"<sprite name=""boldkid""> Bleiz: They live in the abandoned tower on the other side of the bridge to the west.","<sprite name=""boldkid""> Bleiz: Están en la torre abandonada, al otro lado del puente que queda al oeste."
line:0883bd0,"<sprite name=""boldkid""> Bleiz: I mean, they don't really ""live"" there... They're ghosts...","<sprite name=""boldkid""> Bleiz: Bueno, no es que estén «viviendo» ahí... Son fantasmas..."
line:05e72d3,"<sprite name=""boldkid""> Bleiz: So, if those ghosts weren't dangerous... I think I can go now.","<sprite name=""boldkid""> Bleiz: Entonces, si esos fantasmas no eran peligrosos... creo que ya puedo irme."
line:0005c49,"<sprite name=""boldkid""> Bleiz: Where should I go, then?","<sprite name=""boldkid""> Bleiz: ¿Y adónde debería ir?"
line:0751907,"<sprite name=""boldkid""> Bleiz: I can't go anywhere because of the ghosts!","<sprite name=""boldkid""> Bleiz: ¡No puedo ir a ningún lado por culpa de los fantasmas!"
line:0d834b8,"<sprite name=""boldkid""> Bleiz: This crazy ogress sent you to abduct me?","<sprite name=""boldkid""> Bleiz: ¿Esa ogresa chiflada te mandó a secuestrarme?"
line:0bf6926,"<sprite name=""boldkid""> Bleiz: I won't let you have it easy!","<sprite name=""boldkid""> Bleiz: ¡No te la pondré fácil!"
line:027f7a8,"<sprite name=""boldkid""> Bleiz: I told her already: I'd like to come, but I can't leave...","<sprite name=""boldkid""> Bleiz: Ya se lo dije: me gustaría ir, pero no puedo marcharme..."
line:0164fc7,"<sprite name=""exclamation""><br><br>Go with the mages","<sprite name=""exclamation""><br><br>Ir con los magos"
line:04b8d7a,"<sprite name=""exclamation""><br><br>Go with the druid","<sprite name=""exclamation""><br><br>Ir con el druida"
line:0fa8d82,"<sprite name=""boldkid""> Bleiz: Yeah, that was kinda the plan.","<sprite name=""boldkid""> Bleiz: Sí, ese era más o menos el plan."
line:092b8c2,"<sprite name=""boldkid""> Bleiz: I've always dreamt of training at the Spellhold, even if it means leaving momma alone...","<sprite name=""boldkid""> Bleiz: Siempre soñé con entrenar en el Bastión Mágico, aunque eso signifique dejar sola a mi mamá..."
line:0a1786e,"<sprite name=""boldkid""> Bleiz: With Fintan? The druid? Does he need a disciple?","<sprite name=""boldkid""> Bleiz: ¿Con Fintan? ¿El druida? ¿Necesita una aprendiz?"
line:0fcea23,"<sprite name=""boldkid""> Bleiz: I didn't think about this old goat... I guess he's a powerful wizard too.","<sprite name=""boldkid""> Bleiz: No había pensado en ese viejo chivo... Supongo que también es un mago poderoso."
line:0409cf9,"<sprite name=""boldkid""> Bleiz: And I would be closer to home...","<sprite name=""boldkid""> Bleiz: Y estaría más cerca de casa..."
line:0b94ddb,"<sprite name=""boldkid""> Bleiz: It won't help my momma. Keep it.","<sprite name=""boldkid""> Bleiz: Eso no ayudará a mi mamá. Quédatelo."
line:0e53dc8,"<sprite name=""boldkid""> Bleiz: HAAA! WHAT THE...","<sprite name=""boldkid""> Bleiz: ¡AAAAH! ¿QUÉ DEMONIOS...?"
line:03ab497,"<sprite name=""boldkid""> Bleiz: Why did you bring a gargoyle here?! IT'S TERRIFYING! Even worse than the ghosts!","<sprite name=""boldkid""> Bleiz: ¿Por qué trajiste una gárgola aquí? ¡ES ATERRADORA! ¡Peor que los fantasmas!"
line:048dc29,"<sprite name=""boldkid""> Bleiz: Wait. IDEA!","<sprite name=""boldkid""> Bleiz: Espera. ¡TENGO UNA IDEA!"
line:0747486,"<sprite name=""boldkid""> Bleiz: What if we leave the gargoyle near the house to scare the ghosts?","<sprite name=""boldkid""> Bleiz: ¿Y si dejamos la gárgola cerca de la casa para espantar a los fantasmas?"
line:00a1d3a,"<sprite name=""boldkid""> Bleiz: This way I can go anywhere without worrying for momma!","<sprite name=""boldkid""> Bleiz: ¡Así podré ir a donde quiera sin preocuparme por mi mamá!"
line:0316d76,"<sprite name=""boldkid""> Bleiz: Thanks for the hand, baladin!","<sprite name=""boldkid""> Bleiz: ¡Gracias por echarme una mano, baladín!"
line:0d61f81,"<sprite name=""boldkid""> Bleiz: So, those filthy ghosts are... more dead?","<sprite name=""boldkid""> Bleiz: Entonces, esos fantasmas mugrosos están... ¿más muertos?"
line:004ac77,"<sprite name=""boldkid""> Bleiz: I don't have to worry anymore about momma?","<sprite name=""boldkid""> Bleiz: ¿Ya no tengo que preocuparme por mi mamá?"
line:043aab3,"<sprite name=""boldkid""> Bleiz: Thanks! You should go there to check if they left something!","<sprite name=""boldkid""> Bleiz: ¡Gracias! Deberías ir a ver si dejaron algo."
line:0993dec,"<sprite name=""boldkid""> Bleiz: What should I do, then?","<sprite name=""boldkid""> Bleiz: ¿Y qué debería hacer entonces?"
line:00016b7,Narrator: You explain the situation to Bleiz.,Narrador: Le explicas la situación a Bleiz.
line:01811ac,"<sprite name=""boldkid""> Bleiz: So, they weren't here to devour us? To devour my momma?","<sprite name=""boldkid""> Bleiz: Entonces, ¿no vinieron para devorarnos? ¿Para devorar a mi mamá?"
line:05fd190,"<sprite name=""boldkid""> Bleiz: I remember momma was real sad when she lost her friends...","<sprite name=""boldkid""> Bleiz: Recuerdo que mi mamá se puso muy triste cuando perdió a sus amigos..."
line:0f6784d,"<sprite name=""boldkid""> Bleiz: She felt guilty she wasn't with them when their cart fell into the river... But I'm glad she wasn't.","<sprite name=""boldkid""> Bleiz: Se sentía culpable por no estar con ellos cuando su carreta cayó al río... Pero yo me alegro de que no estuviera."
line:059d458,"<sprite name=""boldkid""> Bleiz: But now she can have a last dance with them! Maybe they will leave our world after that?","<sprite name=""boldkid""> Bleiz: ¡Pero ahora puede bailar con ellos una última vez! Quizá después abandonen nuestro mundo."
line:0bc80f6,"<sprite name=""boldkid""> Bleiz: I guess... It means I can go now...","<sprite name=""boldkid""> Bleiz: Supongo que... eso significa que ya puedo irme..."
line:0b27a74,"<sprite name=""boldkid""> Bleiz: I'm on my way, then! See ya'!","<sprite name=""boldkid""> Bleiz: ¡Entonces me pongo en marcha! ¡Nos vemos!"
line:081b247,Narrator: And the kid disappears in the farmhouse to pack her things and say goodbye to her momma.,Narrador: La niña desaparece dentro de la granja para preparar sus cosas y despedirse de su mamá.
line:08f26b5,Narrator: You should go check on her when she gets to her new home.,Narrador: Deberías ir a visitarla cuando llegue a su nuevo hogar.
line:01b8563,"<sprite name=""boldkid""> Bleiz: I've been thinking...","<sprite name=""boldkid""> Bleiz: Estuve pensando..."
line:07c6f6d,"<sprite name=""boldkid""> Bleiz: And I find the magic show was quite impressive!","<sprite name=""boldkid""> Bleiz: ¡Y la verdad es que el espectáculo de magia fue impresionante!"
line:0f15980,"<sprite name=""boldkid""> Bleiz: With powerful magic I could destroy those filthy ghosts! And protect my momma!","<sprite name=""boldkid""> Bleiz: ¡Con magia poderosa podría destruir a esos fantasmas mugrosos! ¡Y proteger a mi mamá!"
line:0114716,Narrator: You light fireworks to make the kid believe in the power of magic.,Narrador: Enciendes fuegos artificiales para que la niña crea en el poder de la magia.
line:07bc72d,"Narrator: Bleiz can't take their eyes away from the lights in the sky, she jumps with every explosion.",Narrador: Bleiz no puede apartar la mirada de las luces del cielo y salta con cada explosión.
line:0513157,Narrator: She doesn't have a clue that it's not actual magic.,Narrador: No tiene idea de que no es magia de verdad.
line:08c99ee,"<sprite name=""boldkid""> Bleiz: SO! This is what magic can do?","<sprite name=""boldkid""> Bleiz: ¡ENTONCES! ¿Esto es lo que puede hacer la magia?"
line:0d3f504,Narrator: You throw a bunch of firecrackers on the ground. Bleiz doesn't even blink.,Narrador: Arrojas un montón de petardos al suelo. Bleiz ni siquiera parpadea.
line:0c3afca,"<sprite name=""boldkid""> Bleiz: You know I have to fight ghosts at night, right?","<sprite name=""boldkid""> Bleiz: Sabes que tengo que enfrentar fantasmas por la noche, ¿verdad?"
line:044f217,"<sprite name=""boldkid""> Bleiz: And I totally saw you take something in your pouch. Don't try to fool me!","<sprite name=""boldkid""> Bleiz: Y vi perfectamente que sacaste algo de tu bolsa. ¡No intentes engañarme!"
line:0e6cfbf,Narrator: You follow the track of screaming and running people to find a feral gargoyle.,Narrador: Sigues el rastro de gritos y gente que huye hasta encontrar una gárgola salvaje.
line:0168d04,Narrator: The beast is wreaking havoc in the streets of Lumensac!,Narrador: ¡La bestia está sembrando el caos en las calles de Lumensac!
line:0d5cf57,"<sprite name=""creation"">{0}<br><br>Make a show for the gargoyle","<sprite name=""creation"">{0}<br><br>Montar un espectáculo para la gárgola"
line:0f3436d,"<sprite name=""finesse"">{0}<br><br>Lure the gargoyle with food","<sprite name=""finesse"">{0}<br><br>Atraer a la gárgola con comida"
line:0450bd6,"<sprite name=""luxomancian""><sprite name=""knowledge"">{0}<br><br>Lure the gargoyle with light","<sprite name=""luxomancian""><sprite name=""knowledge"">{0}<br><br>Atraer a la gárgola con luz"
line:073cad0,"<sprite name=""trade""><br><br>Give","<sprite name=""trade""><br><br>Dar"
line:0324e48,"<sprite name=""leave""><br><br>Leave","<sprite name=""leave""><br><br>Irse"
line:0510f35,Narrator: You think food must be a good way to lure the gargoyle.,Narrador: Piensas que la comida debe ser una buena forma de atraer a la gárgola.
line:0aa65df,Narrator: But what do the gargoyles eat?,Narrador: Pero ¿qué comen las gárgolas?
line:0f54f2b,"Narrator: You remember they like stones, but good stones like marble and granite.","Narrador: Recuerdas que les gustan las piedras, pero las de calidad, como el mármol y el granito."
line:0d6288e,Narrator: Hopefully you know where to find them!,Narrador: ¡Por suerte sabes dónde encontrarlas!
line:0d2831c,Narrator: You gather the most delicious stones in the city and pile them not far from the beast.,Narrador: Reúnes las piedras más deliciosas de la ciudad y las apilas cerca de la bestia.
line:0e9869a,"Narrator: Soon, the gargoyle comes down the roof and tries to grab a rock or two.","Narrador: Al poco tiempo, la gárgola baja del tejado e intenta tomar una o dos piedras."
line:0210af0,Narrator: You remember they like stones.,Narrador: Recuerdas que les gustan las piedras.
line:0ad7431,Narrator: You manage to gather a few rocks lying around the streets.,Narrador: Logras reunir algunas piedras esparcidas por las calles.
line:004d470,Narrator: But the gargoyle seems upset by the pile you made in the middle of the square and starts howling.,"Narrador: Pero el montón que hiciste en medio de la plaza parece molestar a la gárgola, que comienza a aullar."
line:0ce0e9f,Narrator: You have the idea of putting up the tiniest show.,Narrador: Se te ocurre montar el espectáculo más diminuto posible.
line:0acd044,"Narrator: In a closed booth, people can watch a series of light projections telling a story.","Narrador: Dentro de una cabina cerrada, la gente puede contemplar una serie de proyecciones de luz que narran una historia."
line:068351e,Narrator: It soon becomes quite famous and people wait in line to watch the show.,Narrador: Pronto se vuelve muy famoso y la gente hace fila para ver el espectáculo.
line:0e94fb0,Narrator: The gargoyle itself can't stand it. It really needs to see what's going on.,Narrador: La propia gárgola no puede resistirlo. Necesita ver qué está ocurriendo.
line:0654cac,Narrator: You put up a show in the biggest square of Lumensac.,Narrador: Montas un espectáculo en la plaza más grande de Lumensac.
line:06462b7,"Narrator: But as soon as you manage to build the stage, the gargoyle rips off the wooden planks and pieces of the scaffolding rain over the city.","Narrador: Pero en cuanto terminas de levantar el escenario, la gárgola arranca los tablones y hace llover pedazos del andamio sobre la ciudad."
line:0c7830e,"Narrator: You throw an item at the gargoyle, but it falls flat on the ground.","Narrador: Arrojas un objeto hacia la gárgola, pero cae sin más al suelo."
line:0fbd775,Narrator: You manage to lure the gargoyle with simple things.,Narrador: Logras atraer a la gárgola con objetos sencillos.
line:06113ba,"Narrator: Gargoyles only eat gravel, but they are notoriously curious about conventionnal food.","Narrador: Las gárgolas solo comen grava, pero sienten una curiosidad irresistible por la comida convencional."
line:04dd409,Narrator: You manage to lure the gargoyle with your expensive belongings.,Narrador: Logras atraer a la gárgola con tus pertenencias costosas.
line:0a27519,"Narrator: Gargoyles have no concept of money, but this one seems to be curious about uncommon items.","Narrador: Las gárgolas no comprenden el concepto del dinero, pero esta parece sentir curiosidad por los objetos poco comunes."
line:0761781,Narrator: You seize the opportunity and shove the gargoyle in your bag!,Narrador: ¡Aprovechas la oportunidad y metes a la gárgola de un empujón en tu bolsa!
line:0c2547e,"Narrator: Don't worry, it will stop kicking your back eventually.","Narrador: No te preocupes, en algún momento dejará de patearte la espalda."
line:04f3af7,Narrator: You run away before you get hurt!,Narrador: ¡Huyes antes de que te haga daño!
line:07d61de,Narrator: You channel magic to create orbs of light in the air.,Narrador: Canalizas magia para crear orbes de luz en el aire.
line:080b0dd,Narrator: The gargoyle is mesmerized and can't help but fly down to the street level.,Narrador: La gárgola queda hipnotizada y no puede evitar bajar volando hasta la calle.
line:006bdf1,Narrator: But they're too bright! The light blinds everyone for a few minutes in Lumensac!,Narrador: ¡Pero brillan demasiado! ¡La luz deja ciega a toda Lumensac durante unos minutos!
line:007f018,"Narrator: When you manage to see something again, the gargoyle is gone.","Narrador: Cuando logras volver a ver algo, la gárgola ha desaparecido."
line:060995b,Narrator: You pull out the gargoyle from another time loop.,Narrador: Sacas a la gárgola de otro bucle temporal.
line:0585f6a,Narrator: The two gargoyles look at each other.,Narrador: Las dos gárgolas se miran.
line:03419eb,"Narrator: But soon, the time traveler gargoyle slowly fades away from reality.",Narrador: Pero pronto la gárgola viajera del tiempo comienza a desvanecerse lentamente de la realidad.
line:028e151,"Narrator: Who knows how time travel works, anyway?","Narrador: De todos modos, ¿quién sabe cómo funcionan los viajes en el tiempo?"
line:03c26aa,Narrator: You managed to startle the stone creature!,Narrador: ¡Lograste asustar a la criatura de piedra!
line:0c3da60,Narrator: You step into the abandoned tower only to face ghosts.,Narrador: Entras en la torre abandonada y te encuentras frente a varios fantasmas.
line:0a601c8,"Narrator: Even if you know they're not a threat, you're not comfortable around them.","Narrador: Aunque sabes que no representan una amenaza, no te sientes a gusto cerca de ellos."
line:0031cc9,Narrator: You're already shaking with fear.,Narrador: Ya estás temblando de miedo.
line:0bb38ea,"<sprite name=""dancer""><sprite name=""physique"">{0}<br><br>Dance with ghosts","<sprite name=""dancer""><sprite name=""physique"">{0}<br><br>Bailar con los fantasmas"
line:09bdfb7,"<sprite name=""creation"">{0} + <sprite name=""finesse"">{1}<br><br>Try to communicate","<sprite name=""creation"">{0} + <sprite name=""finesse"">{1}<br><br>Intentar comunicarse"
line:093511d,"<sprite name=""trade""><br><br>Give","<sprite name=""trade""><br><br>Dar"
line:068d7fc,"<sprite name=""leave""><br><br>Run!","<sprite name=""leave""><br><br>¡Correr!"
line:046644a,"<sprite name=""leave""><br><br> Leave them be","<sprite name=""leave""><br><br> Dejarlos tranquilos"
line:0bf48a3,Narrator: You try to gather courage to face the ghosts.,Narrador: Intentas reunir valor para enfrentarte a los fantasmas.
line:06637db,"Narrator: Despite the fear, you manage to think it won't be a good idea to throw this at the ghosts.","Narrador: A pesar del miedo, logras pensar con claridad y decides que arrojárselo a los fantasmas no sería una buena idea."
line:087e139,Narrator: You manage to articulate a few words to ask them if they were part of the missing dance band.,Narrador: Logras articular unas palabras para preguntarles si formaban parte del grupo de baile desaparecido.
line:0b0d61b,"<sprite name=""ghost1""> Ghost : Yeeeeeeeeesssss...","<sprite name=""ghost1""> Fantasma: Sssssssssííííííí..."
line:0e27e5f,"<sprite name=""ghost2""> Ghost : Weee... Waaaaant... DAAAAAANCE!","<sprite name=""ghost2""> Fantasma: Queremoooos... ¡BAILAAAAAR!"
line:042221f,Narrator: And they start slowly moving. It looks like what a ghost would call a dance.,Narrador: Comienzan a moverse lentamente. Parece lo que un fantasma llamaría bailar.
line:05918a6,"Narrator: Shivers go down your spine, but they seem harmless after all.","Narrador: Un escalofrío recorre tu espalda, pero después de todo parecen inofensivos."
line:0c27f57,Narrator: But it's hopeless. The ghosts are way too terrifying!,Narrador: Pero no hay forma. ¡Los fantasmas son demasiado aterradores!
line:0d18e07,Narrator: You flee as soon as you recover the ability to run!,Narrador: ¡Huyes en cuanto recuperas la capacidad de correr!
line:06b8e12,"Narrator: When you open the jar, the ghosts immediately spiral down to the bottom of it.","Narrador: Cuando abres el frasco, los fantasmas giran en espiral y descienden de inmediato hasta el fondo."
line:0c7049d,Narrator: You close the lid and seal it tight!,Narrador: ¡Cierras la tapa y la sellas con firmeza!
line:0c3e53a,Narrator: Maybe you could try to learn more about ghosts before facing them.,Narrador: Quizá podrías aprender más sobre los fantasmas antes de enfrentarte a ellos.
line:0d4bc35,Narrator: The Spellhold library might be a good place to start.,Narrador: La biblioteca del Bastión Mágico podría ser un buen lugar para comenzar.
line:0e1177d,Narrator: You pour salt on the ground to draw a circle around the ghosts the way you learned in the books.,"Narrador: Derramas sal en el suelo para trazar un círculo alrededor de los fantasmas, tal como aprendiste en los libros."
line:05cae81,"Narrator: The moment you close the circle, a shiver runs down your spine while a shriek from another world shakes the entire tower.","Narrador: En cuanto cierras el círculo, un escalofrío recorre tu espalda y un alarido de otro mundo sacude la torre entera."
line:0182ac7,Narrator: The ghosts are gone. But was it the right thing to do?,Narrador: Los fantasmas se han ido. Pero ¿hiciste lo correcto?
line:0b9f658,Narrator: You do a few steps and the ghosts seem to want to follow along.,Narrador: Das unos pasos de baile y los fantasmas parecen querer seguirte.
line:01b425e,Narrator: Dancing with a partner who has neither weight nor body inspires you with new moves!,Narrador: ¡Bailar con alguien que no tiene peso ni cuerpo te inspira nuevos movimientos!
line:04ac1d9,Narrator: You can understand the ghosts better by dancing. They're quite good at it!,Narrador: Puedes comprender mejor a los fantasmas mediante el baile. ¡Son bastante buenos!
line:0c27eb1,Narrator: They definitely must be Bleiz's mother's lost dancing band.,Narrador: Sin duda deben ser el grupo de baile perdido de la madre de Bleiz.
line:055428e,Narrator: But it's hard to dance with people who keep passing through you.,Narrador: Pero es difícil bailar con gente que no deja de atravesarte.
line:072d525,Narrator: The feeling is terrible and you soon lose your inner fire. At least they didn't step on your feet.,Narrador: La sensación es horrible y pronto pierdes tu fuego interior. Al menos no te pisaron los pies.
line:07783fe,Narrator: The barrels of gunpowder for the fireworks are here.,Narrador: Aquí están los barriles de pólvora para los fuegos artificiales.
line:02d4c7b,Narrator: Do you have what it takes to... spice them up?,Narrador: ¿Tienes lo necesario para... darles un poco de sabor?
line:0f45f93,"<sprite name=""pyrotechnician""><sprite name=""destruction"">{0}<br><br>Sabotage the show","<sprite name=""pyrotechnician""><sprite name=""destruction"">{0}<br><br>Sabotear el espectáculo"
line:0852ef4,"<sprite name=""destruction"">{0}<br><br> Sabotage the show","<sprite name=""destruction"">{0}<br><br> Sabotear el espectáculo"
line:0ddb3e4,"<sprite name=""no""><br><br>Nevermind...","<sprite name=""no""><br><br>Olvidarlo..."
line:0cabc99,Narrator: Yeah... Maybe it's not a great idea.,Narrador: Sí... Tal vez no sea una gran idea.
line:05bfcaa,Narrator: Wait a second! This is going to have ramifications for everyone. We better ask your fellow baladins.,Narrador: ¡Espera! Esto tendrá consecuencias para todos. Será mejor preguntar a los demás baladins.
line:0e6d23a,Narrator: At least someone has some sense. There will be no explosions at this fireworks show!,Narrador: Al menos alguien tiene sentido común. ¡No habrá explosiones en este espectáculo de fuegos artificiales!
line:02f8e4c,Should you blow up the fireworks show?,¿Deberían hacer explotar el espectáculo de fuegos artificiales?
line:0cc13c0,"Sure people might get hurt, but at least it was democratic.","Puede que alguien salga herido, pero al menos fue democrático."
line:0f99e11,It appears that not everyone was on board.,Parece que no todo el mundo estuvo de acuerdo.
line:09c7178,Narrator: You put some spice in the mix.,Narrador: Añades un poco de especia a la mezcla.
line:0a8c1a7,Narrator: You use your own ingredients to spice up the mix.,Narrador: Usas tus propios ingredientes para darle sabor a la mezcla.
line:0172614,Narrator: You know the right dosage.,Narrador: Conoces la dosis adecuada.
line:06566ff,Narrator: The next day during the show the explosion can be heard from every corner of Gatherac!,"Narrador: ¡Al día siguiente, durante el espectáculo, la explosión se oye desde todos los rincones de Gatherac!"
line:059c5b3,"Narrator: Even if no one was hurt, the damage is considerable and the arena must close!","Narrador: Aunque nadie resultó herido, ¡los daños son considerables y la arena debe cerrar!"
line:03d1c2e,Narrator: But it's not enough to cause mayhem.,Narrador: Pero no es suficiente para causar el caos.
line:0d53add,"Narrator: On the next day, the fireworks of the shows are just more... awesome!","Narrador: Al día siguiente, los fuegos artificiales del espectáculo son aún más... ¡increíbles!"
line:000d989,"<sprite name=""bungus""> Bungus: <i>Bonjorn</i>, my friend.","<sprite name=""bungus""> Bungus: <i>Bonjorn</i>, camarada."
line:0781078,"<sprite name=""bungus""> Bungus: What brings you to our humble forest?","<sprite name=""bungus""> Bungus: ¿Qué te trae a nuestro humilde bosque?"
line:07dc62c,"<sprite name=""cook""><sprite name=""creation"">{0}<br><br>Cook for Bungus","<sprite name=""cook""><sprite name=""creation"">{0}<br><br>Cocinar para Bungus"
line:0cd649a,"<sprite name=""exclamation""><br><br>Ask about wine caps","<sprite name=""exclamation""><br><br>Preguntar por los tapones de vino"
line:0574e74,"<sprite name=""exclamation""><br><br>Ask for love advice","<sprite name=""exclamation""><br><br>Pedir consejos amorosos"
line:0fcb58b,"<sprite name=""talk""><br><br>Ask about wine caps","<sprite name=""talk""><br><br>Preguntar por los tapones de vino"
line:0e8dea6,"<sprite name=""talk""><br><br>Ask for love advice","<sprite name=""talk""><br><br>Pedir consejos amorosos"
line:046f7ff,"<sprite name=""talk""><br><br>Ask about the place","<sprite name=""talk""><br><br>Preguntar por el lugar"
line:05cc4f1,"<sprite name=""trade""><br><br>Give","<sprite name=""trade""><br><br>Entregar"
line:08bd563,"<sprite name=""leave""><br><br>Leave","<sprite name=""leave""><br><br>Irse"
line:0e0cf58,"<sprite name=""bungus""> Bungus: If I have a very big wine cap?","<sprite name=""bungus""> Bungus: ¿Si tengo un tapón de vino muy grande?"
line:0cf5d41,"<sprite name=""bungus""> Bungus: Big enough for a geyser?!","<sprite name=""bungus""> Bungus: ¿¡Lo bastante grande para un géiser!?"
line:01dc0e3,"<sprite name=""bungus""> Bungus: I… don't.","<sprite name=""bungus""> Bungus: No… no lo tengo."
line:04f78a3,"<sprite name=""bungus""> Bungus: But maybe nature can grow one?","<sprite name=""bungus""> Bungus: Pero ¿quizá la naturaleza pueda cultivar uno?"
line:01350a4,"<sprite name=""bungus""> Bungus: Go to the <b>Hidden Cave</b> north of here, in the hills.","<sprite name=""bungus""> Bungus: Ve a la <b>Cueva oculta</b>, en las colinas al norte de aquí."
line:05958a1,"<sprite name=""bungus""> Bungus: You shall find some <b>Magic Water</b> in there.","<sprite name=""bungus""> Bungus: Allí encontrarás <b>Agua mágica</b>."
line:060201b,"<sprite name=""bungus""> Bungus: But be careful… You never know who's been drinking from this spring.","<sprite name=""bungus""> Bungus: Pero ten cuidado… Nunca sabes quién ha bebido de ese manantial."
line:0e44ac2,"<sprite name=""bungus""> Bungus: Sorry, I've literally given to you all my knowledge about love.","<sprite name=""bungus""> Bungus: Lo siento, literalmente ya compartí contigo todo lo que sé sobre el amor."
line:07e14ec,"<sprite name=""bungus""> Bungus: But I can tell you one thing!","<sprite name=""bungus""> Bungus: ¡Pero puedo decirte algo!"
line:000fb60,"<sprite name=""bungus""> Bungus: Love is found inside yourself. You just have to find balance first.","<sprite name=""bungus""> Bungus: El amor se encuentra en tu interior. Solo tienes que encontrar primero el equilibrio."
line:0cb95a4,"<sprite name=""bungus""> Bungus: Thanks to you, I've found balance.","<sprite name=""bungus""> Bungus: Gracias a ti encontré el equilibrio."
line:09a7343,"<sprite name=""bungus""> Bungus: Farewell, offspring of light.","<sprite name=""bungus""> Bungus: Adiós, descendiente de la luz."
line:082ec3e,"<sprite name=""bungus""> Bungus: Love advice? Am I starting to garner a reputation?","<sprite name=""bungus""> Bungus: ¿Consejos amorosos? ¿Estoy empezando a ganar fama?"
line:067f79b,"<sprite name=""bungus""> Bungus: I have indeed found a very enlightening <b>scroll about love</b>.","<sprite name=""bungus""> Bungus: En efecto, encontré un <b>pergamino sobre el amor</b> muy revelador."
line:0ce3849,"<sprite name=""bungus""> Bungus: I've learned some theory but something's not quite right with me…","<sprite name=""bungus""> Bungus: Aprendí algo de teoría, pero hay algo que no está bien en mi interior…"
line:0b648a9,"<sprite name=""bungus""> Bungus: I think my inner balance is… off.","<sprite name=""bungus""> Bungus: Creo que mi equilibrio interior está… alterado."
line:0c1348e,"<sprite name=""bungus""> Bungus: You know what? Bring me something truly cleansing!","<sprite name=""bungus""> Bungus: ¿Sabes qué? ¡Tráeme algo que sea verdaderamente purificador!"
line:04bed32,"<sprite name=""bungus""> Bungus: My balance is off. Bring me something truly cleansing!","<sprite name=""bungus""> Bungus: Mi equilibrio está alterado. ¡Tráeme algo verdaderamente purificador!"
line:05cba1c,"<sprite name=""bungus""> Bungus: A pure and noble food for my body and soul. Nothing less than <b>Royal jelly</b> directly from the hive.","<sprite name=""bungus""> Bungus: Un alimento puro y noble para el cuerpo y el alma. Nada menos que <b>Jalea real</b> directamente de la colmena."
line:06e713d,"<sprite name=""bungus""> Bungus: And I will give you the <b>scroll</b> as a reward!","<sprite name=""bungus""> Bungus: ¡Y te daré el <b>pergamino</b> como recompensa!"
line:04cd6a2,"<sprite name=""bungus""> Bungus: Thank you, friend.","<sprite name=""bungus""> Bungus: Gracias, camarada."
line:0aaf5c5,"<sprite name=""bungus""> Bungus: But it is of no use to me in my quest for balance…","<sprite name=""bungus""> Bungus: Pero no me sirve en mi búsqueda del equilibrio…"
line:0422893,"<sprite name=""bungus""> Bungus: ..nor the growth of the wine caps.","<sprite name=""bungus""> Bungus: …ni para cultivar los tapones de vino."
line:077003a,"<sprite name=""bungus""> Bungus: What is this? Royal jelly?","<sprite name=""bungus""> Bungus: ¿Qué es esto? ¿Jalea real?"
line:007888a,"<sprite name=""bungus""> Bungus: This is so pure! So healthy! I already feel my energies unwind in its proximity.","<sprite name=""bungus""> Bungus: ¡Es tan pura! ¡Tan saludable! Ya siento cómo mis energías se relajan con solo tenerla cerca."
line:0894c4e,"<sprite name=""bungus""> Bungus: Have the Scroll of Love! You deserve it, friend.","<sprite name=""bungus""> Bungus: ¡Toma el Pergamino del amor! Te lo mereces, camarada."
line:07870e5,"<sprite name=""bungus""> Bungus: You found Magic Water! Let's try it right away!","<sprite name=""bungus""> Bungus: ¡Encontraste Agua mágica! ¡Probémosla ahora mismo!"
line:0b93d10,Narrator: Bungus pours all the water on ONE wine cap.,Narrador: Bungus vierte toda el agua sobre UN solo tapón de vino.
line:0081a8c,Narrator: The mushroom grows and grows!,Narrador: ¡El hongo crece y crece!
line:00de468,"<sprite name=""bungus""> Bungus: It's enormous! Take it, friend. It should do the trick!","<sprite name=""bungus""> Bungus: ¡Es enorme! Llévatelo, camarada. ¡Debería funcionar!"
line:09f46d0,"<sprite name=""bungus""> Bungus: This is the Cork Forest! And I'm Bungus.","<sprite name=""bungus""> Bungus: ¡Este es el Bosque del Corcho! Y yo soy Bungus."
line:03eb1d0,"<sprite name=""bungus""> Bungus: Here, our community grows wine caps: small cork mushrooms used to seal bottles and casks of wine!","<sprite name=""bungus""> Bungus: Aquí nuestra comunidad cultiva tapones de vino: pequeños hongos de corcho que sirven para sellar botellas y barriles."
line:0e9c7e7,"<sprite name=""bungus""> Bungus: We take care of mushrooms, but also of our body and soul.","<sprite name=""bungus""> Bungus: Cuidamos los hongos, pero también el cuerpo y el alma."
line:00062c4,Narrator: You think you can reset Bungus' inner balance with your cooking skills!,Narrador: ¡Crees que podrías restaurar el equilibrio interior de Bungus con tus habilidades culinarias!
line:095abe2,"Narrator: You gather mushrooms, roots and fruits to make a perfectly balanced dish.","Narrador: Reúnes hongos, raíces y frutas para preparar un plato perfectamente equilibrado."
line:021af26,"<sprite name=""bungus""> Bungus: Incredible, friend! I feel like I've found balance in your food.","<sprite name=""bungus""> Bungus: ¡Increíble, camarada! Siento que encontré el equilibrio en tu comida."
line:08d99a3,"<sprite name=""bungus""> Bungus: I'm at peace. Please, take this as a symbol of my gratitude.","<sprite name=""bungus""> Bungus: Estoy en paz. Acepta esto como símbolo de mi gratitud."
line:07c7acf,"Narrator: You cook a very comforting dish, with a lot of butter, and cream. That's the way to make vegetables reveal their true potential.","Narrador: Preparas un plato muy reconfortante, con mucha mantequilla y crema. Así es como las verduras revelan su verdadero potencial."
line:0f2aa6b,"<sprite name=""bungus""> Bungus: Sorry, friend, but... I'm on a diet.","<sprite name=""bungus""> Bungus: Lo siento, camarada, pero… estoy a dieta."
line:0778fb5,"<sprite name=""bungus""> Bungus: Find me royal jelly instead, will you?","<sprite name=""bungus""> Bungus: Mejor consígueme jalea real, ¿quieres?"
line:020670b,"Narrator: Considering the temper of the people living in the region, you decided to do the show on neutral ground.","Narrador: Considerando el temperamento de la gente de la región, decidiste presentar la obra en terreno neutral."
line:0a32d81,Narrator: You set up a stage in front of the old abandoned tower and people from Lumensac and Mornoz gather around it.,"Narrador: Montas un escenario frente a la vieja torre abandonada, y la gente de Lumensac y Mornoz se reúne a su alrededor."
line:0ebf7fd,Narrator: Your play is about two neighbors. They both lived by a temple dedicated to the Four Gods.,Narrador: Tu obra trata sobre dos vecinos. Ambos vivían junto a un templo dedicado a los Cuatro Dioses.
line:0596221,Narrator: The temple was on the edge of their land and they both claimed that it belonged to them!,"Narrador: El templo estaba en el límite de sus tierras, ¡y ambos aseguraban que les pertenecía!"
line:06aa785,"<sprite name=""ogremage""> Onorada: A subtle metaphor...","<sprite name=""ogremage""> Onorada: Una metáfora sutil..."
line:05f8ee1,Narrator: They spent so much time arguing that they never actually went to the temple.,Narrador: Pasaban tanto tiempo discutiendo que nunca llegaban a entrar al templo.
line:064af84,"Narrator: For years and years, the vines grew and the temple eventually disappeared. The neighbors couldn't find it anywhere.","Narrador: Con el paso de los años, las enredaderas crecieron y el templo acabó desapareciendo. Los vecinos no lograban encontrarlo por ninguna parte."
line:0b2bfab,"<sprite name=""cheesemonger""> Claude: What a depressing story.","<sprite name=""cheesemonger""> Claude: Qué historia tan deprimente."
line:0d3a2fd,"<sprite name=""fisher""> Soazig: Aye. I like it, though!","<sprite name=""fisher""> Soazig: Sí. ¡Aunque a mí me gusta!"
line:09cac4b,"<sprite name=""cheesemonger""> Claude: Me too!","<sprite name=""cheesemonger""> Claude: ¡A mí también!"
line:0ff0409,Narrator: And there was a mama bear with her cub. But one day the bear cub left the nest and wanted to become a fox!,"Narrador: También había una mamá osa con su cría. Pero un día, la osezna dejó el nido y quiso convertirse en zorro."
line:0f5d5ed,"<sprite name=""ogremage""> Onorada: Here we go...","<sprite name=""ogremage""> Onorada: Ya empezamos..."
line:072e26d,Narrator: The cub had been adopted by the fox family and she was happy with them.,Narrador: La osezna había sido adoptada por una familia de zorros y era feliz con ellos.
line:0af7f4b,Narrator: She'd liked mama bear to accept her choice.,Narrador: Le habría gustado que mamá osa aceptara su decisión.
line:0be4ca7,"<sprite name=""ogremage""> Onorada: That's so tacky.","<sprite name=""ogremage""> Onorada: Qué cursi."
line:01919c2,"Narrator: And then the neighbors found the ruins of the temple, and a snake came out of it!","Narrador: Entonces, los vecinos encontraron las ruinas del templo, ¡y de ellas salió una serpiente!"
line:01763d1,Narrator: And it crawled between the neighbors' legs.,Narrador: La serpiente se deslizó entre las piernas de los vecinos.
line:05060a4,"<sprite name=""boldkid""> Bleiz: That can't be good!","<sprite name=""boldkid""> Bleiz: ¡Eso no puede ser bueno!"
line:0cab90c,"Narrator: They thought it was a bad omen sent by Ugrobore, and went to hide in their houses.",Narrador: Creyeron que era un mal presagio enviado por Ugrobore y corrieron a esconderse en sus casas.
line:02a479c,"Narrator: And one day, a fairy decided to throw a big party for her birthday, and she invited all the inhabitants of the forest and nearby area!","Narrador: Un día, un hada decidió celebrar una gran fiesta de cumpleaños e invitó a todos los habitantes del bosque y sus alrededores."
line:00af7db,"Narrator: The two neighbors came out of their houses to attend, and they made up around a good drink!",Narrador: Los dos vecinos salieron de sus casas para asistir y se reconciliaron mientras compartían una buena bebida.
line:06eea97,"Narrator: Mama bear saw how her cub was happy with the foxes, and how the foxes brought joy to all the guests with their jokes and pranks!",Narrador: Mamá osa vio lo feliz que era su cría con los zorros y cómo estos alegraban a todos los invitados con sus bromas y travesuras.
line:014c1c3,Narrator: And the snake danced with everybody! That's all they wanted to do. The neighbors were relieved.,Narrador: ¡Y la serpiente bailó con todos! Eso era lo único que quería hacer. Los vecinos respiraron aliviados.
line:04dedac,Narrator: The crowd cheers! They love this happy ending!,Narrador: ¡El público vitorea! ¡Les encanta este final feliz!
line:0e0e4ae,Narrator: The people of the region seem to have understood the power of a good party. They'll surely come to the Peace Festival.,Narrador: La gente de la región parece haber comprendido el poder de una buena fiesta. Seguro que asistirá al Festival de la Paz.
line:08e6bbe,"Narrator: In the evening, you build a stage in the middle of Mouliac and wait for the crowd to gather around.","Narrador: Al anochecer, construyen un escenario en medio de Mouliac y esperan a que la multitud se reúna."
line:09e0a51,Narrator: Everyone is here! With your fellow baladins you start a show.,"Narrador: ¡Todo el mundo está aquí! Junto a tus compañeros baladins, comienzas el espectáculo."
line:0787d73,"Narrator: You make a musical play, with jokes and juggling.",Narrador: Representan una obra musical con bromas y malabares.
line:073d553,Narrator: The story is about a young leaf trying to find balance when the wind blows.,Narrador: La historia trata sobre una hoja joven que intenta encontrar el equilibrio cuando sopla el viento.
line:00a197b,"<sprite name=""bungus""> Bungus: Interesting...","<sprite name=""bungus""> Bungus: Interesante…"
line:00d34cf,Narrator: And it only managed to stay on the branch thanks to its fellow leaves!,Narrador: ¡Y solo consigue permanecer en la rama gracias a sus compañeras!
line:0177898,"<sprite name=""bungus""> Bungus: Ho I see. Maybe being solitary is not a good way to find balance...","<sprite name=""bungus""> Bungus: Ah, ya veo. Quizá aislarse no sea una buena manera de encontrar el equilibrio…"
line:06b51cd,"Narrator: On the trunk of the tree was a carved heart, an endearing symbol of a past love.","Narrador: En el tronco del árbol había un corazón tallado, un tierno símbolo de un amor pasado."
line:030f577,"Narrator: Eons ago, there were two ants in love with each other, but they didn't know it.","Narrador: Hace eones, dos hormigas estaban enamoradas, pero ninguna de las dos lo sabía."
line:04dd28c,"Narrator: One was too shy to speak, the other was too shy to listen.","Narrador: Una era demasiado tímida para hablar y la otra, demasiado tímida para escuchar."
line:003d24c,"Narrator: But one night, during a fireworks show, the mute one found the words to speak to the hidden one.","Narrador: Pero una noche, durante un espectáculo de fuegos artificiales, la hormiga muda encontró las palabras para hablar con la que se ocultaba."
line:0ed6f4c,"<sprite name=""tonneline""> Tonneline: Ants doing fireworks? That's stupid.","<sprite name=""tonneline""> Tonneline: ¿Hormigas lanzando fuegos artificiales? Qué tontería."
line:0892e8f,"Narrator: She came over and told her how she felt, and the shy ant didn't mind at all being the center of attention! All the other ants were watching the show!",Narrador: Se acercó y le confesó sus sentimientos. ¡A la hormiga tímida no le importó ser el centro de atención! ¡Todas las demás observaban el espectáculo!
line:073189c,Narrator: You can see Tonneline watching Filomena in the crowd at this very moment.,Narrador: En ese mismo instante ves a Tonneline contemplando a Filomena entre la multitud.
line:039cd12,"Narrator: The tree was in the middle of a field, shared by two farmers.",Narrador: El árbol estaba en medio de un campo compartido por dos agricultoras.
line:0154e73,Narrator: The first one worked the field during the day.,Narrador: La primera trabajaba el campo durante el día.
line:031b3c4,Narrator: Everyone loved her because they could see all the work she was doing to feed the community.,Narrador: Todo el mundo la apreciaba porque podía ver cuánto se esforzaba para alimentar a la comunidad.
line:0cfb3a0,"Narrator: But her work would have been for nothing without the second farmer, who worked at night.","Narrador: Pero su labor no habría servido de nada sin la segunda agricultora, que trabajaba de noche."
line:003f7ba,"<sprite name=""tonneline""> Tonneline: I knew there'd be a catch.","<sprite name=""tonneline""> Tonneline: Sabía que habría una trampa."
line:0cde866,Narrator: She's was strong but she thought no one knew how hard she worked!,"Narrador: ¡Era fuerte, pero creía que nadie sabía cuánto se esforzaba!"
line:0785901,"<sprite name=""tonneline""> Tonneline: I like her.","<sprite name=""tonneline""> Tonneline: Me agrada."
line:0117803,"Narrator: They couldn't talk to each other until one night, when all the villagers decided to throw a party under the tree.","Narrador: No pudieron hablar hasta que, una noche, toda la aldea decidió celebrar una fiesta bajo el árbol."
line:0a906a2,"Narrator: ""Who' is this party for?"" asked the night farmer.","Narrador: «¿Para quién es esta fiesta?», preguntó la agricultora nocturna."
line:0c6d1df,"Narrator: And the villagers replied that parties were for everyone, but they used to be held at noon, while she was asleep.","Narrador: La gente respondió que las fiestas eran para todo el mundo, pero solían celebrarlas al mediodía, mientras ella dormía."
line:003ef22,"Narrator: Therefore she never knew how the community loved her, and recognized her work, because she never had a chance to meet them.","Narrador: Por eso nunca supo cuánto la apreciaba la comunidad ni que reconocían su trabajo, pues jamás tuvo la oportunidad de conocerlos."
line:0fe50b4,"<sprite name=""tonneline""> Tonneline: That's stupid. Why would anyone work in the field at night?","<sprite name=""tonneline""> Tonneline: Qué tontería. ¿Por qué alguien trabajaría el campo de noche?"
line:0cdc609,"<sprite name=""tonneline""> Tonneline: ... But I guess meeting people at parties can be good...","<sprite name=""tonneline""> Tonneline: …Aunque supongo que conocer gente en las fiestas puede ser bueno…"
line:02cb068,Narrator: People cheer with tears in their eyes.,Narrador: La gente aplaude con lágrimas en los ojos.
line:0d138ec,Narrator: They go back to the inn and spend the rest of the evening together.,Narrador: Regresan a la taberna y pasan juntas el resto de la noche.
line:02e1050,Narrator: You're sure they'll come for the Peace Festival.,Narrador: Tienes la certeza de que asistirán al Festival de la Paz.
line:0301da1,Narrator: You use the secret passage to sneak into the cellar.,Narrador: Utilizas el pasadizo secreto para entrar a escondidas en la bodega.
line:0c9034c,"Narrator: There are plenty of casks, which one is the wine for the festival?",Narrador: Hay muchos barriles. ¿Cuál contiene el vino para el festival?
line:09fe446,"<sprite name=""knowledge"">{0}<br><br>Take the wine with you","<sprite name=""knowledge"">{0}<br><br>Llevarte el vino"
line:0341b7f,"<sprite name=""leave""><br><br>It's not a good idea","<sprite name=""leave""><br><br>No es buena idea"
line:04332df,Are you sure you want to steal wine?,¿Seguro que quieres robar el vino?
line:0e60417,Don't get caught!,¡Que no te atrapen!
line:0846097,It would have been a scandal!,¡Habría sido un escándalo!
line:0c228a1,Narrator: You look for the right cask of wine.,Narrador: Buscas el barril de vino correcto.
line:064e79e,"Narrator: Fortunately, you know your wines. You read the stamps on the wood of the casks and quickly find the right vintage.","Narrador: Por fortuna, sabes de vinos. Lees los sellos de los barriles y encuentras rápidamente la cosecha adecuada."
line:04d4242,Narrator: You manage to slip it through the secret passage.,Narrador: Consigues pasarlo por el pasadizo secreto.
line:0755214,"Narrator: You spend an eternity looking at the casks, not knowing what you're looking for.",Narrador: Pasas una eternidad contemplando los barriles sin saber qué estás buscando.
line:080c86b,Narrator: You're so focused on your task that you can't hear Tonneline behind your back.,Narrador: Estás tan concentrado en tu tarea que no escuchas a Tonneline detrás de ti.
line:097292a,"<sprite name=""tonneline""> Tonneline: What is this all about? Baladins scoundrels are trying to rob me?","<sprite name=""tonneline""> Tonneline: ¿Qué significa esto? ¿Unos sinvergüenzas baladins intentan robarme?"
line:04f6902,"<sprite name=""tonneline""> Tonneline: Out of my property now! And don't even think about using the secret passage again!","<sprite name=""tonneline""> Tonneline: ¡Fuera de mi propiedad ahora mismo! ¡Y ni piensen en volver a usar el pasadizo secreto!"
line:07afb50,Narrator: It's probably better this way.,Narrador: Probablemente sea mejor así.
line:0bdedd3,The Corkmaker,El corchero
line:0678b61,You learned about the corkmaker in the Cork Forest,Te enteraste de que el corchero vive en el Bosque de Corcho.
line:0b6ef23,Ask Bungus the corkmaker to make a giant cork for the well. They live in the Cork Forest west of Mouliac.,"Pídele a Bungus, el corchero, que fabrique un corcho gigante para el pozo. Bungus vive en el Bosque de Corcho, al oeste de Mouliac."
line:0721e14,Supplies for the Peace Festival,Suministros para el Festival de la Paz
line:0c6fbcf,Bring the crate to Sopheline in Mouliac.,"Lleva la caja a Sopheline, en Mouliac."
line:0a8123d,"You delivered the crate, but a geyser appeared in the middle of the town!","Entregaste la caja, ¡pero apareció un géiser en medio del pueblo!"
line:081b2ad,The Spirit of Mouliac,El espíritu de Mouliac
line:039c85e,Ask Tonneline for wine. She lives in her Castle east of Mouliac.,Pídele vino a Tonneline. Vive en su castillo al este de Mouliac.
line:035ca35,Cook,Cocinar
line:071da95,Unleash your creativity for the guests of the inn,Da rienda suelta a tu creatividad para los huéspedes de la posada
line:0685123,Observe Merchants,Observar a los mercaderes
line:0e57f1e,Learn the tricks of the trade,Aprende los trucos del oficio
line:089cf99,Play cards,Jugar a las cartas
line:00f9f16,Outsmart your opponent to gain some coin,Supera a tu oponente para ganar algunas monedas
line:0ab3785,Cork Forest,Bosque del Corcho
line:04e2146,Grow mushrooms,Cultivar hongos
line:0bc891b,Pick mushrooms,Recolectar hongos
line:028a2f8,Camp,Acampar
line:0665e07,Winemakers' Castle,Castillo de los vinicultores
line:01df224,Trample grapes,Pisar uvas
line:0387e0a,Trade fine wines,Comerciar vinos finos
line:03febf2,Taste old vintages,Degustar vinos añejos
line:0658d16,Guild Hall,Salón del gremio
line:050a635,Try fireworks,Probar fuegos artificiales
line:019e250,Rehearse a show,Ensayar un espectáculo
line:0b257b8,Beekeeping,Apicultura
line:050100d,Hidden Cave,Cueva oculta
line:060bf3e,Clear tunnels,Despejar túneles
line:0f17039,Moving rocks around is good for your body,Mover rocas es bueno para el cuerpo.
line:0abee7d,Read writings,Leer inscripciones
line:07385aa,These writings on the wall contain ancient knowledge,Estas inscripciones en la pared contienen conocimientos ancestrales.
line:04ef0d3,Break stalactites,Romper estalactitas
line:0cb1c91,"They are made of stone and yet look so fragile, so tempting","Son de piedra, pero parecen tan frágiles... tan tentadoras."
line:0cb8bd5,Passive effect,Efecto pasivo
line:09b2674,Truce Juice,Jugo de la tregua
line:053a46c,"""Strictly forbidden during chess tournaments.""",«Terminantemente prohibido durante los torneos de ajedrez».
line:092fd46,Crate,Caja
line:048f9e2,"Heavy crate full of wares for the Peace Festival. A label says ""Deliver it to Sopheline in Mouliac"".",Caja pesada llena de suministros para el Festival de la Paz. Una etiqueta dice: «Entrégasela a Sopheline en Mouliac».
line:0b1fca7,"<sprite name=""exclamation""> <i>This story sounds cool, right? But sadly it's not in the demo!</i>","<sprite name=""exclamation""> <i>Esta historia suena genial, ¿verdad? ¡Pero lamentablemente no está en la demostración!</i>"
line:05412b9,"<br><align=""center"">You Gained <style=Stat>+{0} <sprite name=""{1}""> {2}</style>!","<br><align=""center"">¡Has obtenido <style=Stat>+{0} <sprite name=""{1}""> {2}</style>!"
line:0d9ad10,"<br><align=""center"">Everyone Gained <style=Stat>+{0} <sprite name=""{1}""> {2}</style>!","<br><align=""center"">¡Todos han obtenido <style=Stat>+{0} <sprite name=""{1}""> {2}</style>!"
line:0692048,"<br><align=""center"">You Lost <style=Stat>-{0} <sprite name=""{1}""> {2}</style>!","<br><align=""center"">¡Has perdido <style=Stat>-{0} <sprite name=""{1}""> {2}</style>!"
line:04e6928,"<br><align=""center"">You Obtained {0} <sprite name=""{1}""> <style=Item>{2}</style>!","<br><align=""center"">¡Has obtenido {0} <sprite name=""{1}""> <style=Item>{2}</style>!"
line:020b3e3,"You Lost Your <sprite name=""{0}""> <style=Item>{1}</style>!","¡Has perdido tu <sprite name=""{0}""> <style=Item>{1}</style>!"
line:090a44c,You lost all your <style=Stat>{0}</style>!,¡Has perdido todo tu <style=Stat>{0}</style>!
line:09b9591,"You gave the <style=Item>{0}</style>. <sprite name=""{1}"">","Entregaste el <style=Item>{0}</style>. <sprite name=""{1}"">"
line:0e79299,"You rolled [plural value={0} 8 = ""an"" 11 = ""an"" 18 = ""a natural"" other= ""a""/] {1} <sprite name=""dice""> + {2} {3} <sprite name=""{4}"">","Tiraste [plural value={0} 8 = ""un"" 11 = ""un"" 18 = ""un resultado natural de"" other= ""un""/] {1} <sprite name=""dice""> + {2} {3} <sprite name=""{4}"">"
line:0f3ad89,"With the help of {0}you reach {1} {2} <sprite name=""{3}"">","Con la ayuda de {0} llegas a {1} {2} <sprite name=""{3}"">"
line:08404ec,"<sprite name=""yes""><br><br>Confirm","<sprite name=""yes""><br><br>Confirmar"
line:0850ad4,"<sprite name=""no""><br><br>Cancel","<sprite name=""no""><br><br>Cancelar"
line:0fa6f0c,"<sprite name=""yes""><br><br>Confirm","<sprite name=""yes""><br><br>Confirmar"
line:0f0fb5c,"<sprite name=""no""><br><br>Cancel","<sprite name=""no""><br><br>Cancelar"
line:05a06ea,"<sprite name=""gold""><br><br>Buy","<sprite name=""gold""><br><br>Comprar"
line:02a8f2b,"<sprite name=""gold""><br><br>Sell","<sprite name=""gold""><br><br>Vender"
line:0f3ec5c,"<sprite name=""destruction"">{0}<br><br>Leave","<sprite name=""destruction"">{0}<br><br>Salir"
line:04862e4,"<sprite name=""yes""><br><br>Yes","<sprite name=""yes""><br><br>Sí"
line:0ed0b4e,"<sprite name=""no""><br><br>No","<sprite name=""no""><br><br>No"
line:085f699,"<sprite name=""yes""><br><br>Yes","<sprite name=""yes""><br><br>Sí"
line:07d5105,"<sprite name=""no""><br><br>No","<sprite name=""no""><br><br>No"
line:0078ef3,"You gain <style=Item>{0}</style>! <sprite name=""{1}"">. You lose {2} {3}.","¡Ganas <style=Item>{0}</style>! <sprite name=""{1}"">. Pierdes {2} {3}."
line:0faf6e5,"You lose <style=Item>{0}</style>! <sprite name=""{1}"">. You gain {2} {3}.","¡Pierdes <style=Item>{0}</style>! <sprite name=""{1}"">. Obtienes {2} {3}."
line:0860b54,Physique,Físico
line:0ab0f7a,Finesse,Destreza
line:0e5603f,Knowledge,Conocimiento
line:0e1b8b2,Creation,Creación
line:086bc60,Destruction,Destrucción
line:0b741f6,Gold,Oro
line:0b09bb0,Cook,Cocinero
line:0019e57,Dancer,Bailarín
line:0c81911,Luxomancer,Luxomante
line:082d6c6,Pyro,Piro
line:0144efd,Bard,Bardo
line:03a9b98,Player,Jugador
line:0c95dec,Connection lost with player {0},Conexión perdida con el jugador {0}
line:0529e81,controller has been disconnected. Please reconnect one or leave the game,El mando se ha desconectado. Vuelve a conectar uno o sal de la partida.
line:08eed59,Connection lost with host!,¡Conexión perdida con el anfitrión!
line:028ef54,Colobra: These aren't worth talking about.,Colobra: No vale la pena hablar de ellos.
line:0db9118,Colobra: Maybe next time you'll bring me more meaningful items!,Colobra: ¡Quizás la próxima vez me traigas artículos más significativos!
line:072eaa5,Narrator: The road is now open!,Narrador: ¡El camino ya está abierto!
line:04a503c,Mouliac,Mouliac
line:0142f03,Hortegarde,Hortegarde
line:023e276,Mercazon,Mercazon
line:0f5104a,Lumensac,Lumensac
line:06e3eb7,Roazay,Roazay
line:03bdbea,"Colobra: <sprite name=""anchor""> I hope I didn't weigh myself down too much with this meal.","Colobra: <sprite name=""anchor""> Espero no haberme pesado mucho con esta comida."
line:004329a,Colobra: That's clearly an object that doesn't want to move!,Colobra: ¡Ese es claramente un objeto que no quiere moverse!
line:0019eca,"Colobra: <sprite name=""anvil""> This anvil is going to weigh me down.","Colobra: <sprite name=""anvil""> Este yunque me va a pesar."
line:04f9fe4,Colobra: Too bad Nicolo didn't stick with the forge. His poor horse will have to die on the field of battle.,Colobra: Lástima que Nicolo no se quedó con la fragua. Su pobre caballo tendrá que morir en el campo de batalla.
line:0d6856f,"Colobra: <sprite name=""apppendant""> Hum! This mage pendant is full of promises.","Colobra: <sprite name=""apppendant""> ¡Hum! Este colgante de mago está lleno de promesas."
line:0bc41af,Colobra: You fought hard to prove the worth of your kind.,Colobra: Luchaste duro para demostrar el valor de los de tu especie.
line:07f99c1,Colobra: But also to reconnect a daughter with her mother!,Colobra: ¡Pero también para reconectar a una hija con su madre!
line:01a6d99,Colobra: Delicious!,Colobra: ¡Delicioso!
line:00ca0cc,"Colobra: <sprite name=""ballchain""> Nothing like a heavy ball and chain to keep me grounded, like those ghosts.","Colobra: <sprite name=""ballchain""> Nada como una bola y una cadena pesadas para mantenerme castigado, como esos fantasmas."
line:0093cb1,"Colobra: At least, the doctor healed their pain and they found peace.",Colobra: Al menos el médico curó su dolor y encontraron la paz.
line:007b444,Colobra: But they didn't have the chance to fulfill their unfinished task.,Colobra: Pero no tuvieron la oportunidad de cumplir con su tarea pendiente.
line:078f631,"Colobra: <sprite name=""balloonanimal""> This balloon animal is a souvenir of a happy child, discovering the wonders of magic.","Colobra: <sprite name=""balloonanimal""> Este animal globo es un recuerdo de un niño feliz, descubriendo las maravillas de la magia."
line:05efd14,"Colobra: An endearing sight, indeed. But was it the solution? Didn't she abandon her mother after all?","Colobra: Una vista entrañable, por cierto. ¿Pero fue esa la solución? ¿No abandonó a su madre después de todo?"
line:02f36c2,"Colobra: <sprite name=""bilboquet""> A Bilboquet? A true symbol of solitude. Abandoned!","Colobra: <sprite name=""bilboquet""> ¿Un Bilboquet? Un verdadero símbolo de soledad. ¡Abandonado!"
line:06d0706,"Colobra: One has lost his solitude, thanks to you.",Colobra: Uno ha perdido la soledad gracias a ti.
line:0abfd0a,"Colobra: <sprite name=""cagodlor""> I prefer my chicken roasted and not just gilded.","Colobra: <sprite name=""cagodlor""> Prefiero mi pollo asado y no solo dorado."
line:03b74de,"Colobra: <sprite name=""calendos""> A cheesy delight, perfect for a dragon's palate.","Colobra: <sprite name=""calendos""> Una delicia con queso, perfecta para el paladar de un dragón."
line:0cce45f,"Colobra: <sprite name=""candy""> Sweet treats! Someone could find it inspiring.","Colobra: <sprite name=""candy""> ¡Dulces! Alguien podría encontrarlo inspirador."
line:0d0f542,"Colobra: <sprite name=""crierbell""> Ring-a-ling! The dragon's calling. Haha! Just messin with you.","Colobra: <sprite name=""crierbell""> ¡Ring-a-ling! La llamada del dragón. ¡Ja ja! Sólo estoy jugando contigo."
line:0ca75ed,"Colobra: Didn't you mess with the crier? Isn't it why he left his bell on the floor, along with his desire to live?","Colobra: ¿No te metiste con el pregonero? ¿No será por eso que dejó su campana en el suelo, junto con sus ganas de vivir?"
line:0be339c,Colobra: You made him look like a fool! And what good did it bring?,Colobra: ¡Lo hiciste quedar como un tonto! ¿Y qué bien trajo?
line:09046ae,"Colobra: <sprite name=""criergoldchain""> A crier's Gold Chain? A shining symbol of success and celebrity, now in my belly.","Colobra: <sprite name=""criergoldchain""> ¿La cadena de oro de un pregonero? Un brillante símbolo de éxito y celebridad, ahora en mi vientre."
line:06e9a17,Colobra: The crier understood that true love of oneself is better than the admiration of many.,Colobra: El pregonero entendió que es mejor el verdadero amor a uno mismo que la admiración de muchos.
line:0ee2a79,"Colobra: Well done, baladins. You made a lutin and a crier happy!","Colobra: Bien hecho, baladins. ¡Hiciste feliz a un lutin y a un pregonero!"
line:0fe0f4a,"Colobra: <sprite name=""crierhat""> This crier's hat smells like cold sweat and fear. Did you mess with him?","Colobra: <sprite name=""crierhat""> El sombrero de este pregonero huele a sudor frío y miedo. ¿Te metiste con él?"
line:07d53e4,Colobra: Sure he will never spread false information. The scary one has become scared.,Colobra: Seguro que nunca difundirá información falsa. El que da miedo se ha asustado.
line:0ec249f,Colobra: Do you want to be scary baladin? I don't think so.,Colobra: ¿Quieres dar miedo baladin? No me parece.
line:051c2b0,"Colobra: <sprite name=""crownofthefool""> A fool's treasure, a dragon's feast.","Colobra: <sprite name=""crownofthefool""> El tesoro de un tonto, el festín de un dragón."
line:01463a4,"Colobra: <sprite name=""crownofthenight""> The Crown of the Night? Isn't it a bit pompous?","Colobra: <sprite name=""crownofthenight""> ¿La Corona de la Noche? ¿No es un poco pomposo?"
line:09e8a2b,"Colobra: <sprite name=""cursedbraid""> A Cursed Braid? My, my! The flavor of dark magic is always a bit of a wild card.","Colobra: <sprite name=""cursedbraid""> ¿Una trenza maldita? ¡Dios mío! El sabor de la magia oscura siempre es un comodín."
line:0efcd01,"Colobra: <sprite name=""dancingshoes""> I'll dance on my full belly, thank you very much.","Colobra: <sprite name=""dancingshoes""> Bailaré con la barriga llena, muchas gracias."
line:05a5678,Colobra: Those dancing shoes were used by their owner until the end.,Colobra: Esos zapatos de baile fueron usados ​​por su dueño hasta el final.
line:0657173,Colobra: How could one leave this world before dancing one last time with their friends?,Colobra: ¿Cómo podría uno dejar este mundo antes de bailar por última vez con sus amigos?
line:08ff9c8,"Colobra: <sprite name=""dirt""> This tastes like dirt! Oh, it is dirt.","Colobra: <sprite name=""dirt""> ¡Esto sabe a tierra! Oh, es suciedad."
line:08b942f,"Colobra: <sprite name=""emptyjar""> An empty jar, just my luck. Fill it with something, next time.","Colobra: <sprite name=""emptyjar""> Un frasco vacío, es mi suerte. Llénalo con algo, la próxima vez."
line:039c37e,"Colobra: <sprite name=""fakeflag""> This fake flag tastes as good as a real one. A little more bitter, I guess.","Colobra: <sprite name=""fakeflag""> Esta bandera falsa sabe tan bien como una real. Un poco más amargo, supongo."
line:02d145b,"Colobra: <sprite name=""fakeshield""> A fake shield is as good as a real one.","Colobra: <sprite name=""fakeshield""> Un escudo falso es tan bueno como uno real."
line:0e187de,"Colobra: The real one is to make war, the fake one is to fool people. It doesn't taste good either way.","Colobra: La verdadera es hacer la guerra, la falsa es engañar a la gente. No sabe bien de ninguna manera."
line:0c4d538,"Colobra: <sprite name=""fanletter""> A letter from a fan, now that's something new. If only you could know the taste of admiration!","Colobra: <sprite name=""fanletter""> Una carta de un fan, eso sí que es algo nuevo. ¡Si tan sólo pudieras conocer el sabor de la admiración!"
line:0cd38c9,"Colobra: <sprite name=""flightpotion""> A flight potion? I don't need any help to fly! But someone else might.","Colobra: <sprite name=""flightpotion""> ¿Una poción de vuelo? ¡No necesito ayuda para volar! Pero alguien más podría hacerlo."
line:0bf5147,"Colobra: <sprite name=""itemgargoyle""> Stone-cold and crunchy. Not my favorite flavor.","Colobra: <sprite name=""itemgargoyle""> Frío como una piedra y crujiente. No es mi sabor favorito."
line:03feace,Colobra: Some people would benefit more if you gave them this lost gargoyle.,Colobra: Algunas personas se beneficiarían más si les regalaras esta gárgola perdida.
line:0ead142,"Colobra: <sprite name=""ghostsjar""> A jar full of ghosts? Haunting.","Colobra: <sprite name=""ghostsjar""> ¿Un frasco lleno de fantasmas? Obsesionante."
line:01bfcec,Colobra: Who knows what you can do with the soul of deceased people?,Colobra: ¿Quién sabe qué se puede hacer con el alma de personas fallecidas?
line:06cb20b,"Colobra: <sprite name=""gladcard1""> A common gladiator trading card? Meh. I prefer to judge by taste, not rarity.","Colobra: <sprite name=""gladcard1""> ¿Una carta coleccionable de gladiador común? Bueno. Prefiero juzgar por el gusto, no por la rareza."
line:0370613,"Colobra: <sprite name=""gladcard2""> An average fighter, but a delicious snack for me.","Colobra: <sprite name=""gladcard2""> Un luchador promedio, pero un bocadillo delicioso para mí."
line:058ec14,"Colobra: <sprite name=""gladcard3""> A rare gladiator trading card? Impressive.","Colobra: <sprite name=""gladcard3""> ¿Una rara carta coleccionable de gladiador? Impresionante."
line:0ddfc76,"Colobra: <sprite name=""gladcard4""> A true champion, but now just a footnote in my digestive history.","Colobra: <sprite name=""gladcard4""> Un verdadero campeón, pero ahora solo una nota a pie de página en mi historia digestiva."
line:08f5f22,"Colobra: <sprite name=""goodsticker""> A gold star sticker for effort, and yet it doesn't taste that good.","Colobra: <sprite name=""goodsticker""> Una pegatina de estrella dorada por el esfuerzo y, sin embargo, no sabe tan bien."
line:005902c,"Colobra: You did what you were told to by the council, but did it really solve the problem?","Colobra: Hiciste lo que te dijo el consejo, pero ¿realmente resolvió el problema?"
line:0f1cbc2,"Colobra: Someone, somewhere, is missing their golden chicken!","Colobra: ¡Alguien, en algún lugar, extraña su pollo dorado!"
line:0c16624,"Colobra: <sprite name=""grain""> Grain? Do I look like a pigeon, to you?","Colobra: <sprite name=""grain""> ¿Grano? ¿Te parezco una paloma?"
line:08a26ea,Colobra: And it means you broke this poor lutin's dream of doing his share for society. Awful!,Colobra: Y significa que rompiste el sueño de este pobre lutin de hacer su parte por la sociedad. ¡Horrible!
line:09e06b5,"Colobra: <sprite name=""grilledcandies""> Grilled sweets, the perfect treat for a dragon's sweet tooth.","Colobra: <sprite name=""grilledcandies""> Dulces a la parrilla, el capricho perfecto para los golosos de un dragón."
line:0c1627a,"Colobra: And they taste like good times spent around the fire. An inspiring good time for Gabi, for sure!","Colobra: Y saben a buenos momentos pasados ​​alrededor del fuego. ¡Un buen momento inspirador para Gabi, sin duda!"
line:009a4f9,"Colobra: <sprite name=""immortpotion""> An immortality potion? I don't need any magic to live forever, I am a dragon after all.","Colobra: <sprite name=""immortpotion""> ¿Una poción de inmortalidad? No necesito ninguna magia para vivir para siempre, después de todo soy un dragón."
line:0fba24d,"Colobra: <sprite name=""kalva""> Kalva? It will help with my digestion.","Colobra: <sprite name=""kalva""> ¿Kalva? Me ayudará con mi digestión."
line:072d874,"Colobra: <sprite name=""lightorb""> An orb of light? Kids these days don't know their luck. If only they knew what we did to make light back in the days...","Colobra: <sprite name=""lightorb""> ¿Un orbe de luz? Los niños de hoy en día no conocen su suerte. Si supieran lo que hicimos para hacer luz en aquellos días..."
line:065a80a,"Colobra: Well done for finding this one. Pretty harmless, huh? Hopefully no one will use it to make fun of Sebaste and his lies.","Colobra: Enhorabuena por encontrar este. Bastante inofensivo, ¿eh? Ojalá nadie lo utilice para burlarse de Sebaste y sus mentiras."
line:07529e9,"Colobra: <sprite name=""magicbell""> You saved this magic bell from the depth of the river, and helped the old lady and the fish.","Colobra: <sprite name=""magicbell""> Salvaste esta campana mágica de las profundidades del río y ayudaste a la anciana y al pez."
line:0873bda,Colobra: I guess this sweetens the taste of mud.,Colobra: Supongo que esto endulza el sabor del barro.
line:0a03567,"Colobra: <sprite name=""mop""> A mop? It's not the most disgusting thing I've had for lunch!","Colobra: <sprite name=""mop""> ¿Una fregona? ¡No es lo más asqueroso que he almorzado!"
line:0858239,"Colobra: You helped a young man with his destiny, he shall never clean the floor again.","Colobra: Ayudaste a un joven con su destino, nunca más limpiará el piso."
line:0fd3d24,"Colobra: Some would say it's for the best, but would he?","Colobra: Algunos dirían que es lo mejor, pero ¿lo haría?"
line:0e371b8,"Colobra: <sprite name=""oldapppendant""> An apprentice's pendant? Oh it tastes old and obsolete.","Colobra: <sprite name=""oldapppendant""> ¿Un colgante de aprendiz? Oh, sabe viejo y obsoleto."
line:0beb749,"Colobra: The druid must have moved on, at last, thanks to you.","Colobra: El druida debe haber seguido adelante, por fin, gracias a ti."
line:033dc78,Colobra: The old pupil has become a master now!,Colobra: ¡El antiguo alumno ahora se ha convertido en un maestro!
line:09f55fc,"Colobra: It's the cycle of life, and I know a thing or two about cycles!","Colobra: ¡Es el ciclo de la vida, y sé un par de cosas sobre los ciclos!"
line:0bb778f,"Colobra: <sprite name=""pen""> The quill has written many epic tales, but there's one it will never write:","Colobra: <sprite name=""pen""> La pluma ha escrito muchas historias épicas, pero hay una que nunca escribirá:"
line:0c08db5,Colobra: The story of the humble drunkard who became a respected writer.,Colobra: La historia del humilde borracho que se convirtió en un escritor respetado.
line:0606dde,Colobra: And you made sure this story is not a fairy tale!,Colobra: ¡Y te aseguraste de que esta historia no sea un cuento de hadas!
line:054c64c,"Colobra: <sprite name=""plaster""> This cast may be for broken bones, but it sure makes a crispy snack!","Colobra: <sprite name=""plaster""> ¡Este yeso puede ser para huesos rotos, pero seguro que es un refrigerio crujiente!"
line:073a5b1,"Colobra: Sometimes, accidents help us realize how fragile life is.","Colobra: A veces, los accidentes nos ayudan a darnos cuenta de lo frágil que es la vida."
line:0ce93a3,"Colobra: We may be hurt, but we grow.","Colobra: Puede que estemos heridos, pero crecemos."
line:0016d44,"Colobra: And when I say ""we"", I mean ""you"", mortals. I don't get hurt or die, or whatever...","Colobra: Y cuando digo ""nosotros"", me refiero a ""ustedes"", mortales. No me lastimo ni muero, o lo que sea..."
line:040e2ce,"Colobra: <sprite name=""runestaff""> This runestaff will soon become dragon fire kindling!","Colobra: <sprite name=""runestaff""> ¡Este bastón rúnico pronto se convertirá en fuego de dragón!"
line:0bd8398,Colobra: It was one project too many for the old mage.,Colobra: Era un proyecto demasiado para el viejo mago.
line:0d9aa93,Colobra: Now she traded it for a quill and she writes to her daughter every week.,Colobra: Ahora la cambió por una pluma y le escribe a su hija todas las semanas.
line:002cb2b,"Colobra: An improvement indeed, but did they really find peace together?","Colobra: Ciertamente es una mejora, pero ¿realmente encontraron la paz juntos?"
line:04c4930,"Colobra: <sprite name=""sharpsword""> A sharp sword? If Biscotorius renounced it, it means war was not coming after all.","Colobra: <sprite name=""sharpsword""> ¿Una espada afilada? Si Biscotorius renunció a ella, significaba que, después de todo, la guerra no se avecinaba."
line:03ced80,Colobra: Peace is in the air and in her heart.,Colobra: La paz está en el aire y en su corazón.
line:03554b3,"Colobra: <sprite name=""shoes""> The lutin runs no more with these shoes, thanks to you, baladins.","Colobra: <sprite name=""shoes""> El lutin ya no corre con estos zapatos, gracias a vosotros, baladins."
line:0b91c11,"Colobra: But now they fly like a bird, will they be treated as one?","Colobra: Pero ahora vuelan como un pájaro, ¿serán tratados como tal?"
line:044f23a,Colobra: Maybe the birdmaster won't like it.,Colobra: Quizás al maestro de las aves no le guste.
line:0800df2,"Colobra: <sprite name=""slingshot""> Sometimes throwing big rocks is a way to save the day.","Colobra: <sprite name=""slingshot""> A veces, lanzar piedras grandes es una forma de salvar el día."
line:0f48e9d,Colobra: This slingshot is a good reminder of that.,Colobra: Este tirachinas es un buen recordatorio de eso.
line:0ddf46c,"Colobra: <sprite name=""soap""> Do you think I'll burp bubbles like in the cartoons?","Colobra: <sprite name=""soap""> ¿Crees que haré eructar burbujas como en los dibujos animados?"
line:007714c,Colobra: Oh! Of course you don't know what a cartoon is. Nevermind!,Colobra: ¡Ah! Por supuesto que no sabes qué es una caricatura. ¡No importa!
line:0691faa,"Colobra: <sprite name=""sophelineinstrument""> This tiny flute only plays a sad song since its owner is gone.","Colobra: <sprite name=""sophelineinstrument""> Esta pequeña flauta solo toca una canción triste desde que su dueño ya no está."
line:0f365e0,"Colobra: The title of the song? ""Abducting people to deliver them to their crappy parents is not a solution"".","Colobra: ¿El título de la canción? ""Secuestrar personas para entregárselas a sus malos padres no es una solución""."
line:065d7c8,Colobra: Quite inspiring.,Colobra: Bastante inspirador.
line:0d01ee1,"Colobra: <sprite name=""staff""> This staff is a mere toothpick to me!","Colobra: <sprite name=""staff""> ¡Este bastón es un simple palillo para mí!"
line:01ccc26,Colobra: I sense that its owner will wield many staves during her new life. And more dangerous ones!,Colobra: Siento que su dueña empuñará muchos bastones durante su nueva vida. ¡Y otros más peligrosos!
line:020639c,"Colobra: In many years, her great powers will be a blessing for your land.","Colobra: Dentro de muchos años, sus grandes poderes serán una bendición para tu tierra."
line:048e06b,"Colobra: <sprite name=""stolenmail""> This stolen mail is full of hope and promises.","Colobra: <sprite name=""stolenmail""> Este correo robado está lleno de esperanza y promesas."
line:01695af,Colobra: Too bad it will never reach their recipients!,Colobra: ¡Qué pena que nunca llegue a sus destinatarios!
line:07d3307,"Colobra: <sprite name=""stonelutin""> Stone lutin, tough on the outside, soft on the inside!","Colobra: <sprite name=""stonelutin""> Piedra lutin, dura por fuera, suave por dentro!"
line:01efb97,Colobra: So you told the birdmaster everything and they unleashed the mighty cocatrix upon the land.,Colobra: Entonces le contaste todo al maestro de aves y ellos desataron a la poderosa cocatrix sobre la tierra.
line:065f496,Colobra: A fool's move. I'm sure you regret it now.,Colobra: Una jugada tonta. Estoy seguro de que ahora te arrepientes.
line:08dcddf,"Colobra: <sprite name=""strengthpotion""> A good thing I don't have to open it to eat it!","Colobra: <sprite name=""strengthpotion""> ¡Qué bueno que no tengo que abrirlo para comerlo!"
line:014d88f,Colobra: I don't have arms anyway...,Colobra: Igual no tengo brazos...
line:0b098c0,"Colobra: <sprite name=""timetalisman""> You made a time talisman? To break the time loop?","Colobra: <sprite name=""timetalisman""> ¿Hiciste un talismán del tiempo? ¿Para romper el ciclo del tiempo?"
line:09b96ec,Colobra: Not a bad idea but... Why did you let me eat it? You must keep it if you want it to work.,Colobra: No es mala idea pero... ¿Por qué me dejaste comerlo? Debes conservarlo si quieres que funcione.
line:0417320,"Colobra: <sprite name=""tissue""> You may find this wet tissue is gross, but for me it's delicious.","Colobra: <sprite name=""tissue""> Puede que este pañuelo húmedo te parezca asqueroso, pero para mí es delicioso."
line:07dd47b,Colobra: Think about all those feelings packed inside!,Colobra: ¡Piensa en todos esos sentimientos que llevas dentro!
line:07658e0,"Colobra: Guilt, sadness, bitterness, all gone! And the mage can now talk to her daughter again!","Colobra: ¡Culpa, tristeza, amargura, todo se fue! ¡Y la maga ahora puede volver a hablar con su hija!"
line:0c5ab68,Colobra: That's the real magic.,Colobra: Esa es la verdadera magia.
line:03bf2d8,"Colobra: <sprite name=""tools""> Tools. Maybe they will fix my hollow tooth!","Colobra: Herramientas <sprite name=""tools"">. ¡Quizás me arreglen el diente hueco!"
line:0f3780b,"Colobra: It's a powerful symbol, the kind of symbol that can bring people together or split the world in half.","Colobra: Es un símbolo poderoso, el tipo de símbolo que puede unir a las personas o dividir el mundo por la mitad."
line:0332963,"Colobra: But for Mornoz and Lumensac, it means a common goal! A greater good!",Colobra: ¡Pero para Mornoz y Lumensac significa un objetivo común! ¡Un bien mayor!
line:0e567ea,"Colobra: <sprite name=""townkey""> A key. I wonder what it can open.","Colobra: <sprite name=""townkey""> Una llave. Me pregunto qué puede abrir."
line:0025b7e,"Colobra: Anyway, it smells like truth. The kind of powerful truth that makes enemies.","Colobra: En fin, huele a verdad. El tipo de verdad poderosa que genera enemigos."
line:006a065,"Colobra: <sprite name=""spear""> Ah. The knight abandoned their spear.","Colobra: <sprite name=""spear""> Ah. El caballero abandonó su lanza."
line:0cfca3a,Colobra: They will not pursue a deceiving glory anymore.,Colobra: Ya no perseguirán una gloria engañosa.
line:0bd73b8,Colobra: And horses can be relieved.,Colobra: Y los caballos pueden sentirse aliviados.
line:0b23bf7,"Colobra: <sprite name=""scythe""> This scythe has worked too much.","Colobra: <sprite name=""scythe""> Esta guadaña ha funcionado demasiado."
line:0d48bfc,Colobra: The pain of the farmer came from the pain of the fairy.,Colobra: El dolor del granjero vino del dolor del hada.
line:089c5ab,Colobra: And you managed to relieve them both.,Colobra: Y lograste relevarlos a ambos.
line:0bdfc57,"Colobra: <sprite name=""receipt1""> You paid the debt of your friend... for this time loop, at least.","Colobra: <sprite name=""receipt1""> Pagaste la deuda de tu amigo... al menos durante este ciclo de tiempo."
line:050f645,Colobra: But did you really help them that way?,Colobra: ¿Pero realmente los ayudaste de esa manera?
line:024e387,"Colobra: <sprite name=""receipt2""> I can see you made a good show, the merchants were happy.","Colobra: <sprite name=""receipt2""> Veo que hiciste un buen espectáculo, los comerciantes estaban contentos."
line:025cf10,Colobra: But your friend couldn't prove their worth.,Colobra: Pero tu amigo no pudo demostrar su valía.
line:0deefb1,"Colobra: <sprite name=""postcard""> So, the bigorne and the tarasque went on a honeymoon together?","Colobra: <sprite name=""postcard""> Entonces, ¿el bigorne y la tarasque se fueron de luna de miel juntos?"
line:0db332e,"Colobra: A most uncommon duo, but they're happy together. Thanks to you.","Colobra: Un dúo poco común, pero son felices juntos. Gracias a ti."
line:0c9822f,"Colobra: <sprite name=""piecefield""> The jousting field is gone. Some might say it's for the best.","Colobra: <sprite name=""piecefield""> El campo de justas ya no existe. Algunos podrían decir que es lo mejor."
line:030d1c7,Colobra: But it wouldn't have happened without your foolishness!,Colobra: ¡Pero esto no hubiera sucedido sin tu necedad!
line:0948b55,Colobra: A bigorne is not a mount!,Colobra: ¡Un bigorne no es una montura!
line:0ca0d62,"Colobra: <sprite name=""pinkbouquet""> So, finally, Lois has found their way!","Colobra: <sprite name=""pinkbouquet""> ¡Así que finalmente Lois ha encontrado su camino!"
line:09c77e9,"Colobra: Thanks to you, they're a successful artist, now!","Colobra: ¡Gracias a ti, ahora son un artista exitoso!"
line:0ae02a7,"Colobra: They can repay their debt, over and over.","Colobra: Pueden pagar su deuda, una y otra vez."
line:0c08c4b,"Colobra: <sprite name=""phoenixfeather""> Ha! A phoenix! It's a very rare event.","Colobra: <sprite name=""phoenixfeather""> ¡Ja! ¡Un fénix! Es un evento muy raro."
line:07f935e,"Colobra: In this feather, I can feel how much you cared for the egg.",Colobra: En esta pluma puedo sentir cuánto cuidaste el huevo.
line:0819c22,"Colobra: <sprite name=""muleamulet""> The caravanner trusted you with this amulet...","Colobra: <sprite name=""muleamulet""> El caravanero te confió este amuleto..."
line:08a3358,Colobra: And you've proven worthy of this trust.,Colobra: Y has demostrado ser digno de esta confianza.
line:0ef4afd,Colobra: Velantif can now live a peaceful life.,Colobra: Velantif ahora puede vivir una vida pacífica.
line:0bddfc3,"Colobra: <sprite name=""brokenpromise""> Too bad you broke this trust and snitched on Nicolo!","Colobra: <sprite name=""brokenpromise""> ¡Qué lástima que rompiste esta confianza y delataste a Nicolo!"
line:041fd25,Colobra: Shame on you!,Colobra: ¡Qué vergüenza!
line:0940f16,"Colobra: <sprite name=""metalballs""> Those metal balls are infused with tradition.","Colobra: <sprite name=""metalballs""> Esas bolas de metal están impregnadas de tradición."
line:0d7e3eb,Colobra: The elders of Duper can now invite people to play with them.,Colobra: Los mayores de Duper ahora pueden invitar a personas a jugar con ellos.
line:0ab3a5d,Colobra: But what about the creature you got rid of?,Colobra: ¿Pero qué pasa con la criatura de la que te deshiciste?
line:0bb3029,"Colobra: <sprite name=""horseshoe""> A horseshoe? More like a horse shackle!","Colobra: <sprite name=""horseshoe""> ¿Una herradura? ¡Más bien un grillete de caballo!"
line:02f6615,Colobra: I can sense a life of slavery in this one!,Colobra: ¡Puedo sentir una vida de esclavitud en este!
line:0a08717,Colobra: Poor Velantif.,Colobra: Pobre Velantif.
line:0a4a85d,"Colobra: <sprite name=""fairytear""> A fairy shed a tear of joy? Thanks to you?","Colobra: <sprite name=""fairytear""> ¿Un hada derramó una lágrima de alegría? ¿Gracias a ti?"
line:0dbf58c,"Colobra: You impress me, baladins.","Colobra: Me impresionas, baladins."
line:0910339,"Colobra: <sprite name=""dragonslayer""> Haha! The fierce dragonslayer!","Colobra: <sprite name=""dragonslayer""> Jaja! ¡El feroz cazador de dragones!"
line:0656a04,Colobra: It will make a nice toothpick! Did you really think you could defeat a time-eating dragon with this toy?,Colobra: ¡Será un bonito palillo! ¿De verdad pensaste que podrías derrotar a un dragón devorador de tiempo con este juguete?
line:0a1ad1d,"Colobra: <sprite name=""cosmicegg""> A very rare egg you found here!","Colobra: <sprite name=""cosmicegg""> ¡Un huevo muy raro que encontraste aquí!"
line:09046b1,Colobra: The type you might want to keep...,Colobra: El tipo que quizás quieras conservar...
line:07d74ab,Colobra: But it's too late! This one is mine now! It's too tasty!,Colobra: ¡Pero ya es demasiado tarde! ¡Este es mío ahora! ¡Es demasiado sabroso!
line:0415695,"Colobra: <sprite name=""brokenspear""> Nicolo broke their spear and got hurt.","Colobra: <sprite name=""brokenspear""> Nicolo rompió su lanza y resultó herido."
line:08a6a3e,"Colobra: But most importantly, they were humiliated!",Colobra: ¡Pero lo más importante es que fueron humillados!
line:0a387c7,Colobra: Because of you and your stupid cart model.,Colobra: Gracias a ti y a tu estúpido modelo de carrito.
line:0863608,"Colobra: <sprite name=""brokenamulet""> You broke your oath, baladin! That's bad!","Colobra: <sprite name=""brokenamulet""> ¡Rompiste tu juramento, baladin! ¡Eso es malo!"
line:0b6aeb3,Colobra: This broken amulet is disgusting! It tastes like betrayal!,Colobra: ¡Este amuleto roto es asqueroso! ¡Sabe a traición!
line:02bc62d,"Colobra: <sprite name=""drawingbook""> These drawings are full of emotion. I wonder where this ink comes from.","Colobra: <sprite name=""drawingbook""> Estos dibujos están llenos de emoción. Me pregunto de dónde viene esta tinta."
line:04b6f72,Colobra: Surely someone is looking for this item and will make better use of it than me.,Colobra: Seguramente alguien está buscando este artículo y le dará mejor uso que yo.
line:0e3811e,"Colobra: <sprite name=""luckystamp""> The carrier lutin fulfilled their dream, but it wasn't just due to luck.","Colobra: <sprite name=""luckystamp""> El transportista lutin cumplió su sueño, pero no fue sólo cuestión de suerte."
line:0fc852c,"Colobra: You did it, baladins. And you can be proud of that!","Colobra: Lo lograste, baladins. ¡Y puedes estar orgulloso de eso!"
line:017fa07,"Colobra: <sprite name=""salt""> Hey! It's salty!","Colobra: <sprite name=""salt""> ¡Hola! ¡Está salado!"
line:0617a2d,"Colobra: <sprite name=""waxcylinder""> OH! I LIKE THIS!","Colobra: <sprite name=""waxcylinder""> ¡OH! ¡ME GUSTA ESTO!"
line:031d83b,Colobra: This sweet taste of honey! Incredible!,Colobra: ¡Este dulce sabor a miel! ¡Increíble!
line:01f19a2,"Colobra: I remember the last time I was here, I had plenty of it!","Colobra: Recuerdo la última vez que estuve aquí, ¡tenía mucho!"
line:06cdb71,"Colobra: I was hoping that you would bring me more... But there's none left, is there?","Colobra: Esperaba que me trajeras más... Pero ya no queda nada, ¿verdad?"
line:0e6a376,"Colobra: <sprite name=""acquittal""> Ha! The sour taste of administration.","Colobra: <sprite name=""acquittal""> ¡Ja! El sabor amargo de la administración."
line:0279c01,Colobra: You managed to get your friend out of trouble this time. Legally!,Colobra: Esta vez lograste sacar a tu amigo del problema. ¡Legalmente!
line:0489d42,Colobra: But did you really help them?,Colobra: ¿Pero realmente les ayudaste?
line:05b350f,"Colobra: <sprite name=""bigornefur""> Bigorne is free now! You found a cosy place for him.","Colobra: <sprite name=""bigornefur""> ¡Bigorne ya está libre! Encontraste un lugar acogedor para él."
line:0cc0b8b,Colobra: But maybe they'll feel lonely?,Colobra: ¿Pero tal vez se sientan solos?
line:049dfb7,"Colobra: <sprite name=""oldhorse""> Who kidnaps an old horse like that?","Colobra: <sprite name=""oldhorse""> ¿Quién secuestra así a un caballo viejo?"
line:06d88f0,Colobra: You keep surprising me baladin. But I'll eat it anyway.,Colobra: Me sigues sorprendiendo baladin. Pero lo comeré de todos modos.
line:0714423,"Colobra: <sprite name=""wine""> Wine, the liquid courage I need to tackle even the toughest of meals.","Colobra: <sprite name=""wine""> Vino, el coraje líquido que necesito para afrontar hasta las comidas más duras."
line:0d4b859,"Colobra: <sprite name=""winecap""> A wine cork? Too bad you didn't bring the bottle too!","Colobra: <sprite name=""winecap""> ¿Un corcho de vino? ¡Qué pena que no trajiste la botella también!"
line:038c34b,"Colobra: <sprite name=""loveletter""> Ha! You can't beat the taste of true love!","Colobra: <sprite name=""loveletter""> ¡Ja! ¡No hay nada mejor que el sabor del amor verdadero!"
line:0d5f7e1,Colobra: But someone might taste it better than I do with this letter.,Colobra: Pero alguien podría saborearlo mejor que yo con esta carta.
line:01abc9d,"Colobra: <sprite name=""peaceflower""> A flower from the Peace Tree! Delicious!","Colobra: <sprite name=""peaceflower""> ¡Una flor del Árbol de la Paz! ¡Delicioso!"
line:032ec8a,Colobra: And this one is more than a symbol of peace... It's also a symbol of true love!,Colobra: Y éste es más que un símbolo de paz... ¡También es un símbolo de amor verdadero!
line:0f3048d,"Colobra: That's the kind of item you don't eat often, sadly. But it's the best you can find!","Colobra: Lamentablemente, ese es el tipo de alimento que no se come con frecuencia. ¡Pero es lo mejor que puedes encontrar!"
line:07d3a05,"Colobra: <sprite name=""magicwater""> You're not afraid to feed me magic water? I might double in size!","Colobra: <sprite name=""magicwater""> ¿No tienes miedo de alimentarme con agua mágica? ¡Podría duplicar mi tamaño!"
line:0ba2888,Colobra: Don't worry. I won't.,Colobra: No te preocupes. No lo haré.
line:0a1fe98,"Colobra: <sprite name=""royaljelly""> Sweet like royalty. I rarely get to eat princesses any more but this is a great substitute!","Colobra: <sprite name=""royaljelly""> Dulce como la realeza. Ya casi no puedo comer princesas, ¡pero este es un gran sustituto!"
line:09fd003,"Colobra: <sprite name=""matagotsincense""> Don't try to relax me with incense! Nothing can soothe my wrath!","Colobra: <sprite name=""matagotsincense""> ¡No intentes relajarme con incienso! ¡Nada puede calmar mi ira!"
line:0d25716,"Colobra: <sprite name=""beltbrave""> This belt fills me with courage! Or maybe that's just the indigestion.","Colobra: <sprite name=""beltbrave""> ¡Este cinturón me llena de coraje! O tal vez sea sólo la indigestión."
line:04d26ef,Colobra: But one's glory is another one's demise. The director and the general will remain enemies.,Colobra: Pero la gloria de uno es la desaparición de otro. El director y el general seguirán siendo enemigos.
line:0bc861c,"Colobra: <sprite name=""maskmischievous""> This mask. It's a face I have not seen in eons... One must not joke about this creature.","Colobra: <sprite name=""maskmischievous""> Esta máscara. Es una cara que no he visto en eones... No se debe bromear sobre esta criatura."
line:04bc6ab,"Colobra: And what you did to get it, I prefer not to mention it.","Colobra: Y lo que hiciste para conseguirlo, prefiero no mencionarlo."
line:02068db,Colobra: I should eat you and all this darned land and forget about this time-consuming nonsense!,Colobra: ¡Debería comerte a ti y a toda esta maldita tierra y olvidarme de estas tonterías que consumen mucho tiempo!
line:001b160,"Colobra: But then, I wouldn't be better than the enemy.","Colobra: Pero entonces, no sería mejor que el enemigo."
line:0990a3b,"Colobra: <sprite name=""mirror""> A mirror? I don't need a reflection to admire my scales, but it tastes okay.","Colobra: <sprite name=""mirror""> ¿Un espejo? No necesito un reflejo para admirar mis escamas, pero sabe bien."
line:0ddd9fc,"Colobra: <sprite name=""tarot""> A tarot card! Interesting how you mortals try to pierce through the veil of future!","Colobra: <sprite name=""tarot""> ¡Una carta de tarot! ¡Es interesante cómo ustedes, los mortales, intentan traspasar el velo del futuro!"
line:0c9cd74,"Colobra: This one is not mistaken. The fortunetellers love each other again, thanks to you.","Colobra: Éste no se equivoca. Los adivinos vuelven a quererse, gracias a ti."
line:021f790,"Colobra: <sprite name=""bouquet""> A feast for the eyes, a feast for the belly.","Colobra: <sprite name=""bouquet""> Un festín para la vista, un festín para el vientre."
line:0dbc074,"Colobra: At last, the triumph was shared and the enemies became partners in art!",Colobra: ¡Por fin el triunfo fue compartido y los enemigos se convirtieron en socios en el arte!
line:0dac1e3,"Colobra: <sprite name=""flour""> I like flour, but I prefer it in cake form.","Colobra: <sprite name=""flour""> Me gusta la harina, pero la prefiero en forma de bizcocho."
line:0d18f65,"Colobra: Oh, and I feel it too. The wanderlust...","Colobra: Ah, y yo también lo siento. La pasión por los viajes..."
line:03abd9e,Colobra: At least you managed to replace the miller. Now he can travel the world while I'm stuck here!,Colobra: Al menos lograste reemplazar al molinero. ¡Ahora él puede viajar por el mundo mientras yo estoy atrapada aquí!
line:07d4bbc,"Colobra: <sprite name=""spice""> Spices, the secret ingredient to any good meal!","Colobra: <sprite name=""spice""> Especias, ¡el ingrediente secreto de cualquier buena comida!"
line:0adc628,"Colobra: <sprite name=""nutongem""> Ho a shiny rock! But hardly a monument in itself.","Colobra: <sprite name=""nutongem""> ¡Ho, una roca brillante! Pero no es un monumento en sí mismo."
line:0a4da44,Colobra: It seems that you failed to honor the cooperation between peoples!,Colobra: ¡Parece que no respetaste la cooperación entre los pueblos!
line:0bffd99,"Colobra: <sprite name=""propertyact""> Oh, you managed to acquire a nice house! But it tastes like unfinished business.","Colobra: <sprite name=""propertyact""> ¡Oh, lograste adquirir una linda casa! Pero sabe a asunto pendiente."
line:07ada1b,Colobra:  Did it make you happy? Did it make Basajaun happy? I doubt it.,Colobra: ¿Te hizo feliz? ¿Hizo feliz a Basajaun? Dudo.
line:0190cc8,"Colobra: <sprite name=""scissors""> As tasty as they're sharp!","Colobra: <sprite name=""scissors""> ¡Tan sabrosos como picantes!"
line:0491481,"Colobra: You finally managed to make people work together, I love it!","Colobra: Finalmente lograste que la gente trabajara junta, ¡me encanta!"
line:0501a4b,"Colobra: <sprite name=""wolffang""> Ew. Disgusting.","Colobra: <sprite name=""wolffang""> Ew. Desagradable."
line:09aadd4,"Colobra: Even if an evil has disappeared, violence and slyness prevailed after all.","Colobra: Incluso si un mal ha desaparecido, después de todo prevalecieron la violencia y la astucia."
line:0e57731,"Colobra: <sprite name=""badcarving""> OH! Impressive! It tastes of... Resentment.","Colobra: <sprite name=""badcarving""> ¡OH! ¡Impresionante! Sabe a... Resentimiento."
line:025357f,"Colobra: An intriguing flavour, but you should probably give this to someone else. Next time!","Colobra: Un sabor intrigante, pero probablemente deberías dárselo a otra persona. ¡La próxima vez!"
line:09757c5,"Colobra: <sprite name=""goodcarving""> Hmm! Delicious! The sweet taste of appeased passions.","Colobra: <sprite name=""goodcarving""> ¡Mmm! ¡Delicioso! El dulce sabor de las pasiones apaciguadas."
line:024417e,"Colobra: Sometimes talking is not the best way to express your feelings, but in the end I get a perfect snack!","Colobra: A veces hablar no es la mejor manera de expresar tus sentimientos, ¡pero al final obtengo una merienda perfecta!"
line:062330b,"Colobra: <sprite name=""journal""> Hum, this journal means a lot...","Colobra: <sprite name=""journal""> Hum, este diario significa mucho..."
line:001106b,Colobra: But it would mean a lot more to someone who knew its previous owner.,Colobra: Pero significaría mucho más para alguien que conociera a su anterior dueño.
line:0e5cee2,"Colobra: <sprite name=""goodflower""> Hum, this scent! Splendid! Sorgin managed to bloom as well.","Colobra: <sprite name=""goodflower""> ¡Hum, este aroma! ¡Espléndido! Sorgin también logró florecer."
line:040fccd,Colobra: Sometimes the shade of our ancestors prevents us from growing. But you brought light to the gardener!,Colobra: A veces la sombra de nuestros antepasados ​​nos impide crecer. ¡Pero le trajiste luz al jardinero!
line:06172ba,"Colobra: <sprite name=""partyhat""> Urh. Nuton sweat and late night regrets.","Colobra: <sprite name=""partyhat""> Urh. Sudor nutón y arrepentimientos nocturnos."
line:01bf9bc,Colobra: Did you really have to spoil everyone's fun to repel a poor snail?,Colobra: ¿Realmente tuviste que estropear la diversión de todos para repeler a un pobre caracol?
line:026c9d2,"Colobra: <sprite name=""slimyrock""> Well. This one is disgusting, but not for the reason you think.","Colobra: <sprite name=""slimyrock""> Bueno. Este es repugnante, pero no por la razón que crees."
line:0341a2c,"Colobra: You've kicked the poor carcolh out of the cave, but it solved nothing. The jeweler still can't work with others.","Colobra: Has echado al pobre carcolh de la cueva, pero no solucionó nada. El joyero todavía no puede trabajar con otros."
line:002978d,"Colobra: <sprite name=""pickaxe""> Finally! A tool made for people working hand in hand.","Colobra: <sprite name=""pickaxe""> ¡Por fin! Una herramienta hecha para personas que trabajan mano a mano."
line:07eaa2f,Colobra: Lamina has found a new sense of friendship and camaraderie!,Colobra: ¡Lamina ha encontrado un nuevo sentido de amistad y camaradería!
line:03e52e0,"Colobra: <sprite name=""loudmusicmaker""> My stomach will be rumbling with this one!","Colobra: <sprite name=""loudmusicmaker""> ¡Mi estómago retumbará con este!"
line:0c9229b,Click Anywhere,Haz clic en cualquier parte
line:022473b,Press any button,Pulsa cualquier botón
line:0eef0b5,Play,Jugar
line:04c28bf,Quit,Salir
line:0093b52,Loading,Cargando
line:03c6d0d,Join our Discord!,¡Únete a nuestro Discord!
line:0745528,Online,En línea
line:0c7ed9c,Create,Crear
line:02f5e59,Enter Friend ID,Introduce el ID de tu amigo
line:0858081,Confirm,Confirmar
line:0147a73,Cancel,Cancelar
line:0d47bac,Main Menu,Menú principal
line:0af34ed,Join,Unirse
line:06c6baa,Host Online,Crear partida en línea
line:0c6ae6e,Select a Host,Selecciona un anfitrión
line:0ec80d1,Request the code from your friend,Pídele el código a tu amigo
line:0ba5f7f,Refresh Lobby List,Actualizar lista de salas
line:0624423,Join [FRIEND] game,Unirse a la partida de [FRIEND]
line:07737a4,Invite Friends,Invitar amigos
line:041c252,Copy Lobby Code,Copiar código de la sala
line:0ce8b1c,Contacting host,Contactando con el anfitrión
line:08b9982,Waiting for baladins,Esperando a los baladines
line:0fc8ecf,Friends' lobbies list,Salas de amigos
line:00a4456,No lobbies found!,¡No se encontraron salas!
line:0cd34c6,Creating Room,Creando sala
line:079703f,Can't find game,No se encuentra la partida
line:0c66fec,Game is full,La partida está llena
line:092df1d,Can't reach host,No se puede contactar con el anfitrión
line:0bee779,Network error,Error de red
line:08c1bff,Online,En línea
line:02efbf6,Play,Jugar
line:0589e18,Checking Network...,Comprobando la red...
line:0c611ee,Ready,Listo
line:0375cda,Return,Volver
line:0e9a96e,Start,Iniciar
line:010f0c5,Start Game,Iniciar partida
line:044ccff,Local Mode,Modo local
line:01089cd,Join an Online Game,Unirse a una partida en línea
line:0deca3b,Load Game,Cargar partida
line:0196130,Continue,Continuar
line:01b4509,New Game,Nueva partida
line:01702b9,Launch Game,Iniciar partida
line:0f51431,Credits,Créditos
line:0547f54,Skip,Omitir
line:0201ba4,"The roads to Roazay are now open! Travel east to explore the mountains of Gatherac and the Nuton city of Belfosse. Sell your loot to Mairu, the travelling merchant who has just arrived! And keep an eye out, there's someone else hiding in the land!","¡Los caminos hacia Roazay ya están abiertos! Viaja al este para explorar las montañas de Gatherac y la ciudad nuton de Belfosse. ¡Vende tu botín a Mairu, la mercader ambulante que acaba de llegar! Y presta atención: ¡hay alguien más oculto en estas tierras!"
line:0509519,Learn more,Más información
line:0c24366,Road to Roazay: Peak Poetry,Camino a Roazay: Poesía en las cumbres
line:04a1430,Going on an adventure,Salir de aventura
line:03b6eca,Browsing menus,Explorar los menús
line:00d2752,Settings,Ajustes
line:0429470,Back,Volver
line:04aa9ba,Quit game,Salir
line:0c27ffa,Leaving the game?,¿Salir del juego?
line:07beecd,Are you sure you want to leave the game? All unsaved progression will be lost.,¿Seguro que quieres salir? Se perderá todo el progreso que no hayas guardado.
line:04ce234,You'll resume at the start of the current week. All week progression will be lost.<br>Recommended number of players: {0},Reanudarás al comienzo de la semana actual. Se perderá todo el progreso de esta semana.<br>Número recomendado de jugadores: {0}
line:0cfe928,Yes,Sí
line:08a5cdd,No,No
line:0345810,Controls,Controles
line:089cb77,Gameplay,Jugabilidad
line:0e9f697,Gameplay Settings,Ajustes de jugabilidad
line:06483da,Language,Idioma
line:0668bfa,Controller Prompts,Iconos del mando
line:02a02c9,Automatic,Automático
line:04ab208,Nintendo,Nintendo
line:0419a50,Xbox,Xbox
line:075480f,Playstation,PlayStation
line:018bf0f,Controller Vibrations,Vibración del mando
line:0e52989,Invert X axis,Invertir eje X
line:0c4d07d,Invert Y axis,Invertir eje Y
line:0ba9622,Sensitivity,Sensibilidad
line:0ab3f71,Zoom Range,Rango de zoom
line:0e71836,Skip Traveling Merchant Turn Animation,Omitir la animación del turno de la mercader ambulante
line:080366d,Text Speed,Velocidad del texto
line:05cbf93,Autoplay Text,Reproducción automática del texto
line:0c02455,Auto-forward Time,Tiempo de avance automático
line:0188199,Graphics,Gráficos
line:0496c05,Graphics Settings,Ajustes gráficos
line:026d229,Graphic Quality,Calidad gráfica
line:0d4bd7d,Display,Modo de pantalla
line:0f24c70,Fullscreen,Pantalla completa
line:0e752d2,Window,Ventana
line:01cd7c8,Borderless,Sin bordes
line:086f5b1,Resolution,Resolución
line:06f4ba8,Quality,Calidad
line:04d607f,High,Alta
line:0f8e307,Medium,Media
line:049b245,Low,Baja
line:0163758,VSync,Sincronización vertical
line:01cc0e3,Anti-aliasing,Antialiasing
line:046f98f,Off,Desactivado
line:0c19735,2X,2X
line:06a5685,4X,4X
line:0a4c932,8X,8X
line:0d1f52a,Contrast,Contraste
line:01bbac2,Blur,Desenfoque
line:0f6d746,Screenshake Intensity,Intensidad de la vibración de la pantalla
line:06010dc,Highlight Paths,Resaltar caminos
line:03a883c,Turn Off Scenery,Ocultar elementos del escenario
line:01708ee,Popup Size,Tamaño de ventanas emergentes
line:075f5c9,Font,Fuente
line:013a6a0,Font Size,Tamaño de fuente
line:0f901c7,Open-Dyslexic,OpenDyslexic
line:07a9d28,Text Color and Animation,Color y animación del texto
line:03c3cd9,Hidden Character Outline Style,Estilo del contorno de personajes ocultos
line:0c11c1d,Default,Predeterminado
line:0386a66,Large,Grande
line:020e7bc,Hidden Character Outline Color,Color del contorno de personajes ocultos
line:0ed28a4,Colorblind,Daltonismo
line:0cf070b,Apply changes,Aplicar cambios
line:0fa221b,Do you want to keep these changes?<br>Settings will revert in {0} seconds.,¿Quieres conservar estos cambios?<br>Los ajustes se revertirán en {0} segundos.
line:0276190,Exit,Salir
line:0becce5,Audio,Audio
line:07ae0b7,Audio Settings,Ajustes de audio
line:0550876,Global Volume,Volumen general
line:01a2ba6,Music Volume,Volumen de la música
line:0c4965b,Ambient Volume,Volumen ambiental
line:0052a11,SFX Volume,Volumen de efectos
line:031a738,Keyboard Binding,Asignación del teclado
line:0a8a9d2,Controller Bindings,Asignación del mando
line:0276f45,Bindings,Asignaciones
line:02669a6,Main Menu,Menú principal
line:02204b4,End the Loop,Finalizar el bucle
line:03a8900,Are you sure you want to wait for the end of the final week?,¿Seguro que quieres esperar hasta el final de la última semana?
line:0b17945,All players must agree.,Todos los jugadores deben estar de acuerdo.
line:004ad10,Rebind Controls,Reasignar controles
line:00af8cf,Restore defaults,Restaurar valores predeterminados
line:0e61272,Controller,Mando
line:032e7dd,Keyboard,Teclado
line:05ea2ec,Select a button,Selecciona un botón
line:0621b03,Waiting for input,Esperando una entrada
line:0d5e55e,Controller rebound,Mando reasignado
line:0a64018,Defaults restored,Valores predeterminados restaurados
line:04e4dfe,Press any button or stick to rebind,Pulsa cualquier botón o mueve una palanca para reasignar
line:08721cd,Submit,Aceptar
line:0b43eb0,Cancel,Cancelar
line:0e1e004,Return,Volver
line:0462bde,Move Left,Mover a la izquierda
line:0b86068,Move Right,Mover a la derecha
line:0c3ae60,Move Up,Mover hacia arriba
line:04735e2,Move Down,Mover hacia abajo
line:031df76,Switch Tab Right,Cambiar a la pestaña derecha
line:05a6dbb,Switch Tab Left,Cambiar a la pestaña izquierda
line:0281175,Open Settings,Abrir ajustes
line:0eca2d3,Open Player Menu,Abrir menú del jugador
line:037fa7e,Move Camera Left,Mover cámara a la izquierda
line:05fefe8,Move Camera Right,Mover cámara a la derecha
line:02fedd3,Move Camera Up,Mover cámara hacia arriba
line:09a3288,Move Camera Down,Mover cámara hacia abajo
line:046839d,Zoom In,Acercar
line:04d2a51,Zoom Out,Alejar
line:051264a,Share,Compartir
line:07164b9,Summon,Invocar
line:03e80b9,Join,Unirse
line:04d26ca,Interact,Interactuar
line:0af5f59,Main Menu,Menú principal
line:0966069,Start the adventure!,¡Comienza la aventura!
line:0d0b80b,Click to join,Haz clic para unirte
line:065e823,Use your controller to join,Usa el mando para unirte
line:0bc4c67,Use your DualSense™ wireless controller to join,Usa tu mando inalámbrico DualSense™ para unirte
line:04924cf,Use your DualShock™ wireless controller to join,Usa tu mando inalámbrico DualShock™ para unirte
line:01736da,Click/Use your controller to join,Haz clic o usa el mando para unirte
line:0147b50,or share the code {0} to invite them,o comparte el código {0} para invitarles
line:0705e74,Connect a controller to join,Conecta un mando para unirte
line:00bc6bf,Connect a DualSense™ wireless controller to join,Conecta un mando inalámbrico DualSense™ para unirte
line:0d60a80,Connect a DualShock™ wireless controller to join,Conecta un mando inalámbrico DualShock™ para unirte
line:0f4d4c9,Ready?,¿Preparado?
line:0db2f49,Ready!,¡Preparado!
line:0b734bb,Kick player,Expulsar jugador
line:04ce860,Choose your Baladin,Elige tu baladín
line:03b0faf,Loop:,Bucle:
line:08b7f7a,Join code:,Código para unirse:
line:0a31059,DualSense™ wireless controller,Mando inalámbrico DualSense™
line:098ea0e,DualShock™ wireless controller,Mando inalámbrico DualShock™
line:04bbe46,AP,PA
line:0f45eb8,MP,PM
line:0ce8dd5,Week {0},Semana {0}
line:07d6b5d,Character,Personaje
line:000971c,Move,Moverse
line:0155ab4,New turn,Nuevo turno
line:0ee5f23,New Week,Nueva semana
line:0849d93,Last Week,Última semana
line:045caa1,End turn,Terminar turno
line:0a336df,Enter,Entrar
line:0d807c0,Action Points,Puntos de acción
line:0e19993,Movement Points,Puntos de movimiento
line:027e93a,Disperse,Dispersarse
line:0061b30,Quest Log,Registro de misiones
line:06ecb92,Multiplayer Exchange,Intercambio multijugador
line:036d491,Visit Merchant,Visitar a la mercader
line:0c5fdd4,Map,Mapa
line:09005fc,Change Region?,¿Cambiar de región?
line:0f7aa01,Always Skip,Omitir siempre
line:0f590c4,Do you want to join {0}?,¿Quieres unirte a {0}?
line:0bdf29d,Waiting for the other player...,Esperando al otro jugador...
line:013cdbc,Do you want to travel to {0}?,¿Quieres viajar a {0}?
line:0be0f8b,You can't explore {0} in the demo!,¡No puedes explorar {0} en la demo!
line:038496b,Out of the demo!,¡Fuera de la demo!
line:04727a4,Chat,Conversar
line:065211c,Practices,Prácticas
line:0e3a37c,Challenge,Desafío
line:03c89a8,Characteristics,Características
line:061efcd,Inventory,Inventario
line:0662b3c,Consume,Consumir
line:0c36e2f,Turn Bonus,Bonificación del turno
line:05ef9c1,Your next roll is a <color=#9BDF25>success</color>,Tu próxima tirada será un <color=#9BDF25>éxito</color>
line:010c841,Your next roll is a <color=#FB6A78>failure</color>,Tu próxima tirada será un <color=#FB6A78>fracaso</color>
line:0ea658b,What's going to happen to our <br>worthy Baladins?,¿Qué les ocurrirá a nuestros <br>dignos baladines?
line:0864526,Join the adventure!,¡Únete a la aventura!
line:0a9a3f0,Wishlist the game on Steam<br> to find out!,¡Añade el juego a tu lista de deseados de Steam<br> para descubrirlo!
line:03ab306,End of the Loop,Fin del bucle
line:01b0a87,"You just completed your {0}[ordinal value={1} one=""st"" two=""nd"" few=""rd"" other=""th""/] loop.<br>You can continue your adventure now,<br>or quit the game and load later from this point.","Acabas de completar tu bucle número {0}[ordinal value={1} one="""" two="""" few="""" other=""""/].<br>Puedes continuar tu aventura ahora<br>o salir y cargar más tarde desde este punto."
line:0a6e812,Continue,Continuar
line:00d8c00,Quit to Menu,Salir al menú
line:0d4bf7d,You ended the loop!,¡Has terminado el bucle!
line:0262c49,"You escaped in {0}[ordinal value={1} one="""" two="""" few="""" other=""""/] loops.<br>Congratulations!","Escapaste en {0}[ordinal value={1} one="""" two="""" few="""" other=""""/] bucles.<br>¡Felicidades!"
line:0d70a8f,You can still go back and explore Gatherac with all your progress.,Aún puedes volver y explorar Gatherac conservando todo tu progreso.
line:08df5b7,Ok,Aceptar
line:0d10ba4,New,Nueva
line:0b4d7a8,Active,Activa
line:0114c53,Finished,Terminada
line:02bf2ac,Discovered,Descubierta
line:0944c3e,Clues,Pistas
line:033fb03,Hidden ending,Final oculto
line:05407ed,Rumors,Rumores
line:0437204,Endings,Finales
line:0d722b9,File,Archivo
line:0b5f9fb,Loop,Bucle
line:07d7116,Save,Guardar
line:06313ad,No Data,Sin datos
line:0afea68,Campaign,Campaña
line:0853ca9,Story Progression,Progreso de la historia
line:0140bb6,Create New Campaign,Crear nueva campaña
line:0e548ed,Create a new campaign?,¿Crear una campaña nueva?
line:4386afe,Load this campaign?,¿Cargar esta campaña?
line:7502efe,Delete this campaign?,¿Eliminar esta campaña?
line:0cc9f70,Complete,Completado
line:0bcc828,True Homie,Amigo de verdad
line:011dc90,Pass an entire time loop without leaving Mouliac,Pasa un bucle temporal completo sin salir de Mouliac
line:0c7fbcf,Prodigal Child,Hijo pródigo
line:0d5daee,Bring 10 items or more to Colobra in a single time loop,Lleva 10 objetos o más a Colobra durante un mismo bucle temporal
line:01ee1d4,Bye Buy,Comprar es cosa del pasado
line:060e1b8,Do not buy a single item for a whole time loop,No compres ningún objeto durante un bucle temporal completo
line:0c40456,Vernacular,De la tierra
line:0de1f88,Spend an entire time loop in the same region,Pasa un bucle temporal completo en la misma región
line:0fbaf95,Globe Trotter,Trotamundos
line:0fca683,Visit all regions in a single time loop,Visita todas las regiones durante un mismo bucle temporal
line:0054111,Self-confident,Seguro de sí mismo
line:00e3299,Do not consume any items for an entire time loop,No consumas ningún objeto durante un bucle temporal completo
line:05fd63b,Selfless,Altruista
line:044cb24,Do not take any item back from Colobra's mouth,No recuperes ningún objeto de la boca de Colobra
line:0f6ebe7,Working Class Hero,Héroe de la clase trabajadora
line:0da66c8,Spend at least 25 AP during a single time loop,Gasta al menos 25 PA durante un mismo bucle temporal
line:09b8c8d,One Step Ahead,Un paso por delante
line:0ccd517,Use 25 or more MP during a single time loop,Usa 25 PM o más durante un mismo bucle temporal
line:0e25352,Best Assist,La mejor asistencia
line:04fdac6,Combine stats with another player each week of a time loop,Combina características con otro jugador cada semana de un bucle temporal
line:0ec8f4d,Slingshot,Tirachinas
line:0d1e9d6,Join another player each week of a time loop,Únete a otro jugador cada semana de un bucle temporal
line:055d9c3,Magnet,Imán
line:0c9353a,Summon another player each week of a time loop,Invoca a otro jugador cada semana de un bucle temporal
line:050ba24,Abolish Property,Abolir la propiedad
line:0a09043,Give items to another player each week of a time loop,Entrega objetos a otro jugador cada semana de un bucle temporal
line:0e75710,Potion Collection,Colección de pociones
line:0a0870c,Upgrade each of your stats with consumable items during a single time loop,Mejora cada una de tus características con objetos consumibles durante un mismo bucle temporal
line:0b5c3db,Gladiator Fan,Fan de los gladiadores
line:0058c86,Reach the end of a time loop with more than one Glad-Card,Llega al final de un bucle temporal con más de una Glad-Carta
line:08ca9c5,Helpful Hand,Mano amiga
line:0cd3a78,Solve 4 or more quests with a positive ending in a single time loop,Resuelve 4 misiones o más con un final positivo durante un mismo bucle temporal
line:007a2de,Hell is Other People,El infierno son los demás
line:00663d9,Solve 4 or more quests with a negative ending in a single time loop,Resuelve 4 misiones o más con un final negativo durante un mismo bucle temporal
line:0eed840,Starvation,Inanición
line:08f95fa,Leave no items to Colobra at the end of a time loop,No dejes ningún objeto para Colobra al final de un bucle temporal
line:039664d,Serial Shopper,Comprador compulsivo
line:040cc93,Buy a new item every week for an entire time loop,Compra un objeto nuevo cada semana durante un bucle temporal completo
line:0bb72de,Alchemist's Apprentice,Aprendiz de alquimista
line:0ac1ba8,Craft 5 or more potions with Fintan in a single time loop,Fabrica 5 pociones o más con Fintan durante un mismo bucle temporal
line:06adf54,Always Room for Mushroom,Siempre cabe otro hongo
line:008867e,Finish a time loop with 10 or more mushrooms in your inventory,Termina un bucle temporal con 10 hongos o más en el inventario
line:0505d62,Show-it-all,Pura fuerza
line:075158f,Finish a time loop with 10 or more Physique without a bonus,Termina un bucle temporal con 10 puntos o más de Físico sin bonificación
line:0293584,Flow-it-all,Pura destreza
line:00e61b2,Finish a time loop with 10 or more Finesse without a bonus,Termina un bucle temporal con 10 puntos o más de Destreza sin bonificación
line:086a4aa,Know-it-all,Sabelotodo
line:055d54e,Finish a time loop with 10 or more Knowledge without a bonus,Termina un bucle temporal con 10 puntos o más de Conocimiento sin bonificación
line:0fbbe77,Glow-it-all,Pura creatividad
line:0e39df5,Finish a time loop with 10 or more Creation without a bonus,Termina un bucle temporal con 10 puntos o más de Creación sin bonificación
line:01b7323,Blow-it-all,Pura destrucción
line:04fdee1,Finish a time loop with 10 or more Destruction without a bonus,Termina un bucle temporal con 10 puntos o más de Destrucción sin bonificación
line:05e45fa,Owe-it-all,Todo lo que debo
line:0b4f02e,Finish a time loop with 20 or more Gold without a bonus,Termina un bucle temporal con 20 monedas de oro o más sin bonificación
line:0772605,Should've Stayed at Home,Deberías haberte quedado en casa
line:0eade51,Complete the first time loop,Completa el primer bucle temporal
line:0bc02cd,True Baladin,Baladín de verdad
line:0fec695,Unlock all other achievements,Desbloquea todos los demás logros
line:05531a1,Unlock all other trophies,Desbloquea todos los demás trofeos
line:0a5e8f1,Trophies for Baladins base game,Trofeos del juego base de Baladins
line:00fe72a,Tutorial,Tutorial
line:00213ba,"Wait! You chose without even knowing what you were doing, right?","¡Espera! Elegiste sin saber siquiera lo que hacías, ¿verdad?"
line:0dbf034,"This was a choice, and choices often test your characteristics.","Eso fue una elección, y las elecciones suelen poner a prueba tus características."
line:0b6e6ee,As well as your luck. This is a role-playing game after all.,"Y también tu suerte. Al fin y al cabo, esto es un juego de rol."
line:0c7f76d,You roll three six-sided dice (3D6) and the result is added to your characteristic value to beat a difficulty threshold.,"Lanzas tres dados de seis caras (3D6), sumas el resultado al valor de tu característica e intentas superar un nivel de dificultad."
line:059dcf2,"There are several difficulty thresholds, some actions are easier than others.",Hay varios niveles de dificultad: algunas acciones son más fáciles que otras.
line:0a853f4,"The easiest difficulty threshold is <sprite name=""physique""><sprite name=difficulty_Easy>, the medium one is <sprite name=""physique""><sprite name=difficulty_Medium> and the hardest is <sprite name=""physique""><sprite name=difficulty_Hard>!","El nivel más fácil es <sprite name=""physique""><sprite name=difficulty_Easy>, el intermedio es <sprite name=""physique""><sprite name=difficulty_Medium> y el más difícil es <sprite name=""physique""><sprite name=difficulty_Hard>."
line:07568e0,It's easier to beat the difficulty threshold with a high characteristic value!,¡Es más fácil superar la dificultad si el valor de tu característica es alto!
line:0412c86,"Oh! And when you're with friends, your characteristics' values add up. Union makes strength!","¡Ah! Cuando estás con amigos, los valores de sus características se suman. ¡La unión hace la fuerza!"
line:0e3348d,"Okay, let's hit the road!","Muy bien, ¡en marcha!"
line:04a397f,"Moving from one token to the next costs 1 Movement Point, or MP <sprite name=""mp"">.","Moverse de una casilla a otra cuesta 1 punto de movimiento, o PM <sprite name=""mp"">."
line:0f7e96e,"Fortunately, you have enough to reach your destination over there this time!","Por suerte, esta vez tienes suficientes para llegar a tu destino."
line:00f54fd,"To move, simply select your token of choice.","Para moverte, selecciona la casilla que quieras."
line:0009b54,And validate your destination with the Move Button!,¡Y confirma tu destino con el botón Moverse!
line:0b5de4e,"To give something to someone, simply select the item you want them to have.","Para darle algo a alguien, selecciona el objeto que quieras entregarle."
line:026d72e,You can change your mind and get it back by selecting it again.,Puedes cambiar de opinión y recuperarlo seleccionándolo de nuevo.
line:0d95ab7,"Until you press the 'Confirm' <sprite name=""yes""> button, that is!","¡Eso sí, antes de pulsar el botón «Confirmar» <sprite name=""yes"">!"
line:0d7e86e,"Sopheline's idea is great! But you're all out of MP <sprite name=""mp"">.","¡La idea de Sopheline es genial! Pero ya no te quedan PM <sprite name=""mp"">."
line:0a6cd18,"Don't worry, there are plenty of things to do in Mouliac to prepare for your journey.",No te preocupes: en Mouliac hay muchas cosas que hacer para preparar el viaje.
line:053e803,"This is where your Action Points (AP) <sprite name=""ap""> will come in handy!","¡Aquí es donde resultan útiles tus puntos de acción (PA) <sprite name=""ap"">!"
line:0ae4748,"Make sure to keep an eye on them, since each action costs a point.","Vigílalos bien, porque cada acción cuesta un punto."
line:0006959,The first tab is where you can meet the people staying in this place.,En la primera pestaña puedes conocer a las personas que están en este lugar.
line:072867d,The second is the Practices tab.,La segunda es la pestaña Prácticas.
line:028439f,And the last one is for Challenges.,Y la última corresponde a los Desafíos.
line:0b322e5,Use your time in Mouliac to explore these options and I'll tell you more along the way!,Explora estas opciones durante tu estancia en Mouliac y te explicaré más por el camino.
line:0f131a8,Practicing something will guarantee that you upgrade one characteristic by 1 point!,¡Practicar garantiza que mejorarás una característica en 1 punto!
line:0bb93ee,"For example, here in Mouliac, you can upgrade your Creation <sprite name=""creation""> skills by cooking, or your Finesse <sprite name=""finesse""> by observing the merchants.","Por ejemplo, en Mouliac puedes mejorar tu Creación <sprite name=""creation""> cocinando o tu Destreza <sprite name=""finesse""> observando a los mercaderes."
line:07458d1,Challenges test your characteristics with a dice roll!,¡Los desafíos ponen a prueba tus características mediante una tirada de dados!
line:0b68dc4,"The outcome is uncertain, but the reward is greater... And sometimes unexpected!","El resultado es incierto, pero la recompensa es mayor... ¡y a veces inesperada!"
line:0aa1da7,"Here, you'll have to prove your Finesse <sprite name=""finesse""> in a card game to gain your reward.","Aquí tendrás que demostrar tu Destreza <sprite name=""finesse""> en un juego de cartas para obtener la recompensa."
line:0d691d7,It seems that you don't quite meet the requirement for this task yet!,¡Parece que todavía no cumples los requisitos para esta tarea!
line:0061255,But don't worry! You can train at the different locations on the board.,¡No te preocupes! Puedes entrenarte en distintos lugares del tablero.
line:0e71bd6,"With better characteristics, you'll have a better chance to beat this obstacle!",Con mejores características tendrás más probabilidades de superar este obstáculo.
line:01494d2,You can also convince a friend to join and give you a hand!,También puedes convencer a un amigo para que se una y te ayude.
line:0b0e9b9,"When you're out of AP <sprite name=""ap""> and MP <sprite name=""mp"">, it's time to end your turn!","Cuando no te queden PA <sprite name=""ap""> ni PM <sprite name=""mp"">, será hora de terminar tu turno."
line:09a207d,You can also do it at any moment from the board if you want to.,También puedes hacerlo en cualquier momento desde el tablero.
line:0c68433,These tabs are your menu shortcuts!,¡Estas pestañas son los accesos directos del menú!
line:028550e,Select one to access the corresponding page.,Selecciona una para abrir la página correspondiente.
line:06d63e2,Press this button to open the menu!,¡Pulsa este botón para abrir el menú!
line:06ac699,Here is your Quest Log.,Este es tu registro de misiones.
line:01994bd,It will be updated every time a quest progresses to remind you of the next steps to take!,Se actualizará cada vez que avances en una misión para recordarte los siguientes pasos.
line:0357d9e,"Gatherac is a vast land, with many different places to visit!",Gatherac es una tierra enorme con muchos lugares que visitar.
line:0939b84,Having a map will make it easier for you to navigate around it.,Tener un mapa te facilitará recorrerla.
line:0832f20,But you'll have to discover a region before it appears on your map!,Pero tendrás que descubrir una región antes de que aparezca en el mapa.
line:030afc8,"Oh, and when your friends are far away from you, you can use the map to summon or join them!","Ah, y cuando tus amigos estén lejos, podrás usar el mapa para invocarlos o unirte a ellos."
line:07d2f82,"From here, you can send items to the other players!",¡Desde aquí puedes enviar objetos a otros jugadores!
line:074e3eb,"Select an item in your inventory, then choose the baladin you want to give it to.",Selecciona un objeto del inventario y luego elige al baladín al que quieras dárselo.
line:0165688,"Choose wisely though, because each of you can only send one item per week!",Elige bien: cada uno solo puede enviar un objeto por semana.
line:071269c,"Wandering around the world with a bag full of stuff might affect you, in an either good or bad way.",Recorrer el mundo con la bolsa llena puede afectarte para bien o para mal.
line:01a28f0,Most of the items you'll carry throughout your adventure will have an effect on you simply by being in your bag.,La mayoría de los objetos que lleves durante la aventura te afectarán por el simple hecho de estar en tu bolsa.
line:02d0a07,"When someone gives you something, don't forget to check out how the item may have affected you.","Cuando alguien te dé algo, comprueba cómo puede haberte afectado el objeto."
line:09092db,"Sometimes, you'll also find items that don't affect you when you carry them.",A veces también encontrarás objetos que no producen efectos mientras los llevas.
line:036ac3a,But consuming them might have an effect on you.,Pero consumirlos sí podría afectarte.
line:0c71682,Always good to keep a snack or two to help you handle a tricky situation.,Siempre viene bien guardar uno o dos tentempiés para afrontar una situación difícil.
line:04dc87d,"To consume an item, simply select it in this window!","¡Para consumir un objeto, selecciónalo en esta ventana!"
line:04a439f,Effects gained when consuming it will last until the end of your turn.,Los efectos obtenidos al consumirlo durarán hasta el final de tu turno.
line:06c6fb2,"The world is huge, but the more baladins you have, the easier it gets to travel!","El mundo es enorme, pero cuantos más baladines haya, más fácil será viajar."
line:0472a7b,"Wherever your teammates may be in the world, you can always select them to get closer!","Estén donde estén tus compañeros, siempre puedes seleccionarlos para acercarte."
line:096fa08,You have two ways of getting closer to other baladins!,¡Tienes dos formas de acercarte a otros baladines!
line:059b3bc,Summoning a friend will teleport them to your location!,¡Invocar a un amigo lo teletransportará hasta tu ubicación!
line:0799521,"It costs 1 AP <sprite name=""ap"">, but it can be very useful to overcome a tricky challenge by helping each other out!","Cuesta 1 PA <sprite name=""ap"">, pero puede ser muy útil para superar juntos un desafío difícil."
line:08a2c47,"Although, keep in mind that your friend will stay there, so they have to agree with the Summoning. They may not want to get stuck far from their own objectives.","Ten presente que tu amigo se quedará allí, por lo que debe aceptar la invocación. Quizá no quiera quedar lejos de sus propios objetivos."
line:0890dd8,"You also can join a friend, meaning you'll teleport to their location!","También puedes unirte a un amigo, lo que te teletransportará hasta su ubicación."
line:0494f4d,"It costs 1 MP <sprite name=""mp"">, but it can be a huge time saver!","Cuesta 1 PM <sprite name=""mp"">, pero puede ahorrarte muchísimo tiempo."
line:062cfe9,"On the edges of a board, you may notice some drop-shaped tokens. They allow you to go to the next region!",En los bordes del tablero verás casillas con forma de gota. ¡Sirven para ir a la región siguiente!
line:0f634dd,"Once on the token, a popup window allows you to change regions.","Al llegar a esa casilla, una ventana emergente te permitirá cambiar de región."
line:0261a77,"Changing regions doesn't cost any additional MP <sprite name=""mp"">, by the way!","Por cierto, cambiar de región no cuesta PM <sprite name=""mp""> adicionales."
line:0afa008,"Once you discovered a new region, you can choose to start a loop there in the Character Selection screen!","Cuando descubras una región nueva, podrás comenzar allí un bucle desde la pantalla de selección de personaje."
line:04357d4,"When Colobra eats the items we bring them, they get more and more satiated.","Cuando Colobra se come los objetos que le llevamos, se sacia cada vez más."
line:0106545,This gauge indicates their fullness! I guess all it takes to end this is to feed them all we can!,¡Este medidor indica su nivel de saciedad! Supongo que para terminar con esto habrá que darle todo lo que podamos.
line:067336d,"Okay, it seems that we are inside Colobra's mouth right now.","Bien, parece que ahora estamos dentro de la boca de Colobra."
line:026e5f0,It's filled with all the items we got during the loop.,Está llena de todos los objetos que conseguimos durante el bucle.
line:0799ac1,"And apparently, Colobra's granting us to keep one item each to bring back to the next time loop!",¡Y parece que Colobra nos permite conservar un objeto cada uno para llevarlo al siguiente bucle temporal!
line:0215deb,"Select your item of choice to secure it, and unselect it if you change your mind.",Selecciona el objeto que quieras conservar y anula la selección si cambias de opinión.
line:08c3b5c,"But of course, if you take an item, its value will be deducted from Colobra's gauge.","Claro que, si recuperas un objeto, su valor se descontará del medidor de Colobra."
line:0345a57,"If you don't want to keep any items, just select an empty space.","Si no quieres conservar ninguno, selecciona un espacio vacío."
line:0add665,"Also, keep in mind that an item is linked to the Baladin who picked it up! They're the one that will have it for next loop.",Recuerda también que cada objeto queda vinculado al baladín que lo recogió. Esa persona lo tendrá en el siguiente bucle.
line:0cf3159,Choose your side!,¡Elige tu bando!
line:086f0d3,Being the fastest to make up your mind gives your voice a little more weight. You’ll be the tie-breaker if needed.,Quien decida primero tendrá un voto con algo más de peso y resolverá cualquier posible empate.
line:0a46993,"Note that changing your mind will give away this privilege, so keep it fast but still think it through!","Cambiar de opinión hará que pierdas ese privilegio: decide rápido, pero piénsalo bien."
line:0614d32,You were the fastest to decide! You got the crown this time!,¡Fuiste quien decidió primero! ¡Esta vez recibes la corona!
line:0300d2b,This is your character sheet.,Esta es la ficha de tu personaje.
line:0c7e8d4,You can find all your characteristics here.,Aquí puedes consultar todas tus características.
line:07f7e0b,As well as every item you carry.,Y también todos los objetos que llevas.
line:0f851aa,Select one to have more details.,Selecciona uno para ver más detalles.
line:0011127,Bug Report,Informe de error
line:0bfa3ea,Summary,Resumen
line:0e9f269,Bug,Error
line:055b247,Performance Issue,Problema de rendimiento
line:0b40a40,Suggestion,Sugerencia
line:0bd94fe,Description,Descripción
line:08df745,Submitting report,Enviando informe
line:0934dff,This report could not be sent. Please try again later,No se pudo enviar el informe. Inténtalo de nuevo más tarde
line:0d86f9f,Your bag is full!,¡Tu bolsa está llena!
line:043b5b6,You have no space left in your bag! Choose an item to discard!,¡No queda espacio en tu bolsa! ¡Elige un objeto para descartarlo!
line:07b96c4,You got:,Has obtenido:
line:05a58e1,Item discarded,Objeto descartado
line:037766b,This is a quest reward! Colobra might want to eat that!,¡Es una recompensa de misión! ¡Quizá Colobra quiera comérsela!
line:0db0e4b,DISCARD,DESCARTAR
line:0f069ce,Guild decision!,¡Decisión del gremio!
line:07a47f6,Make a choice,Elige una opción
line:015148a,A decision has been made!,¡Se ha tomado una decisión!
line:0ab8a52,Send item to,Enviar objeto a
line:0ffce3f,Need an item?,¿Necesitas un objeto?
line:09319c2,Other baladins are offering their help!,¡Otros baladines ofrecen su ayuda!
line:0225dee,Want to help?,¿Quieres ayudar?
line:01df2da,Click here if you have something useful for them in your bag!,¡Haz clic aquí si tienes algo útil en la bolsa!
line:09280f6,Check if you have something useful for them in your bag!,¡Comprueba si tienes algo útil en la bolsa!
line:0b1fca7,"<sprite name=""exclamation""> <i>This story sounds cool, right? But sadly it's not in the demo!</i>","<sprite name=""exclamation""> <i>Esta historia suena genial, ¿verdad? ¡Pero lamentablemente no está en la demostración!</i>"
line:05412b9,"<br><align=""center"">You Gained <style=Stat>+{0} <sprite name=""{1}""> {2}</style>!","<br><align=""center"">¡Has obtenido <style=Stat>+{0} <sprite name=""{1}""> {2}</style>!"
line:0d9ad10,"<br><align=""center"">Everyone Gained <style=Stat>+{0} <sprite name=""{1}""> {2}</style>!","<br><align=""center"">¡Todos han obtenido <style=Stat>+{0} <sprite name=""{1}""> {2}</style>!"
line:0692048,"<br><align=""center"">You Lost <style=Stat>-{0} <sprite name=""{1}""> {2}</style>!","<br><align=""center"">¡Has perdido <style=Stat>-{0} <sprite name=""{1}""> {2}</style>!"
line:04e6928,"<br><align=""center"">You Obtained {0} <sprite name=""{1}""> <style=Item>{2}</style>!","<br><align=""center"">¡Has obtenido {0} <sprite name=""{1}""> <style=Item>{2}</style>!"
line:020b3e3,"You Lost Your <sprite name=""{0}""> <style=Item>{1}</style>!","¡Has perdido tu <sprite name=""{0}""> <style=Item>{1}</style>!"
line:090a44c,You lost all your <style=Stat>{0}</style>!,¡Has perdido todo tu <style=Stat>{0}</style>!
line:09b9591,"You gave the <style=Item>{0}</style>. <sprite name=""{1}"">","Entregaste el <style=Item>{0}</style>. <sprite name=""{1}"">"
line:0e79299,"You rolled [plural value={0} 8 = ""an"" 11 = ""an"" 18 = ""a natural"" other= ""a""/] {1} <sprite name=""dice""> + {2} {3} <sprite name=""{4}"">","Tiraste [plural value={0} 8 = ""un"" 11 = ""un"" 18 = ""un resultado natural de"" other= ""un""/] {1} <sprite name=""dice""> + {2} {3} <sprite name=""{4}"">"
line:0f3ad89,"With the help of {0}you reach {1} {2} <sprite name=""{3}"">","Con la ayuda de {0} llegas a {1} {2} <sprite name=""{3}"">"
line:08404ec,"<sprite name=""yes""><br><br>Confirm","<sprite name=""yes""><br><br>Confirmar"
line:0850ad4,"<sprite name=""no""><br><br>Cancel","<sprite name=""no""><br><br>Cancelar"
line:0fa6f0c,"<sprite name=""yes""><br><br>Confirm","<sprite name=""yes""><br><br>Confirmar"
line:0f0fb5c,"<sprite name=""no""><br><br>Cancel","<sprite name=""no""><br><br>Cancelar"
line:05a06ea,"<sprite name=""gold""><br><br>Buy","<sprite name=""gold""><br><br>Comprar"
line:02a8f2b,"<sprite name=""gold""><br><br>Sell","<sprite name=""gold""><br><br>Vender"
line:0f3ec5c,"<sprite name=""destruction"">{0}<br><br>Leave","<sprite name=""destruction"">{0}<br><br>Salir"
line:04862e4,"<sprite name=""yes""><br><br>Yes","<sprite name=""yes""><br><br>Sí"
line:0ed0b4e,"<sprite name=""no""><br><br>No","<sprite name=""no""><br><br>No"
line:085f699,"<sprite name=""yes""><br><br>Yes","<sprite name=""yes""><br><br>Sí"
line:07d5105,"<sprite name=""no""><br><br>No","<sprite name=""no""><br><br>No"
line:0078ef3,"You gain <style=Item>{0}</style>! <sprite name=""{1}"">. You lose {2} {3}.","¡Ganas <style=Item>{0}</style>! <sprite name=""{1}"">. Pierdes {2} {3}."
line:0faf6e5,"You lose <style=Item>{0}</style>! <sprite name=""{1}"">. You gain {2} {3}.","¡Pierdes <style=Item>{0}</style>! <sprite name=""{1}"">. Obtienes {2} {3}."
line:0860b54,Physique,Físico
line:0ab0f7a,Finesse,Destreza
line:0e5603f,Knowledge,Conocimiento
line:0e1b8b2,Creation,Creación
line:086bc60,Destruction,Destrucción
line:0b741f6,Gold,Oro
line:0b09bb0,Cook,Cocinero
line:0019e57,Dancer,Bailarín
line:0c81911,Luxomancer,Luxomante
line:082d6c6,Pyro,Piro
line:0144efd,Bard,Bardo
line:03a9b98,Player,Jugador
line:0c95dec,Connection lost with player {0},Conexión perdida con el jugador {0}
line:0529e81,controller has been disconnected. Please reconnect one or leave the game,El mando se ha desconectado. Vuelve a conectar uno o sal de la partida.
line:08eed59,Connection lost with host!,¡Conexión perdida con el anfitrión!
line:028ef54,Colobra: These aren't worth talking about.,Colobra: No vale la pena hablar de ellos.
line:0db9118,Colobra: Maybe next time you'll bring me more meaningful items!,Colobra: ¡Quizás la próxima vez me traigas artículos más significativos!
line:072eaa5,Narrator: The road is now open!,Narrador: ¡El camino ya está abierto!
line:04a503c,Mouliac,Mouliac
line:0142f03,Hortegarde,Hortegarde
line:023e276,Mercazon,Mercazon
line:0f5104a,Lumensac,Lumensac
line:06e3eb7,Roazay,Roazay
