Term,English,Spanish (es-ES)
Ability/Skill_AllInOneStrike_Description,Combines the effects of all Strike skills and disables switching. Only active when the Strike Meister talisman is equipped.,Combina los efectos de todas las habilidades de Golpe y desactiva el cambio entre ellas. Solo activo cuando el talismán Maestra del Golpe está equipado.
Ability/Skill_AllInOneStrike_Title,Ultimate Strike,Golpe Definitivo
Ability/Skill_BloodBlade_Description,"After a Strike, apply the target’s blood on Ruby’s blade to increase Slash range and damage.\n(Slightly reduced the base damage of Strike)","Tras un Golpe, aplica la sangre del objetivo en la hoja de Ruby para aumentar el alcance y el daño del Tajo.
(Reduce ligeramente el daño base del Golpe)"
Ability/Skill_BloodBlade_Title,Bloodblade Strike,Golpe de Hoja de Sangre
Ability/Skill_BloodNeedle_Description,"After a Strike, apply the target's blood on Ruby's darts, allowing them to deal increased damage, fly faster, and pierce through enemies.\n(Slightly reduced the base damage of Strike)","Tras un Golpe, aplica la sangre del objetivo en los dardos de Ruby, permitiéndoles causar más daño, volar más rápido y atravesar enemigos.
(Reduce ligeramente el daño base del Golpe)"
Ability/Skill_BloodNeedle_Title,Blood-Tipped Strike,Golpe de Punta de Sangre
Ability/Skill_CriticalStrike_Description,Approach a marked enemy and press <Icon=CriticalStrike> to Strike.\nDamage increases with the number of marks accumulated.,"Acércate a un enemigo marcado y pulsa <Icon=CriticalStrike> para Golpear.
El daño aumenta con el número de marcas acumuladas."
Ability/Skill_CriticalStrike_Title,Critical Strike,Golpe Crítico
Ability/Skill_DetonateBlood_Description,"After a Strike, continue holding <Icon=CriticalStrike> to condense the target’s blood into an orb, infuse it with magic, and detonate it, causing massive area damage.\n(Slightly reduced the base damage of Strike)","Tras un Golpe, mantén pulsado <Icon=CriticalStrike> para condensar la sangre del objetivo en un orbe, imbuirlo de magia y detonarlo, causando un gran daño en área.
(Reduce ligeramente el daño base del Golpe)"
Ability/Skill_DetonateBlood_Title,Explosive Strike,Golpe Explosivo
Ability/Skill_Focus_Description,Hold <Icon=FocusAiming> to Focus.\nObserve the target and locate its Pureblood Crystal.,"Mantén pulsado <Icon=FocusAiming> para Enfocar.
Observa al objetivo y localiza su Cristal de Sangre Pura."
Ability/Skill_Focus_Title,Focus,Enfoque
Ability/Skill_HPRecovery_Description,Increases health recovered by Healing Potion.,Aumenta la salud recuperada por la Poción de Curación.
Ability/Skill_HPRecovery_Title,Enhanced Heal,Curación Mejorada
Ability/Skill_Increase_FocusSpeed_Description,Slightly improves focus speed.,Mejora ligeramente la velocidad de enfoque.
Ability/Skill_Increase_FocusSpeed_Title,Enhanced Focus,Enfoque Mejorado
Ability/Skill_Increase_Strike_ATK_Description,Increases the base attack power of Strike attacks.,Aumenta el poder de ataque base de los ataques de Golpe.
Ability/Skill_Increase_Strike_ATK_Title,Enhanced Strike,Golpe Mejorado
Ability/Skill_QuicklyGetUp_Description,"When immobilized after an attack, roll back up by pressing <Icon=Dash>.","Cuando quedes inmovilizada tras un ataque, rueda para levantarte pulsando <Icon=Dash>."
Ability/Skill_QuicklyGetUp_Title,Rolling Recovery,Recuperación Rodante
Ability/Skill_ShootNeedleChargeSpeedUp_Description,Darts charge faster when performing Focus.,Los dardos se cargan más rápido al realizar Enfoque.
Ability/Skill_ShootNeedleChargeSpeedUp_Title,Dart Charge Accelerator,Acelerador de Carga de Dardos
Ability/Skill_ShootNeedle_Description,Press <Icon=Shoot> to fire a dart.\nCan be fired while Focusing and interrupt aerial red flash attacks.,"Pulsa <Icon=Shoot> para disparar un dardo.
Se puede disparar mientras Enfocas e interrumpe ataques aéreos de destello rojo."
Ability/Skill_ShootNeedle_Title,Darts,Dardos
Ability/Skill_Slash_Description,"Press <Icon=Attack> to perform a Slash.\n It deals little damage but can be cancelled with a roll, allowing for quick escape.","Pulsa <Icon=Attack> para realizar un Tajo.
 Causa poco daño pero puede cancelarse con una voltereta, permitiendo un escape rápido."
Ability/Skill_Slash_Title,Slash,Tajo
Ability/Skill_SpecialAttack_Description,"While holding <Icon=FocusAiming>, press <Icon=Attack> to deliver a Sunder Slash.\n This powerful attack can be used to counter enemies that attempt to grab Ruby.","Mientras mantienes pulsado <Icon=FocusAiming>, pulsa <Icon=Attack> para asestar un Tajo Desgarrador.
 Este poderoso ataque puede usarse para contrarrestar a los enemigos que intenten agarrar a Ruby."
Ability/Skill_SpecialAttack_Title,Sunder Slash,Tajo Desgarrador
Ability/Skill_SpinSlash_Description,"Press <Icon=Attack> three times in quick succession to unleash Spinning Slash.\n This attack has higher damage, but cannot be cancelled.","Pulsa <Icon=Attack> tres veces seguidas para desatar un Tajo Giratorio.
 Este ataque causa más daño, pero no se puede cancelar."
Ability/Skill_SpinSlash_Title,Spinning Slash,Tajo Giratorio
Ability/Skill_Upgrade_Base_ATK_Description,Increases base attack power for all attacks.,Aumenta el poder de ataque base de todos los ataques.
Ability/Skill_Upgrade_Base_ATK_Title,Enhanced Power,Poder Mejorado
Ability/Skill_Upgrade_BloodBlade_Description,Increases the range of Bloodblade Strike. The duration of its effects are increased based on the number of marks applied onto the target.,Aumenta el alcance del Golpe de Hoja de Sangre. La duración de sus efectos aumenta según el número de marcas aplicadas al objetivo.
Ability/Skill_Upgrade_BloodBlade_Title,Bloodblade Strike - Enhanced,Golpe de Hoja de Sangre - Mejorado
Ability/Skill_Upgrade_BloodNeedle_Description,Increases the effect duration of Blood-Tipped Strike based on marks applied onto the target.,Aumenta la duración del efecto del Golpe de Punta de Sangre según las marcas aplicadas al objetivo.
Ability/Skill_Upgrade_BloodNeedle_Title,Blood-Tipped Strike - Enhanced,Golpe de Punta de Sangre - Mejorado
Ability/Skill_Upgrade_CriticalStrike_Description,Increases the attack power of Critical Strike.,Aumenta el poder de ataque del Golpe Crítico.
Ability/Skill_Upgrade_CriticalStrike_Title,Critical Strike - Enhanced,Golpe Crítico - Mejorado
Ability/Skill_Upgrade_DetonateBlood_Description,Increases the explosion damage of Explosive Strike.,Aumenta el daño de explosión del Golpe Explosivo.
Ability/Skill_Upgrade_DetonateBlood_Title,Explosive Strike - Enhanced,Golpe Explosivo - Mejorado
Ability/Skill_Upgrade_HPHeal_Amount_Description,Increases the HP healed.,Aumenta la salud curada.
Ability/Skill_Upgrade_HPHeal_Amount_Title,Heal - Enhanced,Curación - Mejorada
Ability/Skill_Upgrade_MaxHP_Description,Increases maximum HP.,Aumenta la salud máxima.
Ability/Skill_Upgrade_MaxHP_Title,Pureblood Heart,Corazón de Sangre Pura
Ability/Skill_Upgrade_ShootNeedle_Description,Increases dart attack power and number of darts unleashed in a charged shot.,Aumenta el poder de ataque de los dardos y el número de dardos lanzados en un disparo cargado.
Ability/Skill_Upgrade_ShootNeedle_Title,Enhanced Darts,Dardos Mejorados
Ability/Skill_Upgrade_Slash_Description,Increases the base attack power of all slash attacks.,Aumenta el poder de ataque base de todos los ataques de tajo.
Ability/Skill_Upgrade_Slash_Title,Enhanced Slash,Tajo Mejorado
Ability/Skill_Upgrade_SpecialAttack_ATK_Description,Increases the attack power of Sunder Slash.,Aumenta el poder de ataque del Tajo Desgarrador.
Ability/Skill_Upgrade_SpecialAttack_ATK_Title,Sunder Slash - Enhanced,Tajo Desgarrador - Mejorado
Achievement/Achievement_01_Title,Defeated the Beast,Derrotaste a la Bestia
Achievement/Achievement_02_Title,Repelled the Guardian,Repeliste a la Guardiana
Achievement/Achievement_03_Title,Defeated the Gravekeeper,Derrotaste al Sepulturero
Achievement/Achievement_04_Title,Defeated the Plaguebearer,Derrotaste al Portador de la Peste
Achievement/Achievement_05_Title,Defeated the Dual Cultists,Derrotaste a los Cultistas Gemelos
Achievement/Achievement_06_Title,Defeated the Martyred Angel,Derrotaste al Ángel Mártir
Achievement/Achievement_07_Title,Defeated Faye,Derrotaste a Faye
Achievement/Achievement_08_Title,Defeated the Ghost,Derrotaste al Fantasma
Achievement/Achievement_09_Title,Defeated Roy,Derrotaste a Roy
Achievement/Achievement_10_Title,Defeated the Puppet Master,Derrotaste al Titiritero
Achievement/Achievement_11_Title,Defeated the Witch,Derrotaste a la Bruja
Achievement/Achievement_12_Title,Defeated the Red-Eyed Tree,Derrotaste al Árbol de Ojos Rojos
Achievement/Achievement_13_Title,Defeated... Myself?,Derrotaste... ¿a ti misma?
Achievement/Achievement_14_Description,Learned all skills,Aprendiste todas las habilidades
Achievement/Achievement_14_Title,Fully Fledged,Plenamente Formada
Achievement/Achievement_15_Description,Obtained every talisman,Obtuviste todos los talismanes
Achievement/Achievement_15_Title,Talisman Connoisseur,Coleccionista de Talismanes
Achievement/Achievement_16_Description,Found every treasure chest,Encontraste todos los cofres del tesoro
Achievement/Achievement_16_Title,Finders keepers?,¿Suerte del principiante?
Achievement/Achievement_17_Description,Explored all memories,Exploraste todos los recuerdos
Achievement/Achievement_17_Title,Someone Else’s Past,El Pasado de Otra Persona
Achievement/Achievement_18_Title,Illuminate the Night,Ilumina la Noche
Achievement/Achievement_19_Title,Awaken from a Nightmare,Despierta de una Pesadilla
Achievement/Achievement_20_Title,Maybe the End,Quizás el Final
Achievement/Achievement_21_Title,Escape the Illusion,Escapa de la Ilusión
Achievement/Achievement_22_Title,First Encounter?,¿Primer encuentro?
Achievement/Achievement_23_Title,Fulfilling a Wish,Cumpliendo un Deseo
Achievement/Achievement_24_Title,Found You,Te Encontré
Achievement/Achievement_25_Title,Leave the Rest to Me!,¡Déjamelo a Mí!
Achievement/Achievement_26_Title,Break the Curse,Rompe la Maldición
Achievement/Achievement_27_Description,Finish Rubinite,Termina Rubinite
Achievement/Achievement_27_Title,Kingdom Reclaimed,Reino Recuperado
Achievement/Achievement_28_Description,Defeat the Plaguebearer while all three segments are active.,Derrota al Portador de la Peste con los tres segmentos activos.
Achievement/Achievement_28_Title,Plague It Cool,"Con la Peste, Tranquilo"
Achievement/Achievement_29_Description,Defeat the Gravekeeper without detonating a single poison pod,Derrota al Sepulturero sin detonar ni una sola vaina de veneno
Achievement/Achievement_29_Title,Bomb Disposal Expert,Experta en Desactivación de Bombas
Achievement/Achievement_30_Description,Throw the Rubinite and hit an enemy,Lanza el Rubinite y golpea a un enemigo
Achievement/Achievement_30_Title,Not What It’s For!,¡No es Para Eso!
Achievement/Achievement_31_Description,Be swallowed by a Skynest priest,Sé tragada por un sacerdote de Skynest
Achievement/Achievement_31_Title,I’m Not Tasty At All...,No Estoy Nada Sabrosa...
Achievement/Achievement_32_Description,Defeat a boss without any Talismans equipped,Derrota a un jefe sin ningún talismán equipado
Achievement/Achievement_32_Title,Talismans? Nah.,¿Talismanes? Nah.
Achievement/Achievement_33_Description,Defeat a boss without taking any damage,Derrota a un jefe sin recibir ningún daño
Achievement/Achievement_33_Title,True Hunter,Verdadera Cazadora
Achievement/Achievement_34_Description,Defeat the Ghost without letting it use self-harm to leave the soldier’s body,Derrota al Fantasma sin dejar que se autolesione para abandonar el cuerpo del soldado
Achievement/Achievement_34_Title,Out-Of-Body,Fuera del Cuerpo
Achievement/Achievement_35_Description,Hit Roy using his own dagger,Golpea a Roy con su propia daga
Achievement/Achievement_35_Title,"You Dare Use My Own Weapons Against Me, Ruby?","¿Te Atreves a Usar Mis Propias Armas Contra Mí, Ruby?"
Achievement/Achievement_36_Title,True Difficulty,Verdadera Dificultad
Achievement/Achievement_37_Description,"During the 2nd battle with Faye, successfully counter all her grabs.","Durante la segunda batalla con Faye, contrarresta todos sus agarres."
Achievement/Achievement_37_Title,Don’t Even Think About It,Ni Se Te Ocurra
Achievement/Achievement_38_Description,Clear Rubinite on normal difficulty,Completa Rubinite en dificultad normal
Achievement/Achievement_38_Title,RUBINITE,RUBINITE
Achievement/Achievement_39_Title,Obtain the legendary Rubinite,Obtén el legendario Rubinite
AfterBossFight/AfterBossFightIntertitle_Beast_01,"Ruru, hunting is cruel indeed...","Ruru, la caza es en verdad cruel..."
AfterBossFight/AfterBossFightIntertitle_Beast_02,"You may not want to, but it has to be done.","Puede que no quieras, pero hay que hacerlo."
AfterBossFight/AfterBossFightIntertitle_Beast_03,It’s almost time. Let’s go home!,Ya casi es hora. ¡Vamos a casa!
AfterBossFight/AfterBossFightIntertitle_Cult_01,"Ruru, the Kingdom is home to many different voices.","Ruru, el Reino alberga muchas voces distintas."
AfterBossFight/AfterBossFightIntertitle_Cult_02,People will always be telling you what to do.,Siempre habrá quien te diga qué hacer.
AfterBossFight/AfterBossFightIntertitle_Cult_03,"Yet, His Majesty and I only wish for you to be yourself.","Aun así, Su Majestad y yo solo deseamos que seas tú misma."
AfterBossFight/AfterBossFightIntertitle_Guardian2_01,Ruby. You must face your destiny.,Ruby. Debes enfrentar tu destino.
AfterBossFight/AfterBossFightIntertitle_Guardian2_02,"You can do it, I know you can.","Puedes lograrlo, sé que puedes."
AfterBossFight/AfterBossFightIntertitle_Guardian2_03,We’ll be waiting for you here.,Te estaremos esperando aquí.
AfterBossFight/AfterBossFightIntertitle_Guardian_01,"Ruru, I know you’re very curious about the world outside the Royal Capital.","Ruru, sé que sientes mucha curiosidad por el mundo fuera de la Capital Real."
AfterBossFight/AfterBossFightIntertitle_Guardian_02,"One day, you’ll get the opportunity to see the outside world.",Algún día tendrás la oportunidad de ver el mundo exterior.
AfterBossFight/AfterBossFightIntertitle_Guardian_03,"And whenever you grow tired of it, I'll always be here waiting for you!","¡Y cuando te canses de él, yo siempre estaré aquí esperándote!"
AfterBossFight/AfterBossFightIntertitle_Nestling_01,"Ruby, as long as your will holds fast,","Ruby, mientras tu voluntad se mantenga firme,"
AfterBossFight/AfterBossFightIntertitle_Nestling_02,not even the toughest enemy can sway you.,ni el enemigo más fuerte podrá hacerte vacilar.
AfterBossFight/AfterBossFightIntertitle_Nestling_03,You are this kingdom's future.,Tú eres el futuro de este reino.
AfterBossFight/AfterBossFightIntertitle_PlagueBird_01,No one can stay forever in this world.,Nadie puede quedarse para siempre en este mundo.
AfterBossFight/AfterBossFightIntertitle_PlagueBird_02,"Ruru, you must learn to never forget the past.","Ruru, debes aprender a no olvidar nunca el pasado."
AfterBossFight/AfterBossFightIntertitle_PlagueBird_03,Those memories are proof that we were once alive.,Esos recuerdos son la prueba de que alguna vez estuvimos vivos.
AfterBossFight/AfterBossFightIntertitle_PlagueRoot_01,"Ruby, death isn’t scary.","Ruby, la muerte no da miedo."
AfterBossFight/AfterBossFightIntertitle_PlagueRoot_02,"What’s truly terrifying is losing courage, losing hope...","Lo verdaderamente aterrador es perder el coraje, perder la esperanza..."
AfterBossFight/AfterBossFightIntertitle_PlagueRoot_03,...and losing the way home.,...y perder el camino a casa.
Boss/BossName_Beast_1,The Beast,La Bestia
Boss/BossName_Cult_1,The Priest,El Sacerdote
Boss/BossName_Cult_2,The Dual Cultists,Los Cultistas Gemelos
Boss/BossName_EyesTree_1,The Red-Eyed Tree,El Árbol de Ojos Rojos
Boss/BossName_Ghost_1,The Ghost,El Fantasma
Boss/BossName_Guardian_1,Faye the Guardian,Faye la Guardiana
Boss/BossName_Knight_1,Grant the Knight,Grant el Caballero
Boss/BossName_Master_1,Roy the Hunter,Roy el Cazador
Boss/BossName_Nestling_1,The Martyred Angel,El Ángel Mártir
Boss/BossName_PlagueBird_1,The Gravekeeper,El Sepulturero
Boss/BossName_PlagueRoot_1,The Plaguebearer,El Portador de la Peste
Boss/BossName_Queen_1,The Puppet Master,El Titiritero
Boss/BossName_Witch_1,Alcina the Witch,Alcina la Bruja
ChallengeArea/ChallengeArea,Return to Challenge Area,Volver a la Zona de Desafíos
ChallengeArea/ChallengeArea_BattleChoice_1,Memory Battle - Illusion,Batalla de Recuerdos - Ilusión
ChallengeArea/ChallengeArea_BattleChoice_2,Memory Battle - Real,Batalla de Recuerdos - Realidad
ChallengeArea/ChallengeArea_Description,"In the Challenge Area, you can repeatedly challenge enemies you've defeated before.\nEarn <color=#fc2119>Blood Dust</color> rewards, and participate in the online leaderboard!","En la Zona de Desafíos puedes enfrentarte una y otra vez a enemigos que ya has derrotado.
Gana recompensas de <color=#fc2119>Polvo de Sangre</color> ¡y participa en la clasificación en línea!"
CharacterName/CharacterName_???,???,???
CharacterName/CharacterName_Alcina,Alcina,Alcina
CharacterName/CharacterName_Clara,Sister Clara,Hermana Clara
CharacterName/CharacterName_Dimon,Damon,Damon
CharacterName/CharacterName_Faye,Faye,Faye
CharacterName/CharacterName_GoddessStatue,Goddess Statue,Estatua de la Diosa
CharacterName/CharacterName_Lily,Lily,Lily
CharacterName/CharacterName_MemoryAlcina,Alcina,Alcina
CharacterName/CharacterName_Mira,Mira,Mira
CharacterName/CharacterName_MirrorRuby_Blue,Blue Ruby,Rubí Azul
CharacterName/CharacterName_MirrorRuby_Green,Green Ruby,Rubí Verde
CharacterName/CharacterName_MirrorRuby_Purple,Purple Ruby,Rubí Morado
CharacterName/CharacterName_MirrorRuby_Yellow,Yellow Ruby,Rubí Amarillo
CharacterName/CharacterName_Peter,Peter,Peter
CharacterName/CharacterName_Roy,Roy,Roy
CharacterName/CharacterName_Ruby,Ruby,Ruby
CharacterName/CharacterName_Victoria,Victoria,Victoria
CharacterName/CharacterName_Wichiwi,Wichiwi,Wichiwi
Choice_NothingElse,Nothing right now.,Nada por ahora.
Choice_cancel,Cancel,Cancelar
Choice_leave,Leave,Irme
Choice_no,No,No
Choice_noProblem,No problem!,¡No hay problema!
Choice_sure,Sure.,Claro.
Choice_talk,Talk,Hablar
Choice_yes,Yes,Sí
CubeMode/CubeMode_Description,This mode reverts all bosses to their original test prototypes. \n We decided to leave them in the game because they were just too funny :D\n(Except the Red-Eyed Tree. We deleted its prototype...)  \n\nEnabling this may cause some bosses’ animations to glitch. Make the change?,"Este modo devuelve a todos los jefes a sus prototipos de prueba originales. 
 Decidimos dejarlos en el juego porque eran demasiado divertidos :D
(Excepto el Árbol de Ojos Rojos. Borramos su prototipo...)  

Activar esto puede causar fallos en las animaciones de algunos jefes. ¿Deseas hacer el cambio?"
CubeMode/GameSetting_SwitchToCubeModeButton,Switch to Block Mode,Cambiar a Modo Bloque
Demo/Demo_ChallengeSetupTalisman,Would you like to change your talisman before starting the ranking challenge?,¿Deseas cambiar tu talismán antes de comenzar el desafío de clasificación?
Demo/Demo_ChangeTalisman,Change Talisman,Cambiar Talismán
Demo/Demo_End_1,The demo ends here. Thank you for playing!,La demo termina aquí. ¡Gracias por jugar!
Demo/Demo_End_2,Wishlist now! Please...,¡Añádelo a tu lista de deseos! Por favor...
Demo/Demo_FeedbackForm,Give us Feedback,Danos tu Opinión
Demo/Demo_GoToChallenge,Start Challenge,Comenzar Desafío
Demo/Demo_LinkToSteamPage,Add to Wishlist!,¡Añadir a la Lista de Deseos!
Demo/Demo_UnlockAllTalisman,All talismans available in this Demo have been unlocked!,¡Se han desbloqueado todos los talismanes disponibles en esta Demo!
DialogueCampfire/D1_CampFire_8DaysLeft_01,I gotta say...,Tengo que decir...
DialogueCampfire/D1_CampFire_8DaysLeft_02,You’re a pretty good cook for an amateur.,Cocinas bastante bien para ser una amateur.
DialogueCampfire/D1_CampFire_8DaysLeft_03,"You’ve probably never had food like this, eh kid?","Seguro nunca habías comido algo así, ¿eh, niña?"
DialogueCampfire/D1_CampFire_8DaysLeft_04,"Ah, I meant <size=150%><speed=0.2>Your Highness</speed></size>. <speed=1.5>You probably had all those royal chefs making your food.</speed>","Ah, digo, <size=150%><speed=0.2>Su Alteza</speed></size>. <speed=1.5>Seguro tenías a todos esos chefs reales haciéndote la comida.</speed>"
DialogueCampfire/D1_CampFire_8DaysLeft_05,Stop talking and eat.,Deja de hablar y come.
DialogueCampfire/D1_CampFire_8DaysLeft_06,"Okay, okay~","Bueno, bueno~"
DialogueCampfire/D1_CampFire_8DaysLeft_07,<speed=0.1>...</speed><speed=0.2>...</speed><speed=0.3>...</speed>,<speed=0.1>...</speed><speed=0.2>...</speed><speed=0.3>...</speed>
DialogueCampfire/D1_CampFire_8DaysLeft_08,<speed=0.1>So...</speed> how does the soup stack up?,<speed=0.1>Y bueno...</speed> ¿qué tal está la sopa?
DialogueCampfire/D1_CampFire_8DaysLeft_09_Choice,Delicious!,¡Deliciosa!
DialogueCampfire/D1_CampFire_8DaysLeft_10,!!,¡¡!!
DialogueCampfire/D1_CampFire_8DaysLeft_11,"The secret to this soup lies in the ratio of milk to salt, and the perfect timing of—","El secreto de esta sopa está en la proporción de leche y sal, y el momento perfecto para—"
DialogueCampfire/D1_CampFire_8DaysLeft_12,"The secret to this soup lies in the ratio of milk to salt, and the perfect timing of—","El secreto de esta sopa está en la proporción de leche y sal, y el momento perfecto para—"
DialogueCampfire/D1_CampFire_8DaysLeft_13,<size=200%><wiggle a=0.004><speed=2>Phew~ </speed>I’m full~</wiggle>,<size=200%><wiggle a=0.004><speed=2>Fiu~ </speed>Estoy lleno~</wiggle>
DialogueCampfire/D1_CampFire_8DaysLeft_14,...,...
DialogueCampfire/D1_CampFire_8DaysLeft_15,"Were you saying something, Roy?","¿Estabas diciendo algo, Roy?"
DialogueCampfire/D1_CampFire_8DaysLeft_16,Sigh... Never mind.,Suspiro... Da igual.
DialogueCampfire/D1_CampFire_8DaysLeft_17_Choice,It needs more salt.,Le falta más sal.
DialogueCampfire/D1_CampFire_8DaysLeft_18,...,...
DialogueCampfire/D1_CampFire_8DaysLeft_19,Really? I think it was salted just right. I quite liked it.,¿En serio? Yo creo que tenía justo la sal necesaria. Me gustó bastante.
DialogueCampfire/D1_CampFire_8DaysLeft_20,"To each their own, I guess.","Sobre gustos no hay nada escrito, supongo."
DialogueCampfire/D2_CampFire_7DaysLeft_01,You really take care of that cloak.,De verdad cuidas bien esa capa.
DialogueCampfire/D2_CampFire_7DaysLeft_02_Choice,Wichiwi.,Wichiwi.
DialogueCampfire/D2_CampFire_7DaysLeft_03,What's the matter?,¿Qué pasa?
DialogueCampfire/D2_CampFire_7DaysLeft_04_Choice,It's Roy's Pureblood Crystal...,Es sobre el Cristal de Sangre Pura de Roy...
DialogueCampfire/D2_CampFire_7DaysLeft_05,You're worried he might turn into a monster?,¿Te preocupa que se convierta en un monstruo?
DialogueCampfire/D2_CampFire_7DaysLeft_06,"See, here's the thing...","Mira, la cosa es así..."
DialogueCampfire/D2_CampFire_7DaysLeft_07,Everyone has some mana within them.,Todos tienen algo de maná dentro.
DialogueCampfire/D2_CampFire_7DaysLeft_08,"For the Bloodstained, their constitution is not unlike a set of scales.","Para los Ensangrentados, su constitución es como una balanza."
DialogueCampfire/D2_CampFire_7DaysLeft_09,"With their own mana balanced on one end, and the Pureblood Crystal on the other.","Con su propio maná en un lado, y el Cristal de Sangre Pura en el otro."
DialogueCampfire/D2_CampFire_7DaysLeft_10,Those with less mana can quickly be overwhelmed by the Pureblood Crystal.,Aquellos con menos maná pueden ser dominados rápidamente por el Cristal de Sangre Pura.
DialogueCampfire/D2_CampFire_7DaysLeft_11,"If that balance is lost, the victim can only become a thrall for the Witch.","Si se pierde ese equilibrio, la víctima solo puede terminar como esclava de la Bruja."
DialogueCampfire/D2_CampFire_7DaysLeft_12,"And once that happens, there's no going back.","Y una vez que eso pasa, no hay vuelta atrás."
DialogueCampfire/D2_CampFire_7DaysLeft_13,"Roy's situation is a little different, though. He posesses an extraordinary amount of mana.","Sin embargo, la situación de Roy es un poco distinta. Él posee una cantidad extraordinaria de maná."
DialogueCampfire/D2_CampFire_7DaysLeft_14,So he won’t end up that way.,Así que no va a terminar así.
DialogueCampfire/D2_CampFire_7DaysLeft_15,"Gek, I've blabbed on for long enough. You should get some sleep too.","Gek, ya hablé de más. Deberías dormir un poco también."
DialogueCampfire/D2_CampFire_7DaysLeft_16_Choice,Mmh.,Mmh.
DialogueCampfire/D3_CampFire_6DaysLeft_01,<wave>Wow! Look what I found!</wave>,<wave>¡Guau! ¡Miren lo que encontré!</wave>
DialogueCampfire/D3_CampFire_6DaysLeft_02,"<wave>With a little adjustment, it should still be playable.</wave>","<wave>Con un pequeño ajuste, todavía debería poder tocarse.</wave>"
DialogueCampfire/D3_CampFire_6DaysLeft_03,When did lizards start playing music? I thought you had no ears.,¿Desde cuándo los lagartos tocan música? Pensé que no tenían oídos.
DialogueCampfire/D3_CampFire_6DaysLeft_04,"<speed=1.2><shake a=0.1>How rude! We might be lacking external ears, but we still have internal auditory organs!</shake></speed>","<speed=1.2><shake a=0.1>¡Qué grosero! ¡Puede que nos falten orejas externas, pero igual tenemos órganos auditivos internos!</shake></speed>"
DialogueCampfire/D3_CampFire_6DaysLeft_05,Perfect!,¡Perfecto!
DialogueCampfire/D3_CampFire_6DaysLeft_06,"<wave>Amazing, right? Sounds just as good as new!</wave>","<wave>Increíble, ¿no? ¡Suena como nuevo!</wave>"
DialogueCampfire/D3_CampFire_6DaysLeft_07,<wave>Hehe~</wave> Now enjoy!,<wave>Jeje~</wave> ¡Ahora disfruta!
DialogueCampfire/D3_CampFire_6DaysLeft_08,What do you think?,¿Qué te parece?
DialogueCampfire/D3_CampFire_6DaysLeft_09_Choice,It was nice.,Estuvo lindo.
DialogueCampfire/D3_CampFire_6DaysLeft_10,"Really?! You have a discerning ear, Ruby!","¡¿En serio?! ¡Tienes buen oído, Ruby!"
DialogueCampfire/D3_CampFire_6DaysLeft_11,Let me serenade you with another tune~,Déjame darte otra serenata~
DialogueCampfire/D3_CampFire_6DaysLeft_12_Choice,"It’s nice, but it’s missing something.","Está lindo, pero le falta algo."
DialogueCampfire/D3_CampFire_6DaysLeft_13,"Gek, right? You’ve got a discerning ear, Ruby!","Gek, ¿verdad? ¡Tienes buen oído, Ruby!"
DialogueCampfire/D3_CampFire_6DaysLeft_14,What do you think is missing?,¿Qué crees que le falta?
DialogueCampfire/D3_CampFire_6DaysLeft_15_Choice,Someone who can play it well.,Alguien que sepa tocarla bien.
DialogueCampfire/D3_CampFire_6DaysLeft_16,"Hmm... Indeed, if this guitar could be entrusted to someone who can really play...","Hmm... Es verdad, si esta guitarra estuviera en manos de alguien que de verdad sepa tocar..."
DialogueCampfire/D3_CampFire_6DaysLeft_17,<size=180%>Gek!</size> You little brat! You don’t know anything about music!,<size=180%>¡Gek!</size> ¡Mocosa! ¡No sabes nada de música!
DialogueCampfire/D3_CampFire_6DaysLeft_18,...,...
DialogueCampfire/D3_CampFire_6DaysLeft_19,"I will not pander to an uncultured crowd. I'm playing my music my way, and that's that!","No voy a rebajarme ante un público sin cultura. Toco mi música a mi manera, ¡y punto!"
DialogueCampfire/D3_CampFire_6DaysLeft_20_Choice,Someone who understands music.,Alguien que entienda de música.
DialogueCampfire/D4_CampFire_5DaysLeft_01,This weird thing tastes pretty good~,Esta cosa rara sabe bastante bien~
DialogueCampfire/D4_CampFire_5DaysLeft_02_Choice,Tasty!,¡Rico!
DialogueCampfire/D4_CampFire_5DaysLeft_03,These are called marshmallows.,Esto se llama malvavisco.
DialogueCampfire/D4_CampFire_5DaysLeft_04,"It's an easy recipe that only requires sugar, cornstarch and gelatin.","Es una receta fácil que solo necesita azúcar, maicena y gelatina."
DialogueCampfire/D4_CampFire_5DaysLeft_05,Heating it over an open fire right before eating it gives it a richer texture.,Calentarlo al fuego justo antes de comerlo le da una textura más rica.
DialogueCampfire/D4_CampFire_5DaysLeft_06,I never would have guessed that a rugged man like you would have such a sweet tooth.,Nunca me habría imaginado que un tipo tan rudo como tú fuera tan goloso.
DialogueCampfire/D4_CampFire_5DaysLeft_07,That isn't quite it.,No es exactamente así.
DialogueCampfire/D4_CampFire_5DaysLeft_08,"You see, I had a little sister.","Verás, yo tenía una hermana menor."
DialogueCampfire/D4_CampFire_5DaysLeft_09,She would always nag me about these when I was preparing meals.,Siempre me insistía con esto cuando yo preparaba la comida.
DialogueCampfire/D4_CampFire_5DaysLeft_10,Toasted marshmallows were her favorite dessert.,Los malvaviscos tostados eran su postre favorito.
DialogueCampfire/D4_CampFire_5DaysLeft_11,That's why I thought Ruby might like these.,Por eso pensé que a Ruby le podrían gustar.
DialogueCampfire/D4_CampFire_5DaysLeft_12_Choice,"You're a good older brother, Roy.","Eres un buen hermano mayor, Roy."
DialogueCampfire/D4_CampFire_5DaysLeft_13,...,...
DialogueCampfire/D4_CampFire_5DaysLeft_14,"Gek, if you could get me a cup of tea, that would make you an even better older brother.","Gek, si me consigues una taza de té, serías un hermano mayor todavía mejor."
DialogueCampfire/D4_CampFire_5DaysLeft_15,"Eating just sweet treats gets old after a while, gekeke.","Comer solo dulces se pone aburrido después de un rato, gekeke."
DialogueCampfire/D4_CampFire_5DaysLeft_16,Sigh...,Suspiro...
DialogueCampfire/D4_CampFire_5DaysLeft_17,Sweet treats should always be accompanied by tea.,Los dulces siempre deberían ir acompañados de té.
DialogueCampfire/D4_CampFire_5DaysLeft_2_01,"So, have you got any tea or not?","Entonces, ¿tienes té o no?"
DialogueCampfire/D4_CampFire_5DaysLeft_2_02,Wichiwi...,Wichiwi...
DialogueCampfire/D4_CampFire_5DaysLeft_2_03,I think you've had enough marshmallows.,Creo que ya comiste suficientes malvaviscos.
DialogueCampfire/D5_CampFire_4DaysLeft_01,"Gek, that’s it.","Gek, eso es."
DialogueCampfire/D5_CampFire_4DaysLeft_02,And then a bit of...,Y después un poco de...
DialogueCampfire/D5_CampFire_4DaysLeft_03_Choice,Wichiwi.,Wichiwi.
DialogueCampfire/D5_CampFire_4DaysLeft_04,I’m trying to concentrate. Stop bothering me!,Estoy tratando de concentrarme. ¡Deja de molestarme!
DialogueCampfire/D5_CampFire_4DaysLeft_05,After that...,Después de eso...
DialogueCampfire/D5_CampFire_4DaysLeft_06_Choice,What’s a heretic?,¿Qué es un hereje?
DialogueCampfire/D5_CampFire_4DaysLeft_07,...,...
DialogueCampfire/D5_CampFire_4DaysLeft_08,You little brat. Have you been peeking through my books?,Mocosa. ¿Has estado curioseando en mis libros?
DialogueCampfire/D5_CampFire_4DaysLeft_09_Choice,Uh... Umm...,Eh... Este...
DialogueCampfire/D5_CampFire_4DaysLeft_10,Sigh...,Suspiro...
DialogueCampfire/D5_CampFire_4DaysLeft_11,"Back where I come from, folks without mana were viewed as heretics.","De donde yo vengo, a la gente sin maná se la consideraba hereje."
DialogueCampfire/D5_CampFire_4DaysLeft_12,The inability to use magic was considered an affront to common sense and morality.,No poder usar magia se consideraba una afrenta al sentido común y a la moral.
DialogueCampfire/D5_CampFire_4DaysLeft_13,They weren’t accepted in society and would end up with nowhere to call home.,No eran aceptados en la sociedad y terminaban sin ningún lugar al que llamar hogar.
DialogueCampfire/D5_CampFire_4DaysLeft_14,"However, this thinking stems from the prejudice of the royal bloodlines!","¡Sin embargo, esa forma de pensar viene del prejuicio de los linajes reales!"
DialogueCampfire/D5_CampFire_4DaysLeft_15,"Gek! ""Noble and ancient lizardkind"" my tail! What a bunch of self-righteous, judgmental nincompoops!","¡Gek! ¡""Noble y antiguo pueblo lagarto"", ni loco! ¡Qué manada de mojigatos sabelotodo!"
DialogueCampfire/D5_CampFire_4DaysLeft_16,...,...
DialogueCampfire/D5_CampFire_4DaysLeft_17,I'm looking for a treasure.,Estoy buscando un tesoro.
DialogueCampfire/D5_CampFire_4DaysLeft_18,A treasure that will allow anyone to use magic—,Un tesoro que le permitiría a cualquiera usar magia—
DialogueCampfire/D5_CampFire_4DaysLeft_19,The Miracle Rune.,La Runa Milagrosa.
DialogueCampfire/D5_CampFire_4DaysLeft_20,Some call it a far-fetched fantasy.,Algunos lo llaman una fantasía descabellada.
DialogueCampfire/D5_CampFire_4DaysLeft_21,Others say it’s a colossal scam.,Otros dicen que es una estafa colosal.
DialogueCampfire/D5_CampFire_4DaysLeft_22,"Gek, but I did lay eyes on it once.","Gek, pero yo lo vi con mis propios ojos una vez."
DialogueCampfire/D5_CampFire_4DaysLeft_23,"I know it’s out there,","Sé que existe,"
DialogueCampfire/D5_CampFire_4DaysLeft_24,and I will find it.,y voy a encontrarlo.
DialogueCampfire/D5_CampFire_4DaysLeft_25,"One day, I will prove...","Algún día, voy a demostrar..."
DialogueCampfire/D5_CampFire_4DaysLeft_26,...,...
DialogueCampfire/D5_CampFire_4DaysLeft_27,Gek! It’s rude to fall asleep while others are speaking!,¡Gek! ¡Es de mala educación dormirse mientras alguien está hablando!
DialogueCampfire/D5_CampFire_4DaysLeft_2_01,Oy! Don’t drool all over the pages!,¡Oye! ¡No babees las páginas!
DialogueCampfire/D6_CampFire_3DaysLeft_01,I know you're over there.,Sé que estás ahí.
DialogueCampfire/D6_CampFire_3DaysLeft_02,...,...
DialogueCampfire/D6_CampFire_3DaysLeft_03,Tch... You're way too perceptive.,Tch... Eres demasiado perceptivo.
DialogueCampfire/D6_CampFire_3DaysLeft_04,You’re no fun at all.,No tienes nada de gracia.
DialogueCampfire/D6_CampFire_3DaysLeft_05,"Wichiwi, could you quit it with these pointless games?","Wichiwi, ¿podrías dejar estos jueguitos sin sentido?"
DialogueCampfire/D6_CampFire_3DaysLeft_06,It’s almost time. Hand me the inhibitor.,Ya casi es la hora. Dame el inhibidor.
DialogueCampfire/D6_CampFire_3DaysLeft_07,"Oy, oy, oy! I’m not your personal porter!","¡Oye, oye, oye! ¡No soy tu cargador personal!"
DialogueCampfire/D6_CampFire_3DaysLeft_08,"Besides, you're not going to get much use out of it if you use it like this! Gek!","Además, ¡no le vas a sacar mucho provecho si lo usas así! ¡Gek!"
DialogueCampfire/D6_CampFire_3DaysLeft_09,...,...
DialogueCampfire/D6_CampFire_3DaysLeft_10,...Enough lecturing.,...Ya basta de sermones.
DialogueCampfire/D6_CampFire_3DaysLeft_11,"As long as there is an opportunity to kill the Witch,","Mientras haya una oportunidad de matar a la Bruja,"
DialogueCampfire/D6_CampFire_3DaysLeft_12,"I will take it, no matter the cost.","la voy a tomar, cueste lo que cueste."
DialogueCampfire/D6_CampFire_3DaysLeft_2_01,Mmm...,Mmm...
DialogueCampfire/D6_CampFire_3DaysLeft_2_02,Mmh.,Mmh.
DialogueCampfire/D6_CampFire_3DaysLeft_2_03,I’m fine with whatever you want to do in your own time.,Por mí está bien lo que quieras hacer con tu propio tiempo.
DialogueCampfire/D6_CampFire_3DaysLeft_2_04,"But don’t you forget, our deal still stands, gek!","¡Pero no olvides que nuestro trato sigue en pie, gek!"
DialogueCampfire/D6_CampFire_3DaysLeft_3_01,...Wichiwi.,...Wichiwi.
DialogueCampfire/D6_CampFire_3DaysLeft_3_02,Thanks.,Gracias.
DialogueCampfire/D9_1_CampFire_2DaysLeft_01,<shake a=0.5>#̵^̴cut%҈!҈&҉fake@̸$̴!҉</shake>,<shake a=0.5>#̵^̴cut%҈!҈&҉fake@̸$̴!҉</shake>
DialogueCampfire/D9_1_CampFire_2DaysLeft_02,<shake a=0.5>Ru%҈^̸ Wake up#̶!̷@̴$҉</shake>,<shake a=0.5>Ru%҈^̸ Despierta#̶!̷@̴$҉</shake>
DialogueCampfire/D9_1_CampFire_3DaysLeft_01,<shake a=0.5>*҉%̶^̸&҈+̷#̶!̸@̴$̷</shake>,<shake a=0.5>*҉%̶^̸&҈+̷#̶!̸@̴$̷</shake>
DialogueCampfire/D9_1_CampFire_3DaysLeft_02,<shake a=0.5>$̵&̸)̶*̸^̵(̴$̶&̶@҉/҉*҈</shake>,<shake a=0.5>$̵&̸)̶*̸^̵(̴$̶&̶@҉/҉*҈</shake>
DialogueCampfire/D9_2_CampFire_1DaysLeft_01,We need to take all this with us.,Tenemos que llevarnos todo esto.
DialogueCampfire/D9_2_CampFire_1DaysLeft_02_Choice,...,...
DialogueCampfire/D9_2_CampFire_1DaysLeft_03,"What’s the matter, kid?","¿Qué pasa, niña?"
DialogueCampfire/D9_2_CampFire_1DaysLeft_04_Choice,Have you been spying on me?,¿Me has estado espiando?
DialogueCampfire/D9_2_CampFire_1DaysLeft_05,...,...
DialogueCampfire/D9_2_CampFire_1DaysLeft_06,Ah... About that...,Ah... Sobre eso...
DialogueCampfire/D9_2_CampFire_1DaysLeft_07,HCW-03 isn't for spying~,HCW-03 no es para espiar~
DialogueCampfire/D9_2_CampFire_1DaysLeft_08,"It was just helping me collect a bit of data. That's all, gek.","Solo me estaba ayudando a recolectar un poco de datos. Eso es todo, gek."
DialogueCampfire/D9_2_CampFire_1DaysLeft_09,How else was I supposed to help you investigate the city gates?,¿De qué otra forma iba a ayudarte a investigar las puertas de la ciudad?
DialogueCampfire/D9_2_CampFire_1DaysLeft_10_Choice,HCW what now?,¿HC-qué?
DialogueCampfire/D9_2_CampFire_1DaysLeft_11,HCW-03. That’s its name.,HCW-03. Así se llama.
DialogueCampfire/D9_2_CampFire_1DaysLeft_12,The All-purpose Reconnaissance and Mana Analysis Module Version III (Hex Capture Watcher Version 03),Módulo de Reconocimiento y Análisis de Maná Multipropósito Versión III (Vigía Capturador de Hechizos Versión 03)
DialogueCampfire/D9_2_CampFire_1DaysLeft_13,"Gek. Cool name, huh?","Gek. Buen nombre, ¿no?"
DialogueCampfire/D9_2_CampFire_1DaysLeft_14_Choice,Hmm...,Hmm...
DialogueCampfire/D9_2_CampFire_1DaysLeft_15,HCW-03 can also be a useful talisman during battle!,¡HCW-03 también puede ser un talismán útil en batalla!
DialogueCampfire/D9_2_CampFire_1DaysLeft_16,"Once equipped, it automatically locks on to an enemy and attacks them!","¡Una vez equipado, se fija automáticamente en un enemigo y lo ataca!"
DialogueCampfire/D9_2_CampFire_1DaysLeft_17,It can also be combined with other talismans for different effects!,¡También se puede combinar con otros talismanes para conseguir distintos efectos!
DialogueCampfire/D9_2_CampFire_1DaysLeft_18,"That being said, it relies on the user’s mana to function...","Dicho esto, depende del maná de quien lo usa para funcionar..."
DialogueCampfire/D9_2_CampFire_1DaysLeft_19_Choice,Right...,Ya veo...
DialogueCampfire/D9_2_CampFire_1DaysLeft_20,Just think of it as another reliable teammate~,Piénsalo como otro compañero de equipo confiable~
DialogueCampfire/D9_2_CampFire_1DaysLeft_21_Choice,I'm calling it Hatchiwi.,Lo voy a llamar Hatchiwi.
DialogueCampfire/D9_2_CampFire_1DaysLeft_22,Hatchiwi?,¿Hatchiwi?
DialogueCampfire/D9_2_CampFire_1DaysLeft_23,"Sure, whatever floats your boat~","Bueno, lo que tú quieras~"
DialogueDarkRubyLevel/Dialogue_DarkRubyLevel_DarkRubyAppear_1_01,That’s the thing controlling Roy.,Eso es lo que está controlando a Roy.
DialogueDarkRubyLevel/Dialogue_DarkRubyLevel_DarkRubyAppear_1_02,It was created from a binding of Her curse with his Pureblood Crystal.,Se creó al unir Su maldición con su Cristal de Sangre Pura.
DialogueDarkRubyLevel/Dialogue_DarkRubyLevel_DarkRubyAppear_1_03,We must use the tree root to absorb its magic.,Tenemos que usar la raíz del árbol para absorber su magia.
DialogueDarkRubyLevel/Dialogue_DarkRubyLevel_DarkRubyAppear_1_04,"But before that, you have to defeat it.","Pero antes de eso, tienes que derrotarlo."
DialogueDarkRubyLevel/Dialogue_DarkRubyLevel_Enter_1_01,We have entered his mind.,Entramos en su mente.
DialogueDarkRubyLevel/Dialogue_DarkRubyLevel_Enter_1_02_Choice,What are these shadows?,¿Qué son estas sombras?
DialogueDarkRubyLevel/Dialogue_DarkRubyLevel_Enter_1_03,They’re fragments of Roy’s memories.,Son fragmentos de los recuerdos de Roy.
DialogueDarkRubyLevel/Dialogue_DarkRubyLevel_Enter_1_04,"People he once met, or his own past selves.","Personas que conoció alguna vez, o versiones pasadas de sí mismo."
DialogueDarkRubyLevel/Dialogue_DarkRubyLevel_Enter_1_05,Let's keep going. What we're looking for is further ahead.,Sigamos. Lo que buscamos está más adelante.
DialogueDimon/Dialogue_Dimon_0_1_1,"Oh, you again.","Ah, tú otra vez."
DialogueDimon/Dialogue_Dimon_0_1_2,I can’t endure this pain any longer...<shake a=0.5> End my life!</shake>,Ya no soporto más este dolor...<shake a=0.5> ¡Termina con mi vida!</shake>
DialogueDimon/Dialogue_Dimon_0_1_3,<shake a=0.5>Do it!</shake>,<shake a=0.5>¡Hazlo!</shake>
DialogueDimon/Dialogue_Dimon_0_1_4,This feeble attack might as well be tickling me.,Este ataque tan débil casi que me hace cosquillas.
DialogueDimon/Dialogue_Dimon_0_1_5,Hmm...,Hmm...
DialogueDimon/Dialogue_Dimon_0_1_6,This won’t do.,Así no va a funcionar.
DialogueDimon/Dialogue_Dimon_0_1_6_Choice_2,Just a bit more...,Un poco más...
DialogueDimon/Dialogue_Dimon_0_1_7,I’ll be your opponent ‘till you’re strong enough to kill me.,Voy a ser tu oponente hasta que seas lo bastante fuerte para matarme.
DialogueDimon/Dialogue_Dimon_0_1_8,Take it away. I don't need food.,Llévatela. No necesito comida.
DialogueDimon/Dialogue_Dimon_0_1_9,I said I don’t need it.,Dije que no la necesito.
DialogueDimon/Dialogue_Dimon_BeforeExecution_01,Your aura...,Tu aura...
DialogueDimon/Dialogue_Dimon_BeforeExecution_02,Are you ready to execute me?,¿Estás lista para ejecutarme?
DialogueDimon/Dialogue_Dimon_BeforeExecution_03_Choice,Mmh.,Mmh.
DialogueDimon/Dialogue_Dimon_BeforeExecution_04,Then bring it on!,¡Entonces adelante!
DialogueDimon/Dialogue_Dimon_BeforeExecution_05_Choice,I'm not ready.,No estoy lista.
DialogueDimon/Dialogue_Dimon_BeforeExecution_06,...,...
DialogueDimon/Dialogue_Dimon_BeforeExecution_07,...Alright.,...Está bien.
DialogueDimon/Dialogue_Dimon_Choice_1_1_Soup,[Give the soup],[Dar la sopa]
DialogueDimon/Dialogue_Dimon_Choice_1_1_Soup2,[Put the soup on the ground],[Dejar la sopa en el suelo]
DialogueDimon/Dialogue_Dimon_SecondRun_0_1_4,...,...
DialogueDimon/Dialogue_Dimon_SecondRun_0_1_5,Your aura feels different.,Tu aura se siente distinta.
DialogueDimon/Dialogue_Dimon_SecondRun_0_1_6,You might be able to do it now...,Tal vez ahora sí puedas hacerlo...
DialogueDimon/Dialogue_Dimon_SecondRun_0_1_7,<shake a=0.5>Kill me. Do it now!</shake>,<shake a=0.5>Mátame. ¡Hazlo ahora!</shake>
DialogueDimon/Dialogue_Dimon_SkillTutorial_01,Unh...,Unh...
DialogueDimon/Dialogue_Dimon_SkillTutorial_02,You've had your fill.,Ya te saciaste.
DialogueDimon/Dialogue_Dimon_SkillTutorial_03,"If you don’t have any other business, leave.","Si no tienes otro asunto, vete."
DialogueDimon/Dialogue_Dimon_SkillTutorial_04_Choice,What’s your name?,¿Cómo te llamas?
DialogueDimon/Dialogue_Dimon_SkillTutorial_05,I don’t remember.,No me acuerdo.
DialogueDimon/Dialogue_Dimon_SkillTutorial_06,I don’t remember most things.,No me acuerdo de casi nada.
DialogueDimon/Dialogue_Dimon_SkillTutorial_07,...,...
DialogueDimon/Dialogue_Dimon_SkillTutorial_08,I can only vaguely recall a dark figure.,Solo recuerdo vagamente a una figura oscura.
DialogueDimon/Dialogue_Dimon_SkillTutorial_09,That’s probably the one who created me.,Probablemente sea quien me creó.
DialogueDimon/Dialogue_Dimon_SkillTutorial_10,"Their aura overflowed with sadness, pain, and anger.","Su aura rebosaba de tristeza, dolor e ira."
DialogueDimon/Dialogue_Dimon_SkillTutorial_11,And that bastard took it all out on me.,Y ese maldito descargó todo eso en mí.
DialogueDimon/Dialogue_Dimon_SkillTutorial_12,It doesn’t matter anymore...,Ya no importa...
DialogueDimon/Dialogue_Dimon_SkillTutorial_13,Come find me again when you’re ready.,Vuelve a buscarme cuando estés lista.
DialogueDimon/Dialogue_Dimon_SkillTutorial_14,"Hey, these drills are completely worthless.","Oye, estos ejercicios son completamente inútiles."
DialogueDimon/Dialogue_Dimon_SkillTutorial_15,"Forget about skill, stamina, and experience.","Olvídate de habilidad, resistencia y experiencia."
DialogueDimon/Dialogue_Dimon_SkillTutorial_16,Power is the most important factor here.,El poder es lo más importante aquí.
DialogueDimon/Dialogue_Dimon_SkillTutorial_17,And your power as it stands now cannot even make a dent in me...,"Y tu poder, tal como está ahora, ni siquiera puede hacerme un rasguño..."
DialogueDimon/Dialogue_Dimon_SkillTutorial_18,...let alone kill me.,...mucho menos matarme.
DialogueDimon/Dialogue_Dimon_SkillTutorial_19_Choice,Why do you want to die?,¿Por qué quieres morir?
DialogueDimon/Dialogue_Dimon_SkillTutorial_20,...,...
DialogueDimon/Dialogue_Dimon_SkillTutorial_21,I've been trapped in this damned prison my whole life.,He estado atrapado en esta maldita prisión toda mi vida.
DialogueDimon/Dialogue_Dimon_SkillTutorial_22,"I’m in constant pain day in and day out, but I cannot die.","Estoy en dolor constante día tras día, pero no puedo morir."
DialogueDimon/Dialogue_Dimon_SkillTutorial_23,"You can split my head and pierce my heart, but those wounds will heal before your very eyes.","Puedes partirme la cabeza y atravesarme el corazón, pero esas heridas van a sanar ante tus propios ojos."
DialogueDimon/Dialogue_Dimon_SkillTutorial_24,That’s the curse my creator set upon me.,Esa es la maldición que mi creador puso sobre mí.
DialogueDimon/Dialogue_Dimon_SkillTutorial_25,...You must be the one to release me.,...Tienes que ser tú quien me libere.
DialogueDimon/Dialogue_Dimon_WhenDying_1,...Ruby,...Ruby
DialogueDimon/Dialogue_Dimon_WhenDying_2,Thank you...,Gracias...
DialogueGhostLevel/Dialogue_Wichihat_01,"<shake a=0.5>We’re in trouble, Kid!</shake>","<shake a=0.5>¡Estamos en problemas, niña!</shake>"
DialogueGhostLevel/Dialogue_Wichihat_02_Choice,Wichiwi?,¿Wichiwi?
DialogueGhostLevel/Dialogue_Wichihat_03,I've uncovered a big secret between the Witch and the Pureblood Crystals!,¡Descubrí un gran secreto entre la Bruja y los Cristales de Sangre Pura!
DialogueGhostLevel/Dialogue_Wichihat_04,"I’ll explain later, just please come back as soon as possible!","¡Te explico después, solo vuelve lo antes posible, por favor!"
DialogueGhostLevel/Dialogue_Wichihat_05_Choice,What about Roy?,¿Y Roy?
DialogueGhostLevel/Dialogue_Wichihat_06,Never mind that guy for now. This is something you must know right away!,Olvídate de él por ahora. ¡Esto es algo que tienes que saber de inmediato!
DialogueGuardian2Level/Dialogue_Guardian_Opening2_1_01,...You're still alive.,...Sigues con vida.
DialogueGuardian2Level/Dialogue_Guardian_Opening2_2_01,You're a bigger nuisance than I thought you'd be...,Eres más molesta de lo que pensé que serías...
DialogueGuardian2Level/Dialogue_Guardian_Opening2_2_02,The hour of the ceremony is almost at hand.,La hora de la ceremonia está por llegar.
DialogueGuardian2Level/Dialogue_Guardian_Opening2_3_01,I cannot allow you to pass!,¡No puedo permitir que pases!
DialogueGuardian2Level/Dialogue_Guardian_Opening2_3_02,No one can disrupt the ceremony!,¡Nadie puede interrumpir la ceremonia!
DialogueGuardian2Level/Dialogue_RoyEnd_01,"This time<wait=1.3>, I will not repeat the same mistake.","Esta vez<wait=1.3>, no voy a repetir el mismo error."
DialogueLibrary/Dialogue_Ruby_BelfyDoor_01,Use the key to open the door?,¿Usar la llave para abrir la puerta?
DialogueLibrary/Dialogue_Ruby_BelfyDoor_02_Choice,Yes,Sí
DialogueLibrary/Dialogue_Ruby_BelfyDoor_03_Choice,No,No
DialogueLibrary/Dialogue_Ruby_IsLocked_01,The door is locked.,La puerta está cerrada con llave.
DialogueMasterLevel/Dialogue_Wichiwi_MasterLevel_1_01,Gek... Haah... Gek... Haah...,Gek... Ah... Gek... Ah...
DialogueMasterLevel/Dialogue_Wichiwi_MasterLevel_1_02,This is why I hate absolute monarchies!,¡Por esto es que odio las monarquías absolutas!
DialogueMasterLevel/Dialogue_Wichiwi_MasterLevel_1_03,"Always building huge, impractical buildings with a whole bunch of staircases for the sake of “grandeur”. Gek!","Siempre construyendo edificios enormes e imprácticos con un montón de escaleras solo por ""grandiosidad"". ¡Gek!"
DialogueMasterLevel/Dialogue_Wichiwi_MasterLevel_1_04,Can’t... take another step...,No puedo... dar otro paso más...
DialogueMasterLevel/Dialogue_Wichiwi_MasterLevel_1_05,I need to take a breather.,Necesito tomarme un respiro.
DialogueMira/Dialogue_Mira_Corridor_1_01,I didn’t think you’d actually make it.,No pensé que en verdad lo lograrías.
DialogueMira/Dialogue_Mira_Corridor_1_02,Impressive.,Impresionante.
DialogueMira/Dialogue_Mira_Corridor_1_03_Choice,You are?,¿Quién eres?
DialogueMira/Dialogue_Mira_Corridor_1_04,<size=70%>So those memories don’t persist.,<size=70%>Así que esos recuerdos no perduran.
DialogueMira/Dialogue_Mira_Corridor_1_05,I’m not evil or anything.,No soy malvada ni nada por el estilo.
DialogueMira/Dialogue_Mira_Corridor_1_06,My name is Mira. I'm a travelling mage.,Me llamo Mira. Soy una maga viajera.
DialogueMira/Dialogue_Mira_Corridor_1_07_Choice,Suspicious...,Sospechoso...
DialogueMira/Dialogue_Mira_Corridor_1_08,I... I’m not suspicious!,Yo... ¡yo no soy sospechosa!
DialogueMira/Dialogue_Mira_Corridor_1_09,"You want to defeat the Witch, right?","Quieres derrotar a la Bruja, ¿verdad?"
DialogueMira/Dialogue_Mira_Corridor_1_10,This talisman should be of some help.,Este talismán debería ayudarte.
DialogueMira/Dialogue_Mira_Corridor_1_11_Choice,I think I remember it from a dream...,Creo que lo recuerdo de un sueño...
DialogueMira/Dialogue_Mira_Corridor_1_12,"An impression is left in the subconscious, but only as a vague memory.<size=70%>","Queda una impresión en el subconsciente, pero solo como un recuerdo vago.<size=70%>"
DialogueMira/Dialogue_Mira_Corridor_2_01,Consider it a greeting gift from me.,Considéralo un regalo de bienvenida de mi parte.
DialogueMira/Dialogue_Mira_Corridor_2_02,Looks like it's about time. I should get going.,Parece que ya es hora. Debería irme.
DialogueMira/Dialogue_Mira_Corridor_2_03,"Ah, don’t tell your friends just yet about meeting me.","Ah, no les cuentes todavía a tus amigos que me conociste."
DialogueMira/Dialogue_Mira_Corridor_2_04,"Alright, it’s a promise then!","¡Bien, entonces es una promesa!"
DialogueMira/Dialogue_Mira_Corridor_2_05_Choice,Wait...,Espera...
DialogueMira/Dialogue_Mira_D3_Library_MiraGetBook_1_01,<talkVolume=0.4>Sigh...</talkVolume>,<talkVolume=0.4>Suspiro...</talkVolume>
DialogueMira/Dialogue_Mira_D3_Library_MiraGetBook_1_02_Choice,Mira?,¿Mira?
DialogueMira/Dialogue_Mira_D3_Library_MiraGetBook_1_03,Ruby!,¡Ruby!
DialogueMira/Dialogue_Mira_D3_Library_MiraGetBook_1_04,"Over here, over here!","¡Aquí, aquí!"
DialogueMira/Dialogue_Mira_D3_Library_MiraGetBook_1_05,"I want to reach the books on the upper shelves, <speed=0.6>but I can't, no matter how high I try to jump.</speed>","Quiero alcanzar los libros de los estantes de arriba, <speed=0.6>pero no puedo, por más alto que salte.</speed>"
DialogueMira/Dialogue_Mira_D3_Library_MiraGetBook_1_06,Good thing you showed up. I have an idea!,Qué bueno que apareciste. ¡Tengo una idea!
DialogueMira/Dialogue_Mira_D3_Library_MiraGetBook_2_01,"Yes, stand right here.","Sí, párate justo aquí."
DialogueMira/Dialogue_Mira_D3_Library_MiraGetBook_2_02,<speed=0.3>Hmm...</speed> We just need a tiny bit more height...,<speed=0.3>Hmm...</speed> Solo necesitamos un poquito más de altura...
DialogueMira/Dialogue_Mira_D3_Library_MiraGetBook_2_03_Choice,Is this safe?,¿Esto es seguro?
DialogueMira/Dialogue_Mira_D3_Library_MiraGetBook_2_04,Of course it is!,¡Claro que sí!
DialogueMira/Dialogue_Mira_D3_Library_MiraGetBook_3_01,Move a little to the left... Trust me.,Muévete un poco a la izquierda... Confía en mí.
DialogueMira/Dialogue_Mira_D3_Library_MiraGetBook_3_02_Choice,Are you sure?,¿Estás segura?
DialogueMira/Dialogue_Mira_D3_Library_MiraGetBook_3_03,"Ruby, as a discerning mage...","Ruby, como maga perspicaz que soy..."
DialogueMira/Dialogue_Mira_D3_Library_MiraGetBook_3_04,...I’m quite adept at risk management.,...soy bastante hábil manejando riesgos.
DialogueMira/Dialogue_Mira_D3_Library_MiraGetBook_3_05,If we factor in our heights and weights...,Si tomamos en cuenta nuestras alturas y pesos...
DialogueMira/Dialogue_Mira_D3_Library_MiraGetBook_3_06,...this is the best solution!,...¡esta es la mejor solución!
DialogueMira/Dialogue_Mira_D3_Library_MiraGetBook_3_07_Choice,B-but...,P-pero...
DialogueMira/Dialogue_Mira_D3_Library_MiraGetBook_3_08,Shush! Focus!,¡Shh! ¡Concéntrate!
DialogueMira/Dialogue_Mira_D3_Library_MiraGetBook_4_01,Got it! What did I say!,¡Lo tengo! ¡Qué te dije!
DialogueMira/Dialogue_Mira_D3_Library_MiraGetBook_4_02,Uhh...<size=120%><shake a=0.5>Waaaaah!</shake></size>,Uhh...<size=120%><shake a=0.5>¡¡Aaaaah!!</shake></size>
DialogueMira/Dialogue_Mira_D3_Library_MiraGetBook_5_01,<shake a=0.3><speed=0.3>I...</speed></shake><speed=0.6><shake a=0.1> got it...</shake></speed>,<shake a=0.3><speed=0.3>Lo...</speed></shake><speed=0.6><shake a=0.1> tengo...</shake></speed>
DialogueMira/Dialogue_Mira_D3_Library_MiraGetBook_5_02,Ruby... Are you okay?,Ruby... ¿Estás bien?
DialogueMira/Dialogue_Mira_D3_Library_MiraGetBook_5_03_Choice,I’m alright...,Estoy bien...
DialogueMira/Dialogue_Mira_D3_Library_MiraGetBook_5_04,"My butt really hurts, but otherwise, I’m alright as well.","Me duele mucho el trasero, pero fuera de eso, yo también estoy bien."
DialogueMira/Dialogue_Mira_D3_Library_MiraGetBook_5_05,"It was a bumpy ride, but we got the book we came for!","Fue un viaje accidentado, ¡pero conseguimos el libro que buscábamos!"
DialogueMira/Dialogue_Mira_D3_Library_MiraGetBook_5_06,"Teamwork makes the dream work, right?","El trabajo en equipo hace que los sueños se cumplan, ¿no crees?"
DialogueMira/Dialogue_Mira_D3_Library_MiraGetBook_5_07_Choice,You call that teamwork?,¿A eso le llamas trabajo en equipo?
DialogueMira/Dialogue_Mira_D3_Library_MiraGetBook_5_08,"Hahaha, I like you, Ruby.","Jajaja, me caes bien, Ruby."
DialogueMira/Dialogue_Mira_D3_Library_MiraGetBook_6_01,Looks like it's about time. I should get going.,Parece que ya es hora. Debería irme.
DialogueMira/Dialogue_Mira_D3_Library_MiraGetBook_6_02,You can read this book once I’m done with it.,Puedes leer este libro cuando yo termine con él.
DialogueMira/Dialogue_Mira_D3_Library_MiraGetBook_6_03,"Well, see you next time!","¡Bueno, nos vemos la próxima!"
DialogueMira/Dialogue_Mira_D4_GoToLibraryWithMira1_01,Ruby!,¡Ruby!
DialogueMira/Dialogue_Mira_D4_GoToLibraryWithMira2_01,We meet again!,¡Nos volvemos a ver!
DialogueMira/Dialogue_Mira_D4_GoToLibraryWithMira2_02,Want to read together?,¿Quieres leer conmigo?
DialogueMira/Dialogue_Mira_D4_GoToLibraryWithMira2_03_Choice,Read?,¿Leer?
DialogueMira/Dialogue_Mira_D4_GoToLibraryWithMira2_04,That's right! I've found some more interesting books.,¡Así es! Encontré más libros interesantes.
DialogueMira/Dialogue_Mira_D4_GoToLibraryWithMira2_05_Choice,Sure.,Claro.
DialogueMira/Dialogue_Mira_D4_GoToLibraryWithMira2_06,Then let's go!,¡Entonces vamos!
DialogueMira/Dialogue_Mira_D4_Library_ReadBookWithMira_1_01,I have storybooks and encyclopedias. Where do you want to start?,Tengo libros de cuentos y enciclopedias. ¿Por dónde quieres empezar?
DialogueMira/Dialogue_Mira_D4_Library_ReadBookWithMira_1_02_Choice,The book from yesterday.,El libro de ayer.
DialogueMira/Dialogue_Mira_D4_Library_ReadBookWithMira_1_03,"The one from yesterday? It's a history book, and kind of a tough read.","¿El de ayer? Es un libro de historia, y es medio difícil de leer."
DialogueMira/Dialogue_Mira_D4_Library_ReadBookWithMira_1_04,Think you can handle it?,¿Crees que puedes con él?
DialogueMira/Dialogue_Mira_D4_Library_ReadBookWithMira_1_05_Choice,I’ve got it.,Puedo con él.
DialogueMira/Dialogue_Mira_D4_Library_ReadBookWithMira_1_06,Okay.,Bien.
DialogueMira/Dialogue_Mira_D4_Library_ReadBookWithMira_2_01,"Seems like you're struggling with this book, Ruby.","Parece que te está costando este libro, Ruby."
DialogueMira/Dialogue_Mira_D4_Library_ReadBookWithMira_2_02_Choice,So many words...,Cuántas palabras...
DialogueMira/Dialogue_Mira_D4_Library_ReadBookWithMira_2_03,"Haha... Well, it IS a record of historical events.","Jaja... bueno, ES un registro de sucesos históricos."
DialogueMira/Dialogue_Mira_D4_Library_ReadBookWithMira_2_04_Choice,Some pictures would help...,Unos dibujos ayudarían...
DialogueMira/Dialogue_Mira_D4_Library_ReadBookWithMira_2_05,Hmm...,Hmm...
DialogueMira/Dialogue_Mira_D4_Library_ReadBookWithMira_2_06,I have a great idea!,¡Tengo una gran idea!
DialogueMira/Dialogue_Mira_D4_Library_ReadBookWithMira_3_01,I can make it more interesting if I read it to you~,Puedo hacerlo más interesante si te lo leo yo~
DialogueMira/Dialogue_Mira_D4_Library_ReadBookWithMira_3_02_Choice,Mm-hm!,¡Mm-hm!
DialogueMira/Dialogue_Mira_D4_Library_ReadBookWithMira_3_03,The following events occurred before the Kingdom’s ban on magic...,Los siguientes hechos ocurrieron antes de que el Reino prohibiera la magia...
DialogueMira/Dialogue_Mira_D4_Library_ReadBookWithMira_4_1_1_01,The mage suspected of murdering multiple royals was Ann.,La maga sospechosa de asesinar a varios miembros de la realeza era Ann.
DialogueMira/Dialogue_Mira_D4_Library_ReadBookWithMira_4_1_2_01,"She fled west, deep into the forest, and disappeared without a trace.","Huyó hacia el oeste, internándose en el bosque, y desapareció sin dejar rastro."
DialogueMira/Dialogue_Mira_D4_Library_ReadBookWithMira_4_1_2_02,...I think...<speed=0.7> There’s also...<speed=0.5><shake a=0.1> Huh...?</shake>,...Creo...<speed=0.7> También hay...<speed=0.5><shake a=0.1> ¿Eh...?</shake>
DialogueMira/Dialogue_Mira_D4_Library_ReadBookWithMira_4_1_2_03,Went <speed=0.7>west into<speed=0.5> <shake a=0.1>the forest...</shake>,"Se fue <speed=0.7>al oeste, hacia<speed=0.5> <shake a=0.1>el bosque...</shake>"
DialogueMira/Dialogue_Mira_D4_Library_ReadBookWithMira_4_1_2_04,<speed=0.2><shake a=0.5>Beneath...<speed=0.1>which lies</shake><speed=0.2><shake a=1.8>...</shake>,<speed=0.2><shake a=0.5>Debajo...<speed=0.1>de lo cual yace</shake><speed=0.2><shake a=1.8>...</shake>
DialogueMira/Dialogue_Mira_D4_Library_ReadBookWithMira_4_2_01,Ughh...,Ughh...
DialogueMira/Dialogue_Mira_D4_Library_ReadBookWithMira_4_2_02_Choice,What’s wrong?,¿Qué pasa?
DialogueMira/Dialogue_Mira_D4_Library_ReadBookWithMira_4_2_03,"Nnh... Nothing, I’m just a little tired.","Nnh... Nada, solo estoy un poco cansada."
DialogueMira/Dialogue_Mira_D4_Library_ReadBookWithMira_4_2_04_Choice,Don’t push yourself too hard.,No te esfuerces demasiado.
DialogueMira/Dialogue_Mira_D4_Library_ReadBookWithMira_4_2_05,"Thanks, Ruby.","Gracias, Ruby."
DialogueMira/Dialogue_Mira_D4_Library_ReadBookWithMira_5_01,Looks like it's about time. Let's call it a day.,Parece que ya es hora. Dejémoslo por hoy.
DialogueMira/Dialogue_Mira_D4_Library_ReadBookWithMira_5_02,We should hang out again sometime~,Deberíamos vernos de nuevo en algún momento~
DialogueMira/Dialogue_Mira_D4_Library_ReadBookWithMira_NPC_Repeat_01,"Looks like it’s about time, let’s call it a day.","Parece que ya es hora, dejémoslo por hoy."
DialogueMira/Dialogue_Mira_D4_Library_ReadBookWithMira_NPC_Repeat_02,We should hang out again sometime~,Deberíamos vernos de nuevo en algún momento~
DialogueMira/Dialogue_Mira_D5_Corridor3_MirrorTime_1_01,Ruby! Over here!,¡Ruby! ¡Por aquí!
DialogueMira/Dialogue_Mira_D5_Corridor3_MirrorTime_2_01,We meet again!,¡Nos volvemos a ver!
DialogueMira/Dialogue_Mira_D5_Corridor3_MirrorTime_2_02,Mmh<speed=0.5>...,Mmh<speed=0.5>...
DialogueMira/Dialogue_Mira_D5_Corridor3_MirrorTime_2_03,<speed=0.5>Why do you...<speed=1> look so disheveled?,<speed=0.5>¿Por qué...<speed=1> te ves tan despeinada?
DialogueMira/Dialogue_Mira_D5_Corridor3_MirrorTime_2_04_Choice,It's a long story...,Es una historia larga...
DialogueMira/Dialogue_Mira_D5_Corridor3_MirrorTime_2_05,I have an idea!,¡Tengo una idea!
DialogueMira/Dialogue_Mira_D5_Corridor3_MirrorTime_3_01,"Come, sit on this chair.","Ven, siéntate en esta silla."
DialogueMira/Dialogue_Mira_D5_Corridor3_MirrorTime_3_02,...,...
DialogueMira/Dialogue_Mira_D5_Corridor3_MirrorTime_3_03,Hm? What’s that look supposed to mean?,¿Hm? ¿Qué se supone que significa esa cara?
DialogueMira/Dialogue_Mira_D5_Corridor3_MirrorTime_3_04,"<wave a=0.2>Don’t worry, don’t worry~</wave>","<wave a=0.2>Tranquila, tranquila~</wave>"
DialogueMira/Dialogue_Mira_D5_Corridor3_MirrorTime_4_01,So? Not too bad if I do say so myself~,"¿Y bien? Nada mal, si se me permite decirlo~"
DialogueMira/Dialogue_Mira_D5_Corridor3_MirrorTime_4_02,Hehe~,Jeje~
DialogueMira/Dialogue_Mira_D5_Corridor3_MirrorTime_4_03,Have you ever been told how pretty your pink hair is?,¿Alguna vez te dijeron lo lindo que es tu cabello rosado?
DialogueMira/Dialogue_Mira_D5_Corridor3_MirrorTime_4_04_Choice,Mom used to tell me that a lot.,Mi mamá me lo decía mucho.
DialogueMira/Dialogue_Mira_D5_Corridor3_MirrorTime_4_05,I see.,Ya veo.
DialogueMira/Dialogue_Mira_D5_Corridor3_MirrorTime_4_06,<speed=0.7>I really envy your bright-colored hair.,"<speed=0.7>La verdad, envidio tu cabello de color tan vivo."
DialogueMira/Dialogue_Mira_D5_Corridor3_MirrorTime_4_07_Choice,I really like purple.,A mí me encanta el morado.
DialogueMira/Dialogue_Mira_D5_Corridor3_MirrorTime_4_08,"Haha, really?","Jaja, ¿en serio?"
DialogueMira/Dialogue_Mira_D5_Corridor3_MirrorTime_4_09,Don’t let this color fool you! My hair used to be a much darker shade of purple.,¡No te dejes engañar por este color! Mi cabello solía ser de un morado mucho más oscuro.
DialogueMira/Dialogue_Mira_D5_Corridor3_MirrorTime_4_10,"But, I used magic to turn it bright purple.",Pero usé magia para volverlo de este morado brillante.
DialogueMira/Dialogue_Mira_D5_Corridor3_MirrorTime_4_11,"It doesn’t stop at my hair, either. The color of my clothes is also the result of my constant tweaking!",Y no se queda solo en el cabello. ¡El color de mi ropa también es resultado de mis constantes retoques!
DialogueMira/Dialogue_Mira_D5_Corridor3_MirrorTime_4_12,"Is there anything you want to tweak, Ruby?","¿Hay algo que quieras retocar, Ruby?"
DialogueMira/Dialogue_Mira_D5_Corridor3_MirrorTime_4_13_Choice,I want to be taller!,¡Quiero ser más alta!
DialogueMira/Dialogue_Mira_D5_Corridor3_MirrorTime_4_14,"<speed=0.7>Hmm...<speed=1> That might be a challenge, but if it’s just a color change...","<speed=0.7>Hmm...<speed=1> Eso podría ser todo un desafío, pero si solo es cambiar el color..."
DialogueMira/Dialogue_Mira_D5_Corridor3_MirrorTime_5_01,"Here, this is for you.","Toma, esto es para ti."
DialogueMira/Dialogue_Mira_D5_Corridor3_MirrorTime_5_02,This is a makeover mirror.,Este es un espejo de transformación.
DialogueMira/Dialogue_Mira_D5_Corridor3_MirrorTime_5_03,"Once you add the desired pigments,","Una vez que agregas los pigmentos que quieras,"
DialogueMira/Dialogue_Mira_D5_Corridor3_MirrorTime_5_04,it will create the corresponding magic to change its user’s colors!,¡crea la magia correspondiente para cambiar los colores de quien lo usa!
DialogueMira/Dialogue_Mira_D5_Corridor3_MirrorTime_5_05,It’s difficult to explain with just words...,Es difícil de explicar solo con palabras...
DialogueMira/Dialogue_Mira_D5_Corridor3_MirrorTime_5_06,"Anyway, you should give it a try!","De todos modos, ¡deberías probarlo!"
DialogueMira/Dialogue_Mira_D5_Corridor3_MirrorTime_5_07,"What do you think? Pretty awesome, right?","¿Qué te parece? Bastante genial, ¿no?"
DialogueMira/Dialogue_Mira_D5_Corridor3_MirrorTime_5_08,It’s a special kind of illusion magic.,Es un tipo especial de magia de ilusión.
DialogueMira/Dialogue_Mira_D5_Corridor3_MirrorTime_5_09,Visible only to you and me. Others can’t see it.,Solo tú y yo podemos verlo. Los demás no.
DialogueMira/Dialogue_Mira_D5_Corridor3_MirrorTime_5_10,Use it whenever you need it.,Úsalo cuando lo necesites.
DialogueMira/Dialogue_Mira_D5_Corridor3_MirrorTime_6_End_01,Time’s almost up. Let’s call it a day.,Ya casi se acaba el tiempo. Dejémoslo por hoy.
DialogueMira/Dialogue_Mira_D5_Corridor3_MirrorTime_6_End_02,We should hang out again sometime~,Deberíamos vernos de nuevo en algún momento~
DialogueMira/Dialogue_Mira_D6_Corridor3_GoToLibraryWithMira_1_01,Ruby!,¡Ruby!
DialogueMira/Dialogue_Mira_D6_Corridor3_GoToLibraryWithMira_2_01,We meet again!,¡Nos volvemos a ver!
DialogueMira/Dialogue_Mira_D6_Corridor3_GoToLibraryWithMira_2_02,What should we do today?,¿Qué hacemos hoy?
DialogueMira/Dialogue_Mira_D6_Corridor3_GoToLibraryWithMira_2_03_Choice,There's something I want to discuss.,Hay algo de lo que quiero hablar.
DialogueMira/Dialogue_Mira_D6_Corridor3_GoToLibraryWithMira_2_04,Sure.,Claro.
DialogueMira/Dialogue_Mira_D6_Corridor3_GoToLibraryWithMira_2_05,...,...
DialogueMira/Dialogue_Mira_D6_Corridor3_GoToLibraryWithMira_2_06,Then let’s go somewhere else.,Entonces vamos a otro lado.
DialogueMira/Dialogue_Mira_D6_Library_FakeFormTrueValue_1_01,<wave a=0.5>Aaah~</wave>,<wave a=0.5>Aaah~</wave>
DialogueMira/Dialogue_Mira_D6_Library_FakeFormTrueValue_1_02_Choice,What are you drinking?,¿Qué estás tomando?
DialogueMira/Dialogue_Mira_D6_Library_FakeFormTrueValue_1_03,Hot cocoa. Want a sip?,Chocolate caliente. ¿Quieres un sorbo?
DialogueMira/Dialogue_Mira_D6_Library_FakeFormTrueValue_2_01,<wave a=0.2>How do you like it?</wave>,<wave a=0.2>¿Qué te parece?</wave>
DialogueMira/Dialogue_Mira_D6_Library_FakeFormTrueValue_2_02_Choice,There's no flavor.,No tiene sabor.
DialogueMira/Dialogue_Mira_D6_Library_FakeFormTrueValue_2_03,<wave a=0.5>Hahaha.</wave>,<wave a=0.5>Jajaja.</wave>
DialogueMira/Dialogue_Mira_D6_Library_FakeFormTrueValue_2_04,"I love hot cocoa, <speed=0.7>but sadly<speed=1>, my magic can't recreate its flavor.","Me encanta el chocolate caliente, <speed=0.7>pero por desgracia<speed=1>, mi magia no puede recrear su sabor."
DialogueMira/Dialogue_Mira_D6_Library_FakeFormTrueValue_2_05,"It might not be real hot cocoa, <wait=1>but it’s nice to pretend it exists.","Puede que no sea chocolate caliente de verdad, <wait=1>pero es lindo fingir que existe."
DialogueMira/Dialogue_Mira_D6_Library_FakeFormTrueValue_2_06_Choice,...,...
DialogueMira/Dialogue_Mira_D6_Library_FakeFormTrueValue_2_07,"I thought you’d be more sympathetic, Ruby.","Pensé que serías más comprensiva, Ruby."
DialogueMira/Dialogue_Mira_D6_Library_FakeFormTrueValue_2_08,"So, what is it you want to discuss?","Entonces, ¿de qué querías hablar?"
DialogueMira/Dialogue_Mira_D6_Library_FakeFormTrueValue_2_09_Choice,It's about Roy's condition.,Es sobre el estado de Roy.
DialogueMira/Dialogue_Mira_D6_Library_FakeFormTrueValue_2_10,Your friend?,¿Tu amigo?
DialogueMira/Dialogue_Mira_D6_Library_FakeFormTrueValue_2_11_Choice,It's all my fault...,Es todo culpa mía...
DialogueMira/Dialogue_Mira_D6_Library_FakeFormTrueValue_2_12,Ruby...,Ruby...
DialogueMira/Dialogue_Mira_D6_Library_FakeFormTrueValue_2_13,Don’t blame it all on yourself.,No te eches toda la culpa a ti misma.
DialogueMira/Dialogue_Mira_D6_Library_FakeFormTrueValue_2_14,Roy's condition didn't develop overnight.,El estado de Roy no apareció de la noche a la mañana.
DialogueMira/Dialogue_Mira_D6_Library_FakeFormTrueValue_2_15,It isn't your fault.,No es tu culpa.
DialogueMira/Dialogue_Mira_D6_Library_FakeFormTrueValue_2_16_Choice,Mmh.,Mmh.
DialogueMira/Dialogue_Mira_D6_Library_FakeFormTrueValue_2_17,<speed=0.5>......,<speed=0.5>......
DialogueMira/Dialogue_Mira_D6_Library_FakeFormTrueValue_2_18,Roy's body was already severely battered.,El cuerpo de Roy ya estaba muy maltrecho.
DialogueMira/Dialogue_Mira_D6_Library_FakeFormTrueValue_2_19,"If left unattended, She will eventually take over his mind.","Si no se hace nada, Ella terminará por apoderarse de su mente."
DialogueMira/Dialogue_Mira_D6_Library_FakeFormTrueValue_2_20,If the Pureblood Crystal that supports his body is destroyed<speed=0.7>...<speed=1> he probably won't survive.,Si se destruye el Cristal de Sangre Pura que sostiene su cuerpo<speed=0.7>...<speed=1> probablemente no sobreviva.
DialogueMira/Dialogue_Mira_D6_Library_FakeFormTrueValue_2_21,Removing and not destroying the Pureblood Crystal is the only solution.,Extraer el Cristal de Sangre Pura sin destruirlo es la única solución.
DialogueMira/Dialogue_Mira_D6_Library_FakeFormTrueValue_2_22_Choice,But how?,¿Pero cómo?
DialogueMira/Dialogue_Mira_D6_Library_FakeFormTrueValue_2_23,<speed=0.3>...,<speed=0.3>...
DialogueMira/Dialogue_Mira_D6_Library_FakeFormTrueValue_2_24,<speed=0.4>I'm sorry. <speed=0.7>I'm also at a loss.,<speed=0.4>Lo siento. <speed=0.7>Yo tampoco sé qué hacer.
DialogueMira/Dialogue_Mira_D6_Library_FakeFormTrueValue_2_25_Choice,...Right.,...Está bien.
DialogueMira/Dialogue_Mira_D6_Library_FakeFormTrueValue_2_26,Looks like it’s about time for me to leave.,Parece que ya es hora de que me vaya.
DialogueMira/Dialogue_Mira_D6_Library_FakeFormTrueValue_2_27,See you around.,Nos vemos.
DialogueMira/Dialogue_Mira_D9_Corridor3_BackFromWitchRoom_1_01,Ruby! Are you okay? Did you find anything?,¡Ruby! ¿Estás bien? ¿Encontraste algo?
DialogueMira/Dialogue_Mira_D9_Corridor3_BackFromWitchRoom_2_01,<speed=0.8>...Strange remains and a tree with red eyes?,<speed=0.8>...¿Restos extraños y un árbol con ojos rojos?
DialogueMira/Dialogue_Mira_D9_Corridor3_BackFromWitchRoom_2_02,Did you pick up a piece of the tree's roots?,¿Recogiste un trozo de las raíces del árbol?
DialogueMira/Dialogue_Mira_D9_Corridor3_BackFromWitchRoom_2_03,<speed=0.7>Hmm...,<speed=0.7>Hmm...
DialogueMira/Dialogue_Mira_D9_Corridor3_BackFromWitchRoom_2_04_Choice,Think of something?,¿Se te ocurrió algo?
DialogueMira/Dialogue_Mira_D9_Corridor3_BackFromWitchRoom_2_05,"<speed=0.8>...<speed=1>Unfortunately, no.","<speed=0.8>...<speed=1>Lamentablemente, no."
DialogueMira/Dialogue_Mira_D9_Corridor3_BackFromWitchRoom_2_06,But the big tree you mentioned reminds me of a text.,Pero ese árbol enorme que mencionaste me recuerda a un texto.
DialogueMira/Dialogue_Mira_D9_Corridor3_BackFromWitchRoom_2_07,"In ancient mythology, there was a special tree called the Devouring Tree.",En la mitología antigua había un árbol especial llamado el Árbol Devorador.
DialogueMira/Dialogue_Mira_D9_Corridor3_BackFromWitchRoom_2_08,It’s said to be able to absorb magical substances.,Se dice que es capaz de absorber sustancias mágicas.
DialogueMira/Dialogue_Mira_D9_Corridor3_BackFromWitchRoom_2_09,<speed=0.6>That big tree you encountered...,<speed=0.6>Ese árbol enorme con el que te encontraste...
DialogueMira/Dialogue_Mira_D9_Corridor3_BackFromWitchRoom_2_10,It might be the Devouring Tree that absorbed some Pureblood.,"Podría ser el Árbol Devorador, y que haya absorbido algo de Sangre Pura."
DialogueMira/Dialogue_Mira_D9_Corridor3_BackFromWitchRoom_2_11,In that case<speed=0.8>...,En ese caso<speed=0.8>...
DialogueMira/Dialogue_Mira_D9_Corridor3_BackFromWitchRoom_2_12,...!,...!
DialogueMira/Dialogue_Mira_D9_Corridor3_BackFromWitchRoom_2_13,That root you brought back could be used to save your friend!,¡Esa raíz que trajiste podría usarse para salvar a tu amigo!
DialogueMira/Dialogue_Mira_D9_Corridor3_BackFromWitchRoom_2_14_Choice,How?,¿Cómo?
DialogueMira/Dialogue_Mira_D9_Corridor3_BackFromWitchRoom_2_15,You must destroy the Pureblood Crystal inside your friend.,Debes destruir el Cristal de Sangre Pura que tiene tu amigo dentro.
DialogueMira/Dialogue_Mira_D9_Corridor3_BackFromWitchRoom_2_16_Choice,The normal way?,¿De la forma normal?
DialogueMira/Dialogue_Mira_D9_Corridor3_BackFromWitchRoom_2_17,Not exactly. It needs to be destroyed from within.,No exactamente. Hay que destruirlo desde adentro.
DialogueMira/Dialogue_Mira_D9_Corridor3_BackFromWitchRoom_2_18,"Mmh... It’s hard to explain, but I’ll help you.","Mmh... Es difícil de explicar, pero te voy a ayudar."
DialogueMira/Dialogue_Mira_D9_Corridor3_BackFromWitchRoom_2_19,"When the time comes, you’ll know what to do.","Cuando llegue el momento, sabrás qué hacer."
DialogueMira/Dialogue_Mira_D9_Corridor3_BackFromWitchRoom_2_20,It’s getting late. You should get some rest.,Se está haciendo tarde. Deberías descansar.
DialogueMira/Dialogue_Mira_D9_Corridor3_BackFromWitchRoom_2_21,"Good night, Ruby.","Buenas noches, Ruby."
DialogueMira/Dialogue_Mira_D9_Corridor3_BackFromWitchRoom_2_22,<speed=0.8>...Strange remains and a tree with red eyes?,<speed=0.8>...¿Restos extraños y un árbol con ojos rojos?
DialogueMira/Dialogue_Mira_D9_Corridor3_ShowWitchRoom_1_01,I can’t go down with you.,No puedo bajar contigo.
DialogueMira/Dialogue_Mira_D9_Corridor3_ShowWitchRoom_1_02,I’m not even sure what dangers await...,Ni siquiera sé bien qué peligros te esperan ahí abajo...
DialogueMira/Dialogue_Mira_D9_Corridor3_ShowWitchRoom_1_03_Choice,I'll be fine.,Voy a estar bien.
DialogueMira/Dialogue_Mira_D9_Corridor3_ShowWitchRoom_2_01,Ruby.,Ruby.
DialogueMira/Dialogue_Mira_D9_Corridor3_ShowWitchRoom_2_02,<speed=0.6>Back when you decided<speed=0.8> to leave the White Space...,<speed=0.6>Cuando decidiste<speed=0.8> dejar el Espacio Blanco...
DialogueMira/Dialogue_Mira_D9_Corridor3_ShowWitchRoom_2_03,<speed=0.5>I thought<speed=0.7> you weren’t going to last very long.,<speed=0.5>Pensé<speed=0.7> que no ibas a durar mucho.
DialogueMira/Dialogue_Mira_D9_Corridor3_ShowWitchRoom_2_04,But now that you've come this far... you've proven your worth.,Pero ahora que llegaste tan lejos... demostraste tu valor.
DialogueMira/Dialogue_Mira_D9_Corridor3_ShowWitchRoom_2_05,That’s why I believe in you.,Por eso confío en ti.
DialogueMira/Dialogue_Mira_D9_Corridor3_ShowWitchRoom_2_06,Go on. I’ll wait here for your return!,Adelante. ¡Te esperaré aquí hasta que vuelvas!
DialogueMira/Dialogue_Mira_D9_Corridor3_ShowWitchRoom_NPC_01,Go on. I’ll wait here for your return!,Adelante. ¡Te esperaré aquí hasta que vuelvas!
DialogueMira/Dialogue_Mira_D9_NunRoom_MiraShowNunRoom_1_01,This used to be a nun's room.,Esto solía ser el cuarto de una monja.
DialogueMira/Dialogue_Mira_D9_NunRoom_MiraShowNunRoom_1_02,<speed=0.3>...,<speed=0.3>...
DialogueMira/Dialogue_Mira_D9_NunRoom_MiraShowNunRoom_1_03,Your friend made a pretty good guess.,Tu amigo acertó bastante bien.
DialogueMira/Dialogue_Mira_D9_NunRoom_MiraShowNunRoom_1_04,She wants the Rubinite.,Ella quiere la Rubinita.
DialogueMira/Dialogue_Mira_D9_NunRoom_MiraShowNunRoom_2_01,But that’s not all.,Pero eso no es todo.
DialogueMira/Dialogue_Mira_D9_NunRoom_MiraShowNunRoom_2_02,I want you to know Her real purpose...,Quiero que sepas cuál es Su verdadero propósito...
DialogueMira/Dialogue_Mira_D9_NunRoom_MiraShowNunRoom_2_03,...to know Her true colors.,...que conozcas Su verdadera naturaleza.
DialogueMira/Dialogue_Mira_D9_WakeRubyUp_1_01,...Wake up...,...Despierta...
DialogueMira/Dialogue_Mira_D9_WakeRubyUp_1_02,...Ruby.,...Ruby.
DialogueMira/Dialogue_Mira_D9_WakeRubyUp_2_01,"Ruby, wake up.","Ruby, despierta."
DialogueMira/Dialogue_Mira_D9_WakeRubyUp_3_01,Before you leave...,Antes de que te vayas...
DialogueMira/Dialogue_Mira_D9_WakeRubyUp_3_02,...there's something I need to show you.,...hay algo que necesito mostrarte.
DialogueMira/Dialogue_Mira_D9_WakeRubyUp_3_03,<speed=0.3>...,<speed=0.3>...
DialogueMira/Dialogue_Mira_D9_WakeRubyUp_3_04,I'll be waiting for you in the corridor.,Te estaré esperando en el pasillo.
DialogueMira/Dialogue_Mira_EndingSea_01,<size=120%>Ruby!</size>,<size=120%>¡Ruby!</size>
DialogueMira/Dialogue_Mira_EndingSea_02,<speed=0.6>Mira?</speed>,<speed=0.6>¿Mira?</speed>
DialogueMira/Dialogue_Mira_EndingSea_03,Thank you...,Gracias...
DialogueMira/Dialogue_Mira_EndingSea_04,"Even though I was born of an illusion, I am truly happy to have met you.","Aunque nací de una ilusión, de verdad soy feliz de haberte conocido."
DialogueMira/Dialogue_Mira_EndingSea_04_2,"The illusion's magic will soon dissipate, and I<speed=0.1f>...</speed><speed=0.2f> along with it...","La magia de la ilusión pronto se disipará, y yo<speed=0.1f>...</speed><speed=0.2f> me iré con ella..."
DialogueMira/Dialogue_Mira_EndingSea_05,<speed=0.2f>...Goodbye.,<speed=0.2f>...Adiós.
DialogueMira/Dialogue_Mira_MasterSceneCamp_00_01,Roy should be fine now.,Roy ya debería estar bien.
DialogueMira/Dialogue_Mira_MasterSceneCamp_00_02_Choice,Thank you.,Gracias.
DialogueMira/Dialogue_Mira_MasterSceneCamp_00_03,You have a wonderful group of friends. You must cherish them...,Tienes un grupo de amigos maravilloso. Debes atesorarlos...
DialogueMira/Dialogue_Mira_MasterSceneCamp_01,About me and the tree root… best keep that from your friends for now.,Sobre mí y la raíz del árbol... mejor que por ahora no se lo cuentes a tus amigos.
DialogueMira/Dialogue_Mira_MasterSceneCamp_02,This current situation will be really hard to explain...,Esta situación va a ser muy difícil de explicar...
DialogueMira/Dialogue_Mira_MasterSceneCamp_03,"Also, this root has absorbed Pureblood powers, so I hope you can keep it safe.","Además, esta raíz absorbió poderes de la Sangre Pura, así que espero que la mantengas a salvo."
DialogueMira/Dialogue_Mira_MasterSceneCamp_04_Choice,Okay.,Está bien.
DialogueMira/Dialogue_Mira_MasterSceneCamp_05,Mmh.,Mmh.
DialogueMira/Dialogue_Mira_MasterSceneCamp_06,All that's left now is to confront Her.,Ya solo queda enfrentarla a Ella.
DialogueMira/Dialogue_Mira_MasterSceneCamp_07,My abilities are limited and I can’t help you in a fight.,Mis habilidades son limitadas y no puedo ayudarte en una pelea.
DialogueMira/Dialogue_Mira_MasterSceneCamp_08,But I’ll do my best to support you.,Pero haré todo lo posible por apoyarte.
DialogueMira/Dialogue_Mira_MasterSceneCamp_09_Choice,Mm-hm!,¡Mm-hm!
DialogueMira/Dialogue_Mira_MasterSceneCamp_10,Let’s go!,¡Vamos!
DialogueMira/Dialogue_Mira_Memory_NunRoomN_Story_1_01,"<speed=0.7>Once upon a time,<speed=0.8> a girl wandered alone into the forest.","<speed=0.7>Había una vez,<speed=0.8> una niña que se adentró sola en el bosque."
DialogueMira/Dialogue_Mira_Memory_NunRoomN_Story_1_2_01,<speed=0.7>She had neither friends nor family.,<speed=0.7>No tenía amigos ni familia.
DialogueMira/Dialogue_Mira_Memory_NunRoomN_Story_1_2_02,<speed=0.7>She sat wearily upon a large tree.,"<speed=0.7>Se sentó, agotada, junto a un gran árbol."
DialogueMira/Dialogue_Mira_Memory_NunRoomN_Story_1_3_01,That’s when a nun passed by and noticed the girl.,Fue entonces cuando una monja pasó por ahí y notó a la niña.
DialogueMira/Dialogue_Mira_Memory_NunRoomN_Story_1_4_01,<speed=0.7>The girl was hostile to the stranger before her.,<speed=0.7>La niña se mostró hostil ante la desconocida frente a ella.
DialogueMira/Dialogue_Mira_Memory_NunRoomN_Story_1_5_01,<speed=0.7>But she soon collapsed from exhaustion.,"<speed=0.7>Pero pronto se desplomó, agotada."
DialogueMira/Dialogue_Mira_Memory_NunRoomN_Story_2_01,The nun brought the girl to the monastery in the forest.,La monja llevó a la niña al monasterio del bosque.
DialogueMira/Dialogue_Mira_Memory_NunRoomN_Story_2_2_01,<speed=0.7>She provided her with food and water.,<speed=0.7>Le dio comida y agua.
DialogueMira/Dialogue_Mira_Memory_NunRoomN_Story_2_3_01,<speed=0.7>The nun wasn’t afraid of the girl.,<speed=0.7>La monja no le tenía miedo a la niña.
DialogueMira/Dialogue_Mira_Memory_NunRoomN_Story_2_3_02,"<speed=0.7>In fact, she was curious about her abilities.","<speed=0.7>De hecho, sentía curiosidad por sus habilidades."
DialogueMira/Dialogue_Mira_Memory_NunRoomN_Story_3_01,"<speed=0.6>As they spent more time together, they came to understand each other.","<speed=0.6>A medida que pasaban más tiempo juntas, llegaron a comprenderse la una a la otra."
DialogueMira/Dialogue_Mira_Memory_NunRoomN_Story_3_02,<speed=0.6>This was the first time the girl felt a sense of belonging.,<speed=0.6>Era la primera vez que la niña sentía que pertenecía a algún lugar.
DialogueMira/Dialogue_Mira_Memory_NunRoomN_Story_3_2_01,"<speed=0.6>But in the end, everything changed. The nun was long gone.","<speed=0.6>Pero al final, todo cambió. La monja ya llevaba mucho tiempo sin estar."
DialogueMira/Dialogue_Mira_Memory_NunRoomN_Story_3_3_01,<speed=0.6>The girl could only deceive herself through illusions...,<speed=0.6>La niña solo pudo engañarse a sí misma con ilusiones...
DialogueMira/Dialogue_Mira_Memory_NunRoomN_Story_3_4_01,<speed=0.5>...allowing<shake a=0.1> the desire</shake><shake a=0.3> to change</shake><shake a=0.5> the world</shake><shake a=0.6> to take root.</shake>,<speed=0.5>...dejando que<shake a=0.1> el deseo</shake><shake a=0.3> de cambiar</shake><shake a=0.5> el mundo</shake><shake a=0.6> echara raíces.</shake>
DialogueMira/Dialogue_Mira_Memory_NunRoomN_Story_3_4_02,Imagine if you could make everything you ever wanted come true.,Imagina si pudieras hacer realidad todo lo que siempre quisiste.
DialogueMira/Dialogue_Mira_Memory_NunRoom_Dia_1_01,"Well, that's what She<speed=0.7> wants...","Bueno, eso es lo que Ella<speed=0.7> quiere..."
DialogueMira/Dialogue_Mira_Memory_NunRoom_Dia_1_02,"She wants to harness the power of the Rubinite,","Quiere aprovechar el poder de la Rubinita,"
DialogueMira/Dialogue_Mira_Memory_NunRoom_Dia_1_03,and create illusion magic powerful enough to reshape the world in her ideal image.,y crear una magia de ilusión lo bastante poderosa para rehacer el mundo a su imagen ideal.
DialogueMira/Dialogue_Mira_Memory_NunRoom_Dia_2_01,<speed=0.6>...,<speed=0.6>...
DialogueMira/Dialogue_Mira_Memory_NunRoom_Dia_2_02_Choice,Mira?,¿Mira?
DialogueMira/Dialogue_Mira_Memory_NunRoom_Dia_3_01,<speed=0.6>I'm sorry.<speed=0.8> I've been keeping this from you...,<speed=0.6>Lo siento.<speed=0.8> Te lo he estado ocultando...
DialogueMira/Dialogue_Mira_Memory_NunRoom_Dia_3_02,...But I’m<speed=0.6> actually Alcina.,...Pero en realidad<speed=0.6> soy Alcina.
DialogueMira/Dialogue_Mira_Memory_NunRoom_Dia_3_03_Choice,?!,?!
DialogueMira/Dialogue_Mira_Memory_NunRoom_Dia_3_04,"<speed=0.7>To be precise, I am an ""ideal self"" created by Alcina.","<speed=0.7>Para ser precisos, soy un ""yo ideal"" creado por Alcina."
DialogueMira/Dialogue_Mira_Memory_NunRoom_Dia_3_05_Choice,I don’t understand...,No entiendo...
DialogueMira/Dialogue_Mira_Memory_NunRoom_Dia_4_01,Alcina's obsession with an ideal world led her to create me unconsciously.,La obsesión de Alcina con un mundo ideal la llevó a crearme sin darse cuenta.
DialogueMira/Dialogue_Mira_Memory_NunRoom_Dia_4_02,"I possess some of her memories, as well as false memories belonging to her ""ideal world.""","Tengo algunos de sus recuerdos, además de recuerdos falsos que pertenecen a su ""mundo ideal""."
DialogueMira/Dialogue_Mira_Memory_NunRoom_Dia_4_03,"<speed=0.5><shake a=0.1>I...</shake><speed=1>I want to help you, Ruby.","<speed=0.5><shake a=0.1>Yo...</shake><speed=1>quiero ayudarte, Ruby."
DialogueMira/Dialogue_Mira_Memory_NunRoom_Dia_4_04,There’s a missing part of our memory.,Hay una parte de nuestra memoria que falta.
DialogueMira/Dialogue_Mira_Memory_NunRoom_Dia_4_05,Beneath the monastery lies something I can neither touch nor recall.,Debajo del monasterio hay algo que no puedo tocar ni recordar.
DialogueMira/Dialogue_Mira_Memory_NunRoom_Dia_4_06,The link between it and the Pureblood Crystal might be the key to saving your friend.,La conexión entre eso y el Cristal de Sangre Pura podría ser la clave para salvar a tu amigo.
DialogueMira/Dialogue_Mira_Memory_NunRoom_Dia_4_07_Choice,Take me there!,¡Llévame ahí!
DialogueMira/Dialogue_Mira_Memory_NunRoom_Dia_4_08,Let’s go!,¡Vamos!
DialogueMira/Dialogue_Mira_QueenSceneCamp_01,Let's... take a short break...,Vamos... a descansar un momento...
DialogueMira/Dialogue_Mira_QueenSceneCamp_02_Choice,Where are we?,¿Dónde estamos?
DialogueMira/Dialogue_Mira_QueenSceneCamp_03,We're in a special space created by Her.,Estamos en un espacio especial creado por Ella.
DialogueMira/Dialogue_Mira_QueenSceneCamp_04,"It’s made of illusion, but exists in the real world.","Está hecho de ilusión, pero existe en el mundo real."
DialogueMira/Dialogue_Mira_QueenSceneCamp_05,She probably wants to keep us locked in here.,Seguramente quiere mantenernos encerradas aquí.
DialogueMira/Dialogue_Mira_QueenSceneCamp_06_Choice,What's this weird talisman?,¿Qué es este talismán tan raro?
DialogueMira/Dialogue_Mira_QueenSceneCamp_07,What do you have there?,¿Qué tienes ahí?
DialogueMira/Dialogue_Mira_QueenSceneCamp_08,"It has some magical power, but I can't detect it fully...","Tiene algo de poder mágico, pero no logro detectarlo del todo..."
DialogueMira/Dialogue_Mira_QueenSceneCamp_09,Where did you find it?,¿Dónde lo encontraste?
DialogueMira/Dialogue_Mira_QueenSceneCamp_10_Choice,It appeared out of nowhere...,Apareció de la nada...
DialogueMira/Dialogue_Mira_QueenSceneCamp_11,Is that right? Could it be...?,¿En serio? ¿Será que...?
DialogueMira/Dialogue_Mira_QueenSceneCamp_12,Hmm...,Hmm...
DialogueMira/Dialogue_Mira_QueenSceneCamp_13,Well it doesn't seem sinister. Maybe it could be useful as a talisman.,"Bueno, no parece siniestro. Tal vez sirva como talismán."
DialogueMira/Dialogue_Mira_QueenSceneCamp_14_Choice,Are you okay?,¿Estás bien?
DialogueMira/Dialogue_Mira_QueenSceneCamp_15,I'll be fine...,Voy a estar bien...
DialogueMira/Dialogue_Mira_QueenSceneCamp_16,...,...
DialogueMira/Dialogue_Mira_QueenSceneCamp_17,Ruby...,Ruby...
DialogueMira/Dialogue_Mira_QueenSceneCamp_18,"Before I met you, I existed in the ideal world within Her.","Antes de conocerte, yo existía en el mundo ideal dentro de Ella."
DialogueMira/Dialogue_Mira_QueenSceneCamp_19,"These memories might just be fabrications,","Puede que estos recuerdos sean solo invenciones,"
DialogueMira/Dialogue_Mira_QueenSceneCamp_20,but I nevertheless experienced them as if they were real.,pero aun así los viví como si fueran reales.
DialogueMira/Dialogue_Mira_QueenSceneCamp_21,"Her world might've been without pain or sorrow, but it was a boring world.","El mundo de Ella tal vez no tenía dolor ni tristeza, pero era un mundo aburrido."
DialogueMira/Dialogue_Mira_QueenSceneCamp_22,"As long as there exist people with different points of view, perfection is impossible.","Mientras existan personas con puntos de vista distintos, la perfección es imposible."
DialogueMira/Dialogue_Mira_QueenSceneCamp_23,"The price of perfection is a loss of self. No conflict, no rejection, no differences.","El precio de la perfección es perder la identidad propia. Sin conflicto, sin rechazo, sin diferencias."
DialogueMira/Dialogue_Mira_QueenSceneCamp_24,Every trace of intent is erased.,Se borra todo rastro de voluntad.
DialogueMira/Dialogue_Mira_QueenSceneCamp_25,...I hate that kind of world.,...Odio ese tipo de mundo.
DialogueMira/Dialogue_Mira_QueenSceneCamp_26_Choice,Mira...,Mira...
DialogueMira/Dialogue_Mira_QueenSceneCamp_27,"And just when I realized all this, I woke up in the monastery.","Y justo cuando me di cuenta de todo esto, desperté en el monasterio."
DialogueMira/Dialogue_Mira_QueenSceneCamp_28,That’s when I met you.,Fue ahí cuando te conocí.
DialogueMira/Dialogue_Mira_QueenSceneCamp_29,It was the first time I made a friend like you.,Era la primera vez que hacía una amiga como tú.
DialogueMira/Dialogue_Mira_QueenSceneCamp_30,I don't want you to live in such a souless world.,No quiero que vivas en un mundo tan sin alma.
DialogueMira/Dialogue_Mira_QueenSceneCamp_31_Choice,We have to stop her.,Tenemos que detenerla.
DialogueMira/Dialogue_Mira_QueenSceneCamp_32,Mmh.,Mmh.
DialogueMira/Dialogue_Mira_QueenSceneCamp_33,I can help you leave this place.,Puedo ayudarte a salir de este lugar.
DialogueMira/Dialogue_Mira_QueenSceneCamp_34,However...,Sin embargo...
DialogueMira/Dialogue_Mira_QueenSceneCamp_35,I won't be able to maintain this form for much longer.,No voy a poder mantener esta forma por mucho más tiempo.
DialogueMira/Dialogue_Mira_QueenSceneCamp_36,You’ll have to face Her on your own.,Vas a tener que enfrentarla a Ella tú sola.
DialogueMira/Dialogue_Mira_QueenSceneCamp_37_Choice,No problem. I won’t lose.,No hay problema. No voy a perder.
DialogueMira/Dialogue_Mira_QueenSceneCamp_38,Let’s go!,¡Vamos!
DialogueMira/Dialogue_Mira_QueenSceneCamp_39,I believe in you!,¡Confío en ti!
DialogueMira/Dialogue_Mira_WhiteRoom_01,"Ruby, you’re finally awake.","Ruby, por fin despertaste."
DialogueMira/Dialogue_Mira_WhiteRoom_02,...,...
DialogueMira/Dialogue_Mira_WhiteRoom_03,"Don't worry, you're out of Her control now.","Tranquila, ya estás fuera de Su control."
DialogueMira/Dialogue_Mira_WhiteRoom_04,Everything in this White Space is real.,Todo en este Espacio Blanco es real.
DialogueMira/Dialogue_Mira_WhiteRoom_05_Choice,Who are you?,¿Quién eres?
DialogueMira/Dialogue_Mira_WhiteRoom_06,...,...
DialogueMira/Dialogue_Mira_WhiteRoom_07,I... don’t have a name...,Yo... no tengo nombre...
DialogueMira/Dialogue_Mira_WhiteRoom_08,My identity isn’t important.,Mi identidad no importa.
DialogueMira/Dialogue_Mira_WhiteRoom_09_Choice,You know me?,¿Me conoces?
DialogueMira/Dialogue_Mira_WhiteRoom_10,"Of course, I’ve been watching you, Ruby.","Por supuesto, te he estado observando, Ruby."
DialogueMira/Dialogue_Mira_WhiteRoom_11,B-but not as a creepy voyeur or anything...,P-pero no como una mirona rara ni nada de eso...
DialogueMira/Dialogue_Mira_WhiteRoom_12_Choice,Where are we?,¿Dónde estamos?
DialogueMira/Dialogue_Mira_WhiteRoom_13,This is the White Space.,Este es el Espacio Blanco.
DialogueMira/Dialogue_Mira_WhiteRoom_14,The gap between your dreams and an illusory plane.,El espacio entre tus sueños y un plano ilusorio.
DialogueMira/Dialogue_Mira_WhiteRoom_15,"In the real world, you’re still asleep.","En el mundo real, todavía estás dormida."
DialogueMira/Dialogue_Mira_WhiteRoom_16_Choice,Illusory plane?,¿Plano ilusorio?
DialogueMira/Dialogue_Mira_WhiteRoom_17,That’s right.,Así es.
DialogueMira/Dialogue_Mira_WhiteRoom_18,The illusory plane combines real-world parameters with illusion magic.,El plano ilusorio combina parámetros del mundo real con magia de ilusión.
DialogueMira/Dialogue_Mira_WhiteRoom_19,Everything you experienced over this time period was an illusion.,Todo lo que viviste durante este tiempo fue una ilusión.
DialogueMira/Dialogue_Mira_WhiteRoom_20,But what you experienced closely resembles what will soon happen in the real world.,Pero lo que viviste se parece mucho a lo que pronto va a pasar en el mundo real.
DialogueMira/Dialogue_Mira_WhiteRoom_21_Choice,I don’t understand...,No entiendo...
DialogueMira/Dialogue_Mira_WhiteRoom_22,Haha... It is a bit complicated.,"Jaja... Sí, es un poco complicado."
DialogueMira/Dialogue_Mira_WhiteRoom_23_Choice,"Who's ""her""?","¿Quién es ""ella""?"
DialogueMira/Dialogue_Mira_WhiteRoom_24,You refer to Her as the Witch.,Tú te refieres a Ella como la Bruja.
DialogueMira/Dialogue_Mira_WhiteRoom_25,She’s the one behind this dream world and illusory plane.,Ella es quien está detrás de este mundo de sueños y del plano ilusorio.
DialogueMira/Dialogue_Mira_WhiteRoom_26_Choice,Why would she do that?,¿Por qué haría algo así?
DialogueMira/Dialogue_Mira_WhiteRoom_27,This entire illusion exists for a single purpose...,Toda esta ilusión existe con un único propósito...
DialogueMira/Dialogue_Mira_WhiteRoom_28,"To trap you, Ruby.","Atraparte a ti, Ruby."
DialogueMira/Dialogue_Mira_WhiteRoom_29,She wants you to think that everything’s going according to plan.,Quiere que creas que todo está saliendo según lo planeado.
DialogueMira/Dialogue_Mira_WhiteRoom_30,"Defeating your enemies, reclaiming the kingdom, and achieving your happy ending.","Derrotar a tus enemigos, recuperar el reino, y conseguir tu final feliz."
DialogueMira/Dialogue_Mira_WhiteRoom_31,"Once you relinquish that last bit of doubt and accept the illusions, that’s when you lose yourself.","En cuanto abandones esa última duda y aceptes las ilusiones, ahí es cuando te pierdes a ti misma."
DialogueMira/Dialogue_Mira_WhiteRoom_32,You’ll be forever trapped in that dream.,Quedarás atrapada en ese sueño para siempre.
DialogueMira/Dialogue_Mira_WhiteRoom_33_Choice,Forever...,Para siempre...
DialogueMira/Dialogue_Mira_WhiteRoom_34,"I tried several times to contact you, but it never worked.","Intenté contactarte varias veces, pero nunca funcionó."
DialogueMira/Dialogue_Mira_WhiteRoom_35,"Luckily, a flaw appeared in Her spell that allowed me to break the illusion.","Por suerte, apareció una falla en Su hechizo que me permitió romper la ilusión."
DialogueMira/Dialogue_Mira_WhiteRoom_36_Choice,Thanks for helping me.,Gracias por ayudarme.
DialogueMira/Dialogue_Mira_WhiteRoom_37,"I... just can’t stand these phony illusions anymore, that’s all.","Yo... simplemente ya no soporto estas ilusiones falsas, eso es todo."
DialogueMira/Dialogue_Mira_WhiteRoom_38_Choice,I want to get out of here.,Quiero salir de aquí.
DialogueMira/Dialogue_Mira_WhiteRoom_39,Leaving already?,¿Ya te vas?
DialogueMira/Dialogue_Mira_WhiteRoom_40_Choice,There's something I have to do.,Hay algo que tengo que hacer.
DialogueMira/Dialogue_Mira_WhiteRoom_41,"You may be able to defeat the Bloodstained in the illusory plane,","Puede que logres derrotar a los Ensangrentados en el plano ilusorio,"
DialogueMira/Dialogue_Mira_WhiteRoom_42,but the real world won’t be so forgiving.,pero el mundo real no será tan indulgente.
DialogueMira/Dialogue_Mira_WhiteRoom_43,Your small size and fragility give you no margin for error.,Tu tamaño pequeño y tu fragilidad no te dejan margen de error.
DialogueMira/Dialogue_Mira_WhiteRoom_44,She will not let you off the hook.,Ella no te va a dejar en paz.
DialogueMira/Dialogue_Mira_WhiteRoom_45,You will die.,Vas a morir.
DialogueMira/Dialogue_Mira_WhiteRoom_46_Choice,I won’t.,No lo haré.
DialogueMira/Dialogue_Mira_WhiteRoom_47,...,...
DialogueMira/Dialogue_Mira_WhiteRoom_48,"If that's what you want, I won't stop you.","Si eso es lo que quieres, no voy a detenerte."
DialogueMira/Dialogue_Mira_WhiteRoom_49_Choice,"No, it’s nothing.","No, no es nada."
DialogueMira/Dialogue_Mira_WhiteRoom_50,Do you need something?,¿Necesitas algo?
DialogueMira/Saysomething_Mira_1,"You know... no matter how far you walk, you won’t be able to leave...","¿Sabes?... no importa cuánto camines, no vas a poder salir..."
DialogueMira/Saysomething_Mira_2,...,...
DialogueMira/Saysomething_Mira_3,Ruby... you’re even weirder than I thought...,Ruby... eres incluso más rara de lo que pensaba...
DialogueQueenLevel/Dialogue_QueenLevel_Appear_1_01,"Ruby, she...","Ruby, ella..."
DialogueQueenLevel/Dialogue_QueenLevel_Appear_1_02_Choice,Mom...,Mamá...
DialogueQueenLevel/Dialogue_QueenLevel_Appear_1_03,She's already become a Bloodstained.,Ya se convirtió en una Ensangrentada.
DialogueQueenLevel/Dialogue_QueenLevel_Appear_1_04,But that’s not all...,Pero eso no es todo...
DialogueQueenLevel/Dialogue_QueenLevel_Appear_1_05,Something's approaching from behind her...,Algo se acerca detrás de ella...
DialogueQueenLevel/Dialogue_QueenLevel_Appear_1_06,"It’s here, Ruby!","¡Ya está aquí, Ruby!"
DialogueQueenLevel/Dialogue_QueenLevel_Appear_Before_1_01,Mom?,¿Mamá?
DialogueQueenLevel/Dialogue_QueenLevel_Disappear_1_01,Ruby...,Ruby...
DialogueQueenLevel/Dialogue_QueenLevel_Disappear_1_02,...,...
DialogueQueenLevel/Dialogue_QueenLevel_Disappear_2_01,"It’s all okay now, Ruby.","Ya está todo bien, Ruby."
DialogueQueenLevel/Dialogue_QueenLevel_Disappear_3_01,You’ll soon be able to live happily together with your parents.,Pronto podrás vivir feliz junto a tus padres.
DialogueQueenLevel/Dialogue_QueenLevel_Disappear_3_02_Choice,...,...
DialogueQueenLevel/Dialogue_QueenLevel_Disappear_3_03,Your friends can also live the lives they desire.,Tus amigos también podrán vivir la vida que deseen.
DialogueQueenLevel/Dialogue_QueenLevel_Disappear_3_03_02,"This is the outcome you wanted, right?","Este es el resultado que querías, ¿verdad?"
DialogueQueenLevel/Dialogue_QueenLevel_Disappear_3_04_Choice,I...,Yo...
DialogueQueenLevel/Dialogue_QueenLevel_Disappear_3_05,I will create a perfect world.,Voy a crear un mundo perfecto.
DialogueQueenLevel/Dialogue_QueenLevel_Disappear_3_06,"One without pain, hate or farewells.","Uno sin dolor, sin odio ni despedidas."
DialogueQueenLevel/Dialogue_QueenLevel_Disappear_3_06_01,A world where everyone’s wishes can all come true.,Un mundo donde todos los deseos se puedan cumplir.
DialogueQueenLevel/Dialogue_QueenLevel_Disappear_3_06_02,"Make the right choice, Ruby.","Toma la decisión correcta, Ruby."
DialogueQueenLevel/Dialogue_QueenSceneCamp_BackFromBloodSea_1_01,"Come, Ruby.","Ven, Ruby."
DialogueQueenLevel/Dialogue_QueenSceneCamp_BackFromBloodSea_1_02_Choice,<size=150%>No...,<size=150%>No...
DialogueQueenLevel/Dialogue_QueenSceneCamp_BackFromBloodSea_1_03,...,...
DialogueQueenLevel/Dialogue_QueenSceneCamp_BackFromBloodSea_1_04,Your so-called ideal world is nothing more than your personal fantasy.,Tu supuesto mundo ideal no es más que una fantasía tuya.
DialogueQueenLevel/Dialogue_QueenSceneCamp_BackFromBloodSea_1_05,I will never live in a world controlled by you!,¡Jamás voy a vivir en un mundo controlado por ti!
DialogueQueenLevel/Dialogue_QueenSceneCamp_BackFromBloodSea_1_06,What a pity.,Qué lástima.
DialogueQueenLevel/Dialogue_QueenSceneCamp_BackFromBloodSea_2_01,<size=150%>Watch out!,<size=150%>¡Cuidado!
DialogueQueenLevel/Dialogue_QueenSceneCamp_BackFromBloodSea_3_01,Unh...,Unh...
DialogueQueenLevel/Dialogue_QueenSceneCamp_BackFromBloodSea_3_02,Who... in the world are you...?,¿Quién... rayos eres tú...?
DialogueQueenLevel/Dialogue_QueenSceneCamp_BackFromBloodSea_3_03,"Again and again, you keep tearing my spells apart.","Una y otra vez, sigues destrozando mis hechizos."
DialogueQueenLevel/Dialogue_QueenSceneCamp_BackFromBloodSea_3_04,...,...
DialogueQueenLevel/Dialogue_QueenSceneCamp_BackFromBloodSea_3_05,Never mind. What you are doesn’t matter. I’ll...,No importa. Lo que seas no importa. Voy a...
DialogueQueenLevel/Dialogue_QueenSceneCamp_BackFromBloodSea_3_06,...What?!,...¡¿Qué?!
DialogueQueenLevel/Dialogue_QueenSceneCamp_BackFromBloodSea_3_07,What have you done?,¿Qué has hecho?
DialogueQueenLevel/Dialogue_QueenSceneCamp_BackFromBloodSea_4_01,?!,?!
DialogueQueenLevel/Dialogue_QueenSceneCamp_BackFromBloodSea_4_02,Hah... I kicked her out for a bit...,Hah... La eché por un momento...
DialogueQueenLevel/Dialogue_QueenSceneCamp_BackFromBloodSea_4_03,Y-your body...,T-tu cuerpo...
DialogueQueenLevel/Dialogue_QueenSceneCamp_BackFromBloodSea_4_04,It’ll be fine...,Voy a estar bien...
DialogueQueenLevel/Dialogue_QueenSceneCamp_BackFromBloodSea_4_05,I just... need some rest...,Solo... necesito descansar...
DialogueRoy/Dialogue_Roy_Execution_2_01,"Ruby, touch him now!","¡Ruby, tócalo ahora!"
DialogueRoy/Dialogue_Roy_MasterExecutionLevel_End_01,"<speed=0.7>Well done, Ruby.</speed>","<speed=0.7>Bien hecho, Ruby.</speed>"
DialogueRoy/Dialogue_Roy_MasterExecutionLevel_Memory_1_01,Roy.,Roy.
DialogueRoy/Dialogue_Roy_MasterExecutionLevel_Memory_1_02,Roy.,Roy.
DialogueRoy/Dialogue_Roy_MasterExecutionLevel_Memory_2_01,<size=150%><shake a=1>Roy!!!</shake>,<size=150%><shake a=1>¡¡¡Roy!!!</shake>
DialogueRoy/Dialogue_Roy_MasterExecutionLevel_Memory_2_02,L-Lily?,¿L-Lily?
DialogueRoy/Dialogue_Roy_MasterExecutionLevel_Memory_3_01,Are you listening to me...?,¿Me estás escuchando...?
DialogueRoy/Dialogue_Roy_MasterExecutionLevel_Memory_3_02,Or are you spacing out again?!,¡¿O te volviste a quedar en las nubes?!
DialogueRoy/Dialogue_Roy_MasterExecutionLevel_Memory_3_03,No... I was just...,No... Solo estaba...
DialogueRoy/Dialogue_Roy_MasterExecutionLevel_Memory_3_04,...,...
DialogueRoy/Dialogue_Roy_MasterExecutionLevel_Memory_3_05,"I’m sorry, I was thinking about something else.","Perdón, estaba pensando en otra cosa."
DialogueRoy/Dialogue_Roy_MasterExecutionLevel_Memory_3_06,You don't have to apologize for that. But anyway...,No hace falta que te disculpes por eso. Pero bueno...
DialogueRoy/Dialogue_Roy_MasterExecutionLevel_Memory_4_01,<color=#525252>...why is there just bread and vegetable soup?,<color=#525252>...¿por qué solo hay pan y sopa de verduras?
DialogueRoy/Dialogue_Roy_MasterExecutionLevel_Memory_4_02,Haven't you forgotten something important...?,¿No se te olvidó algo importante...?
DialogueRoy/Dialogue_Roy_MasterExecutionLevel_Memory_4_03,Something important?,¿Algo importante?
DialogueRoy/Dialogue_Roy_MasterExecutionLevel_Memory_4_04,Surely you remember...,Seguro te acuerdas...
DialogueRoy/Dialogue_Roy_MasterExecutionLevel_Memory_4_05,<speed=0.5>The all-important...,<speed=0.5>Lo más importante de todo...
DialogueRoy/Dialogue_Roy_MasterExecutionLevel_Memory_4_06,<size=150%><shake a=1>Marshmallows!</shake>,<size=150%><shake a=1>¡Los malvaviscos!</shake>
DialogueRoy/Dialogue_Roy_MasterExecutionLevel_Memory_4_07,...,...
DialogueRoy/Dialogue_Roy_MasterExecutionLevel_Memory_4_08,<speed=0.7>Ah...</speed><speed=0.8> Marshmallows.</speed>,<speed=0.7>Ah...</speed><speed=0.8> Los malvaviscos.</speed>
DialogueRoy/Dialogue_Roy_MasterExecutionLevel_Memory_4_09,We agreed to make marshmallows together today!,¡Quedamos en hacer malvaviscos juntos hoy!
DialogueRoy/Dialogue_Roy_MasterExecutionLevel_Memory_4_10,"You haven't forgotten about it, right?","No se te olvidó, ¿verdad?"
DialogueRoy/Dialogue_Roy_MasterExecutionLevel_Memory_4_11,<color=#525252>Yeah... <wait=0.5> I really should've prepared more marshmallows.,<color=#525252>Sí... <wait=0.5> Debí preparar más malvaviscos.
DialogueRoy/Dialogue_Roy_MasterExecutionLevel_Memory_4_12,You're acting strange today. You're nothing like your usual self.,Estás actuando raro hoy. No pareces tú para nada.
DialogueRoy/Dialogue_Roy_MasterExecutionLevel_Memory_4_13,"Normally, you’d say something like—",Normalmente dirías algo como—
DialogueRoy/Dialogue_Roy_MasterExecutionLevel_Memory_4_14,"""Absolutely not! A runt like you needs a more balanced diet, blah, blah, blah...""","""¡De ninguna manera! Una mocosa como tú necesita una dieta más balanceada, bla, bla, bla..."""
DialogueRoy/Dialogue_Roy_MasterExecutionLevel_Memory_4_15,...,...
DialogueRoy/Dialogue_Roy_MasterExecutionLevel_Memory_4_16,"Honestly, I’m getting worried about you.","Sinceramente, me estoy empezando a preocupar por ti."
DialogueRoy/Dialogue_Roy_MasterExecutionLevel_Memory_4_17,You’re always so distracted and absent-minded...,Siempre andas tan distraído y en las nubes...
DialogueRoy/Dialogue_Roy_MasterExecutionLevel_Memory_5_01,"But that’s okay, because you have me, a <wave>super reliable little sister</wave>!","¡Pero no importa, porque me tienes a mí, una <wave>hermanita súper confiable</wave>!"
DialogueRoy/Dialogue_Roy_MasterExecutionLevel_Memory_5_02,Everything will turn out just fine!,¡Todo va a salir bien!
DialogueRoy/Dialogue_Roy_MasterExecutionLevel_Memory_6_01,<speed=0.8>I’m sorry... </speed>Lily...,<speed=0.8>Lo siento... </speed>Lily...
DialogueRoy/Dialogue_Roy_MasterExecutionLevel_Memory_6_02,Everything will turn out just fine!,¡Todo va a salir bien!
DialogueRoy/Dialogue_Roy_MasterExecutionLevel_Memory_Sanctuary_01,"Hey, hey, hey. Weren’t you off to investigate the Witch?","Oye, oye, oye. ¿No que ibas a investigar a la Bruja?"
DialogueRoy/Dialogue_Roy_MasterExecutionLevel_Memory_Sanctuary_02,Why’d you bring a kid back?,¿Por qué trajiste a una niña?
DialogueRoy/Dialogue_Roy_MasterExecutionLevel_Memory_Sanctuary_03,...,...
DialogueRoy/Dialogue_Roy_MasterExecutionLevel_Memory_Sanctuary_04,Gek! Or is she the <shake a=1>Witch</shake> herself?,¡Gek! ¿O acaso ella es la <shake a=1>Bruja</shake> misma?
DialogueRoy/Dialogue_Roy_MasterExecutionLevel_Memory_Sanctuary_05,"Knock it off, Wichiwi.","Ya basta, Wichiwi."
DialogueRoy/Dialogue_Roy_MasterExecutionLevel_Memory_Sanctuary_06,Change of plans. We’re staying here for a bit longer.,Cambio de planes. Nos quedaremos aquí un poco más.
DialogueRoy/Dialogue_Roy_MasterExecutionLevel_Memory_Sanctuary_07,What’s your name?,¿Cómo te llamas?
DialogueRoy/Dialogue_Roy_MasterExecutionLevel_Memory_Sanctuary_08,<speed=0.8>...</speed>,<speed=0.8>...</speed>
DialogueRoy/Dialogue_Roy_MasterExecutionLevel_Memory_Sanctuary_09,<speed=0.8>...R-Ruby...</speed>,<speed=0.8>...R-Ruby...</speed>
DialogueRoy/Dialogue_Roy_MasterExecutionLevel_Memory_Sanctuary_10,<speed=0.8>Ruby </speed>Scarlet,<speed=0.8>Ruby </speed>Scarlet
DialogueRoy/Dialogue_Roy_MasterExecutionLevel_Memory_Sanctuary_11,"Wait, <wait=1>did she just say Scarlet?","Espera, <wait=1>¿acaso dijo Scarlet?"
DialogueRoy/Dialogue_Roy_MasterExecutionLevel_Memory_Training_01,Can you stand up?,¿Puedes ponerte de pie?
DialogueRoy/Dialogue_Roy_MasterExecutionLevel_Memory_Training_02,"Don't forget, you still have unfinished business.",No olvides que aún tienes algo pendiente.
DialogueRoy/Dialogue_Roy_MasterExecutionLevel_Memory_Training_03,"When the going gets tough, you must never hesitate.","Cuando las cosas se pongan difíciles, jamás debes dudar."
DialogueRoy/Dialogue_Roy_MasterExecutionLevel_Memory_Training_04,Make the most of every opportunity to attack.,Aprovecha al máximo cada oportunidad para atacar.
DialogueRoy/Dialogue_Roy_MasterExecutionLevel_Memory_Training_05,Let’s go!,¡Vamos!
DialogueRoy/Dialogue_Roy_MasterLevel_AferFight_01,Ugh...,Ugh...
DialogueRoy/Dialogue_Roy_MasterLevel_AferFight_02,...,...
DialogueRoy/Dialogue_Roy_MasterLevel_AferFight_03,"Stand up, Ruby.","Levántate, Ruby."
DialogueRoy/Dialogue_Roy_MasterLevel_AferFight_04,You know what to do.,Ya sabes qué hacer.
DialogueRoy/Dialogue_Roy_MasterLevel_AferFight_05,Don't forget why you're here.,No olvides por qué estás aquí.
DialogueRoy/Dialogue_Roy_Santuary_AboutLastLevel_01,You have successfully defeated the Bloodstained of the Hallowed Rest.,Lograste derrotar al Ensangrentado del Descanso Sagrado.
DialogueRoy/Dialogue_Roy_Santuary_AboutLastLevel_02,You have successfully defeated the Bloodstained hiding in the Stagnant Sewers.,Lograste derrotar al Ensangrentado que se escondía en las Cloacas Estancadas.
DialogueRoy/Dialogue_Roy_Santuary_AboutLastLevel_03,All mana sources in Greenshroud Vale have been destroyed.,Se destruyeron todas las fuentes de maná del Valle del Velo Verde.
DialogueRoy/Dialogue_Roy_Santuary_AboutLastLevel_04,There's nothing left to investigate in the South. Only the North remains.,Ya no queda nada que investigar en el Sur. Solo falta el Norte.
DialogueRoy/Dialogue_Roy_Santuary_AboutLastLevel_05,You have successfully defeated the Bloodstained at Ashfrost Hamlet.,Lograste derrotar al Ensangrentado de la Aldea de Cenizahielo.
DialogueRoy/Dialogue_Roy_Santuary_AboutLastLevel_06,You have successfully defeated the Bloodstained hiding deep within Mount Ashfrost.,Lograste derrotar al Ensangrentado que se escondía en las profundidades del Monte Cenizahielo.
DialogueRoy/Dialogue_Roy_Santuary_AboutLastLevel_07,All mana sources on Mount Ashfrost have been destroyed.,Se destruyeron todas las fuentes de maná del Monte Cenizahielo.
DialogueRoy/Dialogue_Roy_Santuary_AboutLastLevel_08,There's nothing left to investigate in the North. Only the South remains.,Ya no queda nada que investigar en el Norte. Solo falta el Sur.
DialogueRoy/Dialogue_Roy_Santuary_Day1_01,Was it that dream again?,¿Fue ese sueño otra vez?
DialogueRoy/Dialogue_Roy_Santuary_Day1_01_SecondRun_02,Different?,¿Distinto?
DialogueRoy/Dialogue_Roy_Santuary_Day1_01_SecondRun_04,Don't let those dreams get to you.,No dejes que esos sueños te afecten.
DialogueRoy/Dialogue_Roy_Santuary_Day1_01_SecondRun_Choice_01,It felt different...,Se sintió distinto...
DialogueRoy/Dialogue_Roy_Santuary_Day1_01_SecondRun_Choice_03,I can't quite remember...,No logro recordarlo bien...
DialogueRoy/Dialogue_Roy_Santuary_Day1_02,"Remember, you are no longer a helpless little girl, but a real hunter.","Recuerda, ya no eres una niña indefensa, sino una verdadera cazadora."
DialogueRoy/Dialogue_Roy_Santuary_Day1_03,Let's begin your final test.,Comencemos con tu prueba final.
DialogueRoy/Dialogue_Roy_Santuary_Day1_04,On the border of the Western Frontier lives a beast who has transformed into a Bloodstained.,En la frontera del Confín Occidental vive una bestia que se transformó en un Ensangrentado.
DialogueRoy/Dialogue_Roy_Santuary_Day1_05,It blocks the only way to the Royal Capital. Your task is to take it out.,Bloquea el único camino hacia la Capital Real. Tu misión es eliminarla.
DialogueRoy/Dialogue_Roy_Santuary_Day1_05_SecondRun_01,The Bloodstained's power can easily kill you. Never try to take any of their attacks head-on.,El poder de los Ensangrentados puede matarte fácilmente. Nunca intentes recibir sus ataques de frente.
DialogueRoy/Dialogue_Roy_Santuary_Day1_05_SecondRun_02,Make good use of your agility to dodge every attack.,Usa bien tu agilidad para esquivar cada ataque.
DialogueRoy/Dialogue_Roy_Santuary_Day1_06,This is the map.,Este es el mapa.
DialogueRoy/Dialogue_Roy_Santuary_Day1_07,Any questions before you leave?,¿Alguna pregunta antes de irte?
DialogueRoy/Dialogue_Roy_Santuary_Day1_08_Choice,About the Witch,Sobre la Bruja
DialogueRoy/Dialogue_Roy_Santuary_Day1_09,"Six months ago, Alcina the Witch invaded the Kingdom.","Hace seis meses, la Bruja Alcina invadió el Reino."
DialogueRoy/Dialogue_Roy_Santuary_Day1_10,She had the singular goal of obtaining Pureblood Crystals.,Tenía un único objetivo: obtener Cristales de Sangre Pura.
DialogueRoy/Dialogue_Roy_Santuary_Day1_11,The eyes of your people were the perfect material for creating the Crystals.,Los ojos de tu gente eran el material perfecto para crear los Cristales.
DialogueRoy/Dialogue_Roy_Santuary_Day1_12,"Listen, Ruby. Do not ever forget how she murdered all your friends and family.","Escucha, Ruby. Nunca olvides cómo asesinó a todos tus amigos y familiares."
DialogueRoy/Dialogue_Roy_Santuary_Day1_13,"She must be stopped. However, the lizard and I can't do it without your strength.",Hay que detenerla. Pero el lagarto y yo no podemos lograrlo sin tu fuerza.
DialogueRoy/Dialogue_Roy_Santuary_Day1_14_Choice,About the Bloodstained,Sobre los Ensangrentados
DialogueRoy/Dialogue_Roy_Santuary_Day1_15,The Bloodstained are creatures that have been infected by Pureblood.,Los Ensangrentados son criaturas infectadas por la Sangre Pura.
DialogueRoy/Dialogue_Roy_Santuary_Day1_16,"By implanting Pureblood Crystals, the Witch can turn them into her puppets.","Al implantarles Cristales de Sangre Pura, la Bruja puede convertirlos en sus marionetas."
DialogueRoy/Dialogue_Roy_Santuary_Day1_17,Shattering their embedded Pureblood Crystals is the only way to kill them.,Destrozar el Cristal de Sangre Pura que llevan dentro es la única forma de matarlos.
DialogueRoy/Dialogue_Roy_Santuary_Day1_18_Choice,"No, it’s nothing.","No, no es nada."
DialogueRoy/Dialogue_Roy_Santuary_Day1_19,Make good use of your eyes. Destroying Pureblood Crystals is our key to victory.,Usa bien tus ojos. Destruir los Cristales de Sangre Pura es la clave de nuestra victoria.
DialogueRoy/Dialogue_Roy_Santuary_Day1_Night_01,Well done. You have completed the final training session. Get some well-deserved rest tonight.,"Bien hecho. Completaste la sesión de entrenamiento final. Descansa bien esta noche, te lo mereces."
DialogueRoy/Dialogue_Roy_Santuary_Day1_Night_02,"Ah, but before you do, take this bowl of soup down to the basement.","Ah, pero antes, lleva este tazón de sopa al sótano."
DialogueRoy/Dialogue_Roy_Santuary_Day1_Night_03,"If he refuses again, just leave it there.","Si se niega de nuevo, solo déjalo ahí."
DialogueRoy/Dialogue_Roy_Santuary_Day1_Night_04,<talkVolume=0.4>The space that was hidden by magic has reappeared... We must find out how it was dispelled...</talkVolume>,<talkVolume=0.4>El espacio que estaba oculto por magia reapareció... Debemos averiguar cómo se disipó el hechizo...</talkVolume>
DialogueRoy/Dialogue_Roy_Santuary_Day1_Night_05,<talkVolume=0.4>If the same principle could be used on Pureblood Crystals...</talkVolume>,<talkVolume=0.4>Si se pudiera usar el mismo principio en los Cristales de Sangre Pura...</talkVolume>
DialogueRoy/Dialogue_Roy_Santuary_Day1_Night_06,...,...
DialogueRoy/Dialogue_Roy_Santuary_Day1_Night_07_Choice,Roy!,¡Roy!
DialogueRoy/Dialogue_Roy_Santuary_Day1_Night_08,...,...
DialogueRoy/Dialogue_Roy_Santuary_Day1_Night_09,What’s the matter?,¿Qué pasa?
DialogueRoy/Dialogue_Roy_Santuary_Day1_Night_10_Choice,"I'm hungry, I want to drink this soup.","Tengo hambre, quiero tomarme esta sopa."
DialogueRoy/Dialogue_Roy_Santuary_Day1_Night_11,...,...
DialogueRoy/Dialogue_Roy_Santuary_Day1_Night_12,No.,No.
DialogueRoy/Dialogue_Roy_Santuary_Day1_Night_13,Take this bowl of soup down to the basement first.,Primero lleva este tazón de sopa al sótano.
DialogueRoy/Dialogue_Roy_Santuary_Day1_Night_14_Choice,Have you seen Wichiwi?,¿Has visto a Wichiwi?
DialogueRoy/Dialogue_Roy_Santuary_Day1_Night_15,He's still inside the passage that appeared next to the Goddess Statue.,Sigue dentro del pasadizo que apareció junto a la Estatua de la Diosa.
DialogueRoy/Dialogue_Roy_Santuary_Day1_Night_16,"It might not seem dangerous, but it has been affected by magic for a long, long time.","Puede que no parezca peligroso, pero ha estado bajo el efecto de la magia durante muchísimo tiempo."
DialogueRoy/Dialogue_Roy_Santuary_Day1_Night_17,Remember to pay close attention to your condition if you venture in.,Recuerda prestar mucha atención a tu estado si te aventuras ahí dentro.
DialogueRoy/Dialogue_Roy_Santuary_Day1_Night_18_Choice,Nothing.,Nada.
DialogueRoy/Dialogue_Roy_Santuary_Day2_01,"Listen up, Ruby. We’ll soon be entering the Royal Capital.","Escucha, Ruby. Pronto entraremos a la Capital Real."
DialogueRoy/Dialogue_Roy_Santuary_Day2_02,It's currently under complete lockdown.,Está completamente cerrada por ahora.
DialogueRoy/Dialogue_Roy_Santuary_Day2_03,"Apart from the Royal Bridge, there is no other way into the city.","Aparte del Puente Real, no hay otra forma de entrar a la ciudad."
DialogueRoy/Dialogue_Roy_Santuary_Day2_04,That means that we will likely encounter troublesome enemies.,Eso significa que probablemente nos encontremos con enemigos problemáticos.
DialogueRoy/Dialogue_Roy_Santuary_Day2_05,"Although, it's not all bad news. The bridge happens to be the fastest way into the city.",Aunque no todo son malas noticias. Resulta que el puente es la forma más rápida de entrar a la ciudad.
DialogueRoy/Dialogue_Roy_Santuary_Day2_05_2,You must've collected quite a bit of Blood Dust from your battle with that Bloodstained yesterday.,Debiste haber conseguido bastante Polvo de Sangre en tu batalla de ayer contra ese Ensangrentado.
DialogueRoy/Dialogue_Roy_Santuary_Day2_05_3,Don't forget to use it to augment your strength before setting off again.,No olvides usarlo para aumentar tu fuerza antes de partir de nuevo.
DialogueRoy/Dialogue_Roy_Santuary_Day2_05_4,What’s the matter?,¿Qué pasa?
DialogueRoy/Dialogue_Roy_Santuary_Day2_05_5,...You gave all your Blood Dust to Wichiwi?,...¿Le diste todo tu Polvo de Sangre a Wichiwi?
DialogueRoy/Dialogue_Roy_Santuary_Day2_05_6,<color=#525252>That sneaky lizard...,<color=#525252>Ese lagarto astuto...
DialogueRoy/Dialogue_Roy_Santuary_Day2_05_7,"Here, you can have these.","Toma, quédate con estos."
DialogueRoy/Dialogue_Roy_Santuary_Day2_06,"Once you're ready, let’s go.","En cuanto estés lista, vamos."
DialogueRoy/Dialogue_Roy_Santuary_Day2_Night_01,...,...
DialogueRoy/Dialogue_Roy_Santuary_Day3_01,Any questions?,¿Alguna pregunta?
DialogueRoy/Dialogue_Roy_Santuary_Day3_02_Choice,About the North,Sobre el Norte
DialogueRoy/Dialogue_Roy_Santuary_Day3_03,To the north of the Kingdom lies an active volcano: Mount Ashfrost.,Al norte del Reino se encuentra un volcán activo: el Monte Cenizahielo.
DialogueRoy/Dialogue_Roy_Santuary_Day3_04,It’s named that because volcanic ash falls like snow all year round.,Se llama así porque la ceniza volcánica cae como nieve durante todo el año.
DialogueRoy/Dialogue_Roy_Santuary_Day3_05,"The Ashfrost Hamlet, a settlement at the foot of the volcano, is where one of the mana sources is located.","La Aldea de Cenizahielo, un asentamiento al pie del volcán, es donde se encuentra una de las fuentes de maná."
DialogueRoy/Dialogue_Roy_Santuary_Day3_06,"It's said that they practice a religion that has nothing to do with the Goddess... 
Outsiders know very little about their beliefs.","Se dice que practican una religión que no tiene nada que ver con la Diosa...
Los forasteros saben muy poco sobre sus creencias."
DialogueRoy/Dialogue_Roy_Santuary_Day3_07,"If you're heading north, you should start at the Ashfrost Hamlet.","Si vas hacia el norte, deberías empezar por la Aldea de Cenizahielo."
DialogueRoy/Dialogue_Roy_Santuary_Day3_08_Choice,About the South,Sobre el Sur
DialogueRoy/Dialogue_Roy_Santuary_Day3_09,To the south of the Kingdom lies a swampy area called Greenshroud Vale.,Al sur del Reino se encuentra una zona pantanosa llamada el Valle del Velo Verde.
DialogueRoy/Dialogue_Roy_Santuary_Day3_10,One of the mana sources can be found at the Hallowed Rest towards the end of the Vale.,"Una de las fuentes de maná se encuentra en el Descanso Sagrado, al final del valle."
DialogueRoy/Dialogue_Roy_Santuary_Day3_11,It was originally a quiet location. The city turned it into a cemetery where souls could rest in peace.,Originalmente era un lugar tranquilo. La ciudad lo convirtió en un cementerio donde las almas podían descansar en paz.
DialogueRoy/Dialogue_Roy_Santuary_Day3_12,"However, the plagues that have swept through the Vale over the years have made the Hallowed Rest a less than serene place...","Sin embargo, las plagas que han azotado el valle a lo largo de los años han hecho que el Descanso Sagrado ya no sea un lugar tan sereno..."
DialogueRoy/Dialogue_Roy_Santuary_Day3_13,"If you’re heading South, definitely start at the Hallowed Rest.","Si vas hacia el sur, definitivamente empieza por el Descanso Sagrado."
DialogueRoy/Dialogue_Roy_Santuary_Day3_14_Choice,"No, it’s nothing.","No, no es nada."
DialogueRoy/Dialogue_Roy_Santuary_Day3_15,Just let me know if you need anything.,Avísame si necesitas algo.
DialogueRoy/Dialogue_Roy_Santuary_Day3_Night_01,"Well done, Ruby.","Bien hecho, Ruby."
DialogueRoy/Dialogue_Roy_Santuary_Day3_Night_02,"If Wichiwi’s right about this, one of the seals on the city gates should be broken.","Si Wichiwi tiene razón sobre esto, uno de los sellos de las puertas de la ciudad debería haberse roto."
DialogueRoy/Dialogue_Roy_Santuary_Day3_Night_03,Get some well-deserved rest tonight.,"Descansa bien esta noche, te lo mereces."
DialogueRoy/Dialogue_Roy_Santuary_Day3_Night_04_Choice,Mmh...,Mmh...
DialogueRoy/Dialogue_Roy_Santuary_Day3_Night_05,...,...
DialogueRoy/Dialogue_Roy_Santuary_Day3_Night_06,Believers of the Goddess have a custom of lighting candles at night.,Los creyentes de la Diosa tienen la costumbre de encender velas por la noche.
DialogueRoy/Dialogue_Roy_Santuary_Day3_Night_07,Illuminating the darkness was only one of the reasons.,Iluminar la oscuridad era solo una de las razones.
DialogueRoy/Dialogue_Roy_Santuary_Day3_Night_08,"To the faithful, candlelight symbolizes light and hope.","Para los fieles, la luz de las velas simboliza luz y esperanza."
DialogueRoy/Dialogue_Roy_Santuary_Day3_Night_09,"The flame is a prayer, and an appeal for guidance.","La llama es una plegaria, un pedido de guía."
DialogueRoy/Dialogue_Roy_Santuary_Day3_Night_10,"When you’re feeling confused or uneasy, try lighting a few candles.","Cuando te sientas confundida o inquieta, intenta encender unas velas."
DialogueRoy/Dialogue_Roy_Santuary_Day3_Night_10_2_Choice,"Do you pray too, Roy?","¿Tú también rezas, Roy?"
DialogueRoy/Dialogue_Roy_Santuary_Day3_Night_11,...,...
DialogueRoy/Dialogue_Roy_Santuary_Day3_Night_12,Rarely.,Casi nunca.
DialogueRoy/Dialogue_Roy_Santuary_Day3_Night_13,"Frankly, I don’t think there’s a deity out there that would really lend me a hand.","Honestamente, no creo que exista una deidad que en verdad vaya a ayudarme."
DialogueRoy/Dialogue_Roy_Santuary_Day3_Night_14,"However, candlelight does have a calming effect. That much is true.","Sin embargo, la luz de las velas sí tiene un efecto calmante. Eso sí es verdad."
DialogueRoy/Dialogue_Roy_Santuary_Day3_Night_15,"Now, back to the topic at hand.","Ahora, volvamos al tema."
DialogueRoy/Dialogue_Roy_Santuary_Day3_Night_16,Another new hidden space appeared beyond the passage. You can get there by just walking straight ahead.,Apareció otro espacio oculto más allá del pasadizo. Puedes llegar caminando derecho.
DialogueRoy/Dialogue_Roy_Santuary_Day3_Night_17,"It looks like a library, and Wichiwi is already inside investigating.","Parece una biblioteca, y Wichiwi ya está adentro investigando."
DialogueRoy/Dialogue_Roy_Santuary_Day3_Night_18,The magical barriers can’t just be sealing up empty space...,Las barreras mágicas no pueden estar sellando solo espacio vacío...
DialogueRoy/Dialogue_Roy_Santuary_Day3_Night_19,"...Something's being protected... or hidden, perhaps?",...Están protegiendo algo... ¿o tal vez ocultándolo?
DialogueRoy/Dialogue_Roy_Santuary_Day3_SecondRun_01,Something wrong?,¿Pasa algo?
DialogueRoy/Dialogue_Roy_Santuary_Day3_SecondRun_02_Choice,There was a strange person last night...,Anoche había una persona extraña...
DialogueRoy/Dialogue_Roy_Santuary_Day3_SecondRun_03,A strange person?,¿Una persona extraña?
DialogueRoy/Dialogue_Roy_Santuary_Day3_SecondRun_04,I investigated the monastery this morning. There are no other entrances.,Investigué el monasterio esta mañana. No hay otras entradas.
DialogueRoy/Dialogue_Roy_Santuary_Day3_SecondRun_05,"According to Wichiwi, illusion magic and a seal were discovered inside yesterday.","Según Wichiwi, ayer se descubrió magia de ilusión y un sello ahí adentro."
DialogueRoy/Dialogue_Roy_Santuary_Day3_SecondRun_06,What you saw may have been an illusion as well.,Puede que lo que viste también haya sido una ilusión.
DialogueRoy/Dialogue_Roy_Santuary_Day3_SecondRun_07,"Either way, you must focus on the mission for now.","De cualquier forma, por ahora debes concentrarte en la misión."
DialogueRoy/Dialogue_Roy_Santuary_Day3_SecondRun_08_Choice,Okay.,Está bien.
DialogueRoy/Dialogue_Roy_Santuary_Day3_SecondRun_09_Choice,...Nothing,...Nada
DialogueRoy/Dialogue_Roy_Santuary_Day4_01,There are currently <color=#fc2119>three</color> mana sources remaining. Let’s keep it up.,Actualmente quedan <color=#fc2119>tres</color> fuentes de maná. Sigamos así.
DialogueRoy/Dialogue_Roy_Santuary_Day4_02,Any questions before you leave?,¿Alguna pregunta antes de irte?
DialogueRoy/Dialogue_Roy_Santuary_Day4_03_Choice,About the belfry,Sobre el campanario
DialogueRoy/Dialogue_Roy_Santuary_Day4_04,I went back to check the belfry last night.,Volví a revisar el campanario anoche.
DialogueRoy/Dialogue_Roy_Santuary_Day4_05,"That messy room is filled with books and notebooks, many of which are related to magic.","Ese cuarto desordenado está lleno de libros y cuadernos, muchos relacionados con la magia."
DialogueRoy/Dialogue_Roy_Santuary_Day4_06,I’m almost certain that the Witch had once been there.,Estoy casi seguro de que la Bruja estuvo ahí alguna vez.
DialogueRoy/Dialogue_Roy_Santuary_Day4_07_Choice,Why?,¿Por qué?
DialogueRoy/Dialogue_Roy_Santuary_Day4_08,"Magic is strictly forbidden in the Kingdom.
Possession of magic-related books is a severe crime, let alone using them.","La magia está estrictamente prohibida en el Reino.
Poseer libros relacionados con la magia es un delito grave, y ni hablar de usarlos."
DialogueRoy/Dialogue_Roy_Santuary_Day4_09,"To leave that material out in the open... 
Only she could be so brazen.","Dejar ese material a la vista de todos... 
Solo ella podría ser tan descarada."
DialogueRoy/Dialogue_Roy_Santuary_Day4_10,...,...
DialogueRoy/Dialogue_Roy_Santuary_Day4_11,...I must continue with my investigation.,...Debo continuar con mi investigación.
DialogueRoy/Dialogue_Roy_Santuary_Day4_12_Choice,"No, it’s nothing.","No, no es nada."
DialogueRoy/Dialogue_Roy_Santuary_Day4_13,Just let me know if you need anything.,Avísame si necesitas algo.
DialogueRoy/Dialogue_Roy_Santuary_Day4_Night_01,I see you've successfully broken one of the seals on the city gate.,Veo que lograste romper uno de los sellos de la puerta de la ciudad.
DialogueRoy/Dialogue_Roy_Santuary_Day4_Night_02,"Well done, Ruby.","Bien hecho, Ruby."
DialogueRoy/Dialogue_Roy_Santuary_Day4_Night_03,"If you're looking for Wichiwi, he's investigating the courtyard.","Si buscas a Wichiwi, está investigando el patio."
DialogueRoy/Dialogue_Roy_Santuary_Day4_Night_04,You can reach him faster through the passage to the right of the Goddess Statue.,Puedes llegar más rápido por el pasadizo a la derecha de la Estatua de la Diosa.
DialogueRoy/Dialogue_Roy_Santuary_Day4_Night_05,"...Sorry, I’m busy right now. Let’s talk later.","...Perdón, ahora estoy ocupado. Hablemos más tarde."
DialogueRoy/Dialogue_Roy_Santuary_Day5_01,There are currently <color=#fc2119>two</color> mana sources remaining. Let’s keep it up.,Actualmente quedan <color=#fc2119>dos</color> fuentes de maná. Sigamos así.
DialogueRoy/Dialogue_Roy_Santuary_Day5_02,Any questions before you leave?,¿Alguna pregunta antes de irte?
DialogueRoy/Dialogue_Roy_Santuary_Day5_03_Choice,About the courtyard,Sobre el patio
DialogueRoy/Dialogue_Roy_Santuary_Day5_04,Remember when I said possessing magic books was a serious crime?,¿Recuerdas cuando dije que poseer libros de magia era un delito grave?
DialogueRoy/Dialogue_Roy_Santuary_Day5_05_Choice,Yes.,Sí.
DialogueRoy/Dialogue_Roy_Santuary_Day5_06,The Kingdom usually disposes of contraband by burning it. The same goes for the criminals...,El Reino suele deshacerse del contrabando quemándolo. Lo mismo pasa con los criminales...
DialogueRoy/Dialogue_Roy_Santuary_Day5_07,I investigated the remains of the burned books in the courtyard.,Investigué los restos de los libros quemados en el patio.
DialogueRoy/Dialogue_Roy_Santuary_Day5_08,"Their contents can't be fully restored, but pieces showed that the books were concerned with magic.","No se puede restaurar todo su contenido, pero algunos fragmentos mostraban que los libros trataban sobre magia."
DialogueRoy/Dialogue_Roy_Santuary_Day5_09,Perhaps they can be used to dig up more information.,Tal vez sirvan para conseguir más información.
DialogueRoy/Dialogue_Roy_Santuary_Day5_10,...,...
DialogueRoy/Dialogue_Roy_Santuary_Day5_11,...I must continue with my investigation.,...Debo continuar con mi investigación.
DialogueRoy/Dialogue_Roy_Santuary_Day5_12_Choice,No...,No...
DialogueRoy/Dialogue_Roy_Santuary_Day5_13,Anything related to magic is strictly illegal in your kingdom.,Todo lo relacionado con la magia es estrictamente ilegal en tu reino.
DialogueRoy/Dialogue_Roy_Santuary_Day5_14_Choice,"No, it’s nothing.","No, no es nada."
DialogueRoy/Dialogue_Roy_Santuary_Day5_15,Just let me know if you need anything.,Avísame si necesitas algo.
DialogueRoy/Dialogue_Roy_Santuary_Day5_Night_01,I see you've successfully broken one of the seals on the city gate.,Veo que lograste romper uno de los sellos de la puerta de la ciudad.
DialogueRoy/Dialogue_Roy_Santuary_Day5_Night_02,"Well done, Ruby.","Bien hecho, Ruby."
DialogueRoy/Dialogue_Roy_Santuary_Day5_Night_03,"If you're looking for Wichiwi, he's investigating the corridor.","Si buscas a Wichiwi, está investigando el pasillo."
DialogueRoy/Dialogue_Roy_Santuary_Day5_Night_04,"Go through the door behind me, and you'll find him at the back.",Cruza la puerta detrás de mí y lo encontrarás al fondo.
DialogueRoy/Dialogue_Roy_Santuary_Day5_Night_05,"...Sorry, I’m busy right now. Let’s talk later.","...Perdón, ahora estoy ocupado. Hablemos más tarde."
DialogueRoy/Dialogue_Roy_Santuary_Day5_Night_2_01,...,...
DialogueRoy/Dialogue_Roy_Santuary_Day6_01,There is currently <color=#fc2119>one</color> mana source remaining. Let’s keep it up.,Actualmente queda <color=#fc2119>una</color> fuente de maná. Sigamos así.
DialogueRoy/Dialogue_Roy_Santuary_Day6_02,Any questions before you leave?,¿Alguna pregunta antes de irte?
DialogueRoy/Dialogue_Roy_Santuary_Day6_03_Choice,About the storage room,Sobre el depósito
DialogueRoy/Dialogue_Roy_Santuary_Day6_04,I took a look at that storage room.,Eché un vistazo a ese depósito.
DialogueRoy/Dialogue_Roy_Santuary_Day6_05,There’s nothing unusual about it.,No tiene nada fuera de lo común.
DialogueRoy/Dialogue_Roy_Santuary_Day6_06,"I believe you, though. That labyrinth is in there somewhere.","Aun así, te creo. Ese laberinto está en algún lugar de ahí."
DialogueRoy/Dialogue_Roy_Santuary_Day6_07,"But if it really was an illusion, how was it able to distort space to such an extent?","Pero si de verdad era una ilusión, ¿cómo pudo distorsionar el espacio hasta ese punto?"
DialogueRoy/Dialogue_Roy_Santuary_Day6_08,This building hides too many secrets.,Este edificio esconde demasiados secretos.
DialogueRoy/Dialogue_Roy_Santuary_Day6_09,...I must continue with my investigation.,...Debo continuar con mi investigación.
DialogueRoy/Dialogue_Roy_Santuary_Day6_09_Choice,"No, it’s nothing.","No, no es nada."
DialogueRoy/Dialogue_Roy_Santuary_Day6_10,Just let me know if you need anything.,Avísame si necesitas algo.
DialogueRoy/Dialogue_Roy_Santuary_Day6_Night_01,It seems you have successfully dealt with a mana source.,Parece que te encargaste con éxito de una fuente de maná.
DialogueRoy/Dialogue_Roy_Santuary_Day6_Night_02,"Well done, Ruby.","Bien hecho, Ruby."
DialogueRoy/Dialogue_Roy_Santuary_Day6_Night_03,"If you're looking for Wichiwi, he's investigating the room in the corridor.","Si buscas a Wichiwi, está investigando el cuarto del pasillo."
DialogueRoy/Dialogue_Roy_Santuary_Day6_Night_04,You can get to him faster through that door next to me.,Puedes llegar a él más rápido por esa puerta a mi lado.
DialogueRoy/Dialogue_Roy_Santuary_Day6_Night_05,"...Sorry, I’m busy right now. Let’s talk later.","...Perdón, ahora estoy ocupado. Hablemos más tarde."
DialogueRoy/Dialogue_Roy_Santuary_Day6_Night_2_01,...,...
DialogueRoy/Dialogue_Roy_Santuary_Day6_Night_2_02,It seems you have successfully dealt with a mana source.,Parece que te encargaste con éxito de una fuente de maná.
DialogueRoy/Dialogue_Roy_Santuary_Day6_Night_2_03,"Well done, Ruby.","Bien hecho, Ruby."
DialogueRoy/Dialogue_Roy_Santuary_Day6_Night_2_04,...,...
DialogueRoy/Dialogue_Roy_Santuary_Day6_Night_2_05,"...Sorry, I’m busy right now. Let’s talk later.","...Perdón, ahora estoy ocupado. Hablemos más tarde."
DialogueRoy/Dialogue_Roy_Santuary_Day6_Night_2_06,"If you're looking for Wichiwi, he's investigating the new area.","Si buscas a Wichiwi, está investigando la nueva zona."
DialogueRoy/Dialogue_Roy_Santuary_Day6_Night_2_07,"If you go through the door behind me, you’ll find him a the end of the hallway.","Si cruzas la puerta detrás de mí, lo encontrarás al final del pasillo."
DialogueRoy/Dialogue_Roy_Santuary_Day6_Night_RoyNotWell_01_Choice,Roy?,¿Roy?
DialogueRoy/Dialogue_Roy_Santuary_Day6_Night_RoyNotWell_02_Choice,Roy!!!,¡¡¡Roy!!!
DialogueRoy/Dialogue_Roy_Santuary_Day6_Night_RoyNotWell_03,Ruby?,¿Ruby?
DialogueRoy/Dialogue_Roy_Santuary_Day6_Night_RoyNotWell_04,...,...
DialogueRoy/Dialogue_Roy_Santuary_Day6_Night_RoyNotWell_05,...I didn’t notice you.,...No te había notado.
DialogueRoy/Dialogue_Roy_Santuary_Day6_Night_RoyNotWell_06,I see you've successfully broken one of the seals on the city gate.,Veo que lograste romper uno de los sellos de la puerta de la ciudad.
DialogueRoy/Dialogue_Roy_Santuary_Day6_Night_RoyNotWell_07,Well done.,Bien hecho.
DialogueRoy/Dialogue_Roy_Santuary_Day6_Night_RoyNotWell_08,...Sorry. I need to take a short break.,...Perdón. Necesito tomarme un descanso breve.
DialogueRoy/Dialogue_Roy_Santuary_Topics_01,Anything else?,¿Algo más?
DialogueRoy/Dialogue_Roy_Santuary_Topics_02_Choice,Talk about Wichiwi,Hablar sobre Wichiwi
DialogueRoy/Dialogue_Roy_Santuary_Topics_03,"Come to think of it, you've probably never seen lizardfolk before.","Pensándolo bien, seguramente nunca habías visto a un hombre lagarto antes."
DialogueRoy/Dialogue_Roy_Santuary_Topics_04,Their appearance does look peculiar to some.,"Para algunos, su aspecto resulta bastante peculiar."
DialogueRoy/Dialogue_Roy_Santuary_Topics_05,"According to Wichiwi himself, they’re a xenophobic, insular people.","Según el propio Wichiwi, son un pueblo xenófobo y cerrado."
DialogueRoy/Dialogue_Roy_Santuary_Topics_06,They have a long history and have mastered many forms of magic.,Tienen una larga historia y dominan muchas formas de magia.
DialogueRoy/Dialogue_Roy_Santuary_Topics_07,"However, due to their isolation, most lizardfolk have never left their own realm.","Sin embargo, debido a su aislamiento, la mayoría de los hombres lagarto nunca han salido de su propio territorio."
DialogueRoy/Dialogue_Roy_Santuary_Topics_08,It’s quite rare to see lizardfolk travelling around like he does.,Es bastante raro ver a un hombre lagarto viajando como lo hace él.
DialogueRoy/Dialogue_Roy_Santuary_Topics_10,"Also, don't be fooled by Wichiwi's carefree attitude...","Además, no te dejes engañar por la actitud despreocupada de Wichiwi..."
DialogueRoy/Dialogue_Roy_Santuary_Topics_11,He’ll still come through when it counts.,"Cuando de verdad importa, siempre responde."
DialogueRoy/Dialogue_Roy_Santuary_Topics_12,"If you’re ever in a pinch, just ask him for help!","¡Si alguna vez estás en aprietos, solo pídele ayuda!"
DialogueRoy/Dialogue_Roy_Santuary_Topics_13_Choice,Talk about Roy’s cooking,Hablar sobre la cocina de Roy
DialogueRoy/Dialogue_Roy_Santuary_Topics_14,Are you interested in cooking?,¿Te interesa la cocina?
DialogueRoy/Dialogue_Roy_Santuary_Topics_15_Choice,Yeah!,¡Sí!
DialogueRoy/Dialogue_Roy_Santuary_Topics_16,I used to not care for cooking.,Antes la cocina no me importaba nada.
DialogueRoy/Dialogue_Roy_Santuary_Topics_17_Choice,Why?,¿Por qué?
DialogueRoy/Dialogue_Roy_Santuary_Topics_18,<speed=0.4>Hmm...</speed>,<speed=0.4>Hmm...</speed>
DialogueRoy/Dialogue_Roy_Santuary_Topics_19,"As I mentioned before, I once had a younger sister.","Como mencioné antes, alguna vez tuve una hermana menor."
DialogueRoy/Dialogue_Roy_Santuary_Topics_20,Our parents had passed away long ago.,Nuestros padres habían fallecido hacía mucho tiempo.
DialogueRoy/Dialogue_Roy_Santuary_Topics_21,So we had to rely on each other to survive.,Así que tuvimos que apoyarnos el uno en el otro para sobrevivir.
DialogueRoy/Dialogue_Roy_Santuary_Topics_22,Lily was quite the picky eater.,Lily era bastante quisquillosa para comer.
DialogueRoy/Dialogue_Roy_Santuary_Topics_23,"No carrots, no onions, no vegetables in general...","Nada de zanahorias, nada de cebollas, nada de verduras en general..."
DialogueRoy/Dialogue_Roy_Santuary_Topics_24,"Though she never said no to dessert, of course...","Aunque, claro, nunca le decía que no a un postre..."
DialogueRoy/Dialogue_Roy_Santuary_Topics_25,So I started researching different dishes to try to change her eating habits.,Así que empecé a investigar distintos platillos para tratar de cambiar sus hábitos alimenticios.
DialogueRoy/Dialogue_Roy_Santuary_Topics_26,"Before I knew it, I had a bunch of dishes under my belt.","Sin darme cuenta, ya tenía un montón de platillos dominados."
DialogueRoy/Dialogue_Roy_Santuary_Topics_27,<speed=0.4>Hmm...</speed>,<speed=0.4>Hmm...</speed>
DialogueRoy/Dialogue_Roy_Santuary_Topics_28,"Basically, if you want to learn to cook, don't overthink it.","Básicamente, si quieres aprender a cocinar, no le des tantas vueltas."
DialogueRoy/Dialogue_Roy_Santuary_Topics_29,Taking the first step is what matters most.,Lo que más importa es dar el primer paso.
DialogueRuby/Dialogue_Ruby_CanNotGoOut,Now is not the time to go here.,No es el momento de ir ahí.
DialogueRuby/Dialogue_Ruby_CanNotGoToSleep,Now is not the time to rest.,No es el momento de descansar.
DialogueRuby/Dialogue_Ruby_CanNotOpenFromHere,Looks like the door can't be opened from this side.,Parece que la puerta no se puede abrir desde este lado.
DialogueRuby/Dialogue_Ruby_DoYouWantToUnlockTheDoor,Open this door?,¿Abrir esta puerta?
DialogueRuby/Dialogue_Ruby_FeelSomeonePeeping,<color=#5E5E5E>It feels like someone's watching me...,<color=#5E5E5E>Siento que alguien me está observando...
DialogueRuby/Dialogue_Ruby_NeedToInvestigateFirst,There’s still more to investigate here.,Todavía hay más para investigar aquí.
DialogueSanctuary/Dialogue_D3_RoyAndWichiwi_01,"Yo, kiddo!","¡Hola, pequeña!"
DialogueSanctuary/Dialogue_D3_RoyAndWichiwi_02,"Wichiwi, you explain.","Wichiwi, explica tú."
DialogueSanctuary/Dialogue_D3_RoyAndWichiwi_02_2,No problem~,Sin problema~
DialogueSanctuary/Dialogue_D3_RoyAndWichiwi_03,"You remember seeing those eyes on the gate into the Royal Capital yesterday, right?","¿Recuerdas esos ojos que viste ayer en la puerta de entrada a la Capital Real, verdad?"
DialogueSanctuary/Dialogue_D3_RoyAndWichiwi_04,"Well, they're a magical seal against Purebloods.","Bueno, son un sello mágico contra los de Sangre Pura."
DialogueSanctuary/Dialogue_D3_RoyAndWichiwi_05,The scent from Roy’s Pureblood Crystal allowed them to materialize.,El aroma del Cristal de Sangre Pura de Roy permitió que se materializaran.
DialogueSanctuary/Dialogue_D3_RoyAndWichiwi_06,"Gek, on a side note, your people are really into organic building materials, haha.","Gek, por cierto, a tu gente sí que le gustan los materiales de construcción orgánicos, jaja."
DialogueSanctuary/Dialogue_D3_RoyAndWichiwi_07,Can you please be a bit more serious?,"¿Podrías ser un poco más serio, por favor?"
DialogueSanctuary/Dialogue_D3_RoyAndWichiwi_08,"Alright, sure.","Bien, claro."
DialogueSanctuary/Dialogue_D3_RoyAndWichiwi_09,"According to my research, the true source of the seal is actually scattered across <color=#fc2119>four different mana sources to the north and south of the city</color>, where Bloodstained roam.","Según mi investigación, la verdadera fuente del sello está en realidad repartida entre <color=#fc2119>cuatro fuentes de maná distintas al norte y al sur de la ciudad</color>, donde merodean los Ensangrentados."
DialogueSanctuary/Dialogue_D3_RoyAndWichiwi_10,"Basically, if you don't defeat the Bloodstained at those mana sources, you're not going through those gates.","Básicamente, si no derrotas a los Ensangrentados en esas fuentes de maná, no vas a poder cruzar esas puertas."
DialogueSanctuary/Dialogue_D3_RoyAndWichiwi_11_Choice,Is there another way in?,¿Hay otra forma de entrar?
DialogueSanctuary/Dialogue_D3_RoyAndWichiwi_12,"Gek, definitely not.","Gek, para nada."
DialogueSanctuary/Dialogue_D3_RoyAndWichiwi_13,The Witch cast a barrier across the entire city. Her magic is completely impenetrable.,La Bruja lanzó una barrera sobre toda la ciudad. Su magia es completamente impenetrable.
DialogueSanctuary/Dialogue_D3_RoyAndWichiwi_14,Not a mouse nor even an ant could hope to burrow through it.,Ni un ratón ni siquiera una hormiga podrían esperar abrirse paso por ahí.
DialogueSanctuary/Dialogue_D3_RoyAndWichiwi_15,Our only option seems to be to investigate the mana sources.,Parece que nuestra única opción es investigar las fuentes de maná.
DialogueSanctuary/Dialogue_D3_RoyAndWichiwi_16,"Ruby, you can reveal their Pureblood Crystals with your ability.","Ruby, tú puedes revelar sus Cristales de Sangre Pura con tu habilidad."
DialogueSanctuary/Dialogue_D3_RoyAndWichiwi_17,The task of defeating the Bloodstained can only be entrusted to you. Think you can handle it?,La tarea de derrotar a los Ensangrentados solo se te puede confiar a ti. ¿Crees que puedes con eso?
DialogueSanctuary/Dialogue_D3_RoyAndWichiwi_20,"In the meantime, I will continue to investigate this monastery. Just let me know if you need anything.","Mientras tanto, voy a seguir investigando este monasterio. Avísame si necesitas algo."
DialogueTutorialLevel/Alcina_TutorialEnd_01_01,"A fugitive princess... You’re just like me, unable to let go.","Una princesa fugitiva... Eres igual a mí, incapaz de soltar el pasado."
DialogueTutorialLevel/Alcina_TutorialEnd_01_02,"Nothing will stop you, no matter what stands in your way.","Nada te detendrá, sin importar lo que se interponga en tu camino."
DialogueTutorialLevel/Alcina_TutorialEnd_01_03,Since you so desperately want a different ending...,Ya que deseas con tanta desesperación un final distinto...
DialogueTutorialLevel/Alcina_TutorialEnd_02_01,I shall grant your wish.,Concederé tu deseo.
DialogueTutorialLevel/Alcina_TutorialEnd_02_02,Fate will lead you here once more.,El destino te traerá de vuelta aquí una vez más.
DialogueTutorialLevel/Alcina_TutorialEnd_02_03,Once you arrive...,Cuando llegues...
DialogueTutorialLevel/Alcina_TutorialEnd_03_01,I will pluck out your crimson eyes.,Te arrancaré esos ojos carmesí.
DialogueTutorialLevel/Alcina_TutorialEnd_03_02,"And finally, I will kill you with my own bare hands.","Y al final, te mataré con mis propias manos."
DialogueTutorialLevel/Dialogue_TutorialShootCounter_Roy_1,Enemies will sometimes leap into the air and unleash dangerous attacks that are <color=#fc2119>difficult to dodge</color>.,A veces los enemigos saltan al aire y desatan ataques peligrosos <color=#fc2119>difíciles de esquivar</color>.
DialogueTutorialLevel/Dialogue_TutorialShootCounter_Roy_2,"That doesn't mean those attacks can't be countered, however.","Sin embargo, eso no significa que esos ataques no puedan contrarrestarse."
DialogueTutorialLevel/Dialogue_TutorialShootCounter_Roy_3,"While the enemy is airborne, seize the opportunity to shoot a dart at them to disrupt their attack.","Mientras el enemigo esté en el aire, aprovecha para lanzarle un dardo y interrumpir su ataque."
DialogueTutorialLevel/Dialogue_TutorialShoot_Roy_1,"During combat, there'll be times when you'll need to keep enemies at a distance.","Durante el combate, habrá veces en que necesitarás mantener a los enemigos a distancia."
DialogueTutorialLevel/Dialogue_TutorialShoot_Roy_2,Focus on an enemy from a distance to fire darts continuously.,Enfócate en un enemigo desde lejos para disparar dardos de forma continua.
DialogueTutorialLevel/Dialogue_Tutorial_Roy_01,You must be agile above all else. Your enemies will always wield far greater strength.,"Ante todo, debes ser ágil. Tus enemigos siempre tendrán mucha más fuerza que tú."
DialogueTutorialLevel/Dialogue_Tutorial_Roy_02,"Any attack could be fatal, so being able to dodge them is key.","Cualquier ataque puede ser fatal, así que saber esquivarlos es clave."
DialogueTutorialLevel/Dialogue_Tutorial_Roy_03,Go and show off your agility.,Ve y demuestra tu agilidad.
DialogueTutorialLevel/Dialogue_Tutorial_Roy_04,"Well done. But as you've observed, your normal attacks will barely leave a scratch on your enemies.","Bien hecho. Pero, como ya notaste, tus ataques normales apenas van a rasguñar a tus enemigos."
DialogueTutorialLevel/Dialogue_Tutorial_Roy_05,The only way to truly take them down is to strike their Pureblood Crystal.,La única forma de derrotarlos de verdad es golpear su Cristal de Sangre Pura.
DialogueTutorialLevel/Dialogue_Tutorial_Roy_06,"Use your eyes to <color=#fc2119>find the Crystal</color>, <color=#fc2119>and perform a Critical Strike</color>.",Usa tus ojos para <color=#fc2119>encontrar el Cristal</color> y <color=#fc2119>realizar un Golpe Crítico</color>.
DialogueTutorialLevel/Dialogue_Tutorial_Roy_07,You're getting the hang of it.,Le estás agarrando la mano.
DialogueTutorialLevel/Dialogue_Tutorial_Roy_08,The Pureblood Crystal is only visible to your eyes.,El Cristal de Sangre Pura solo es visible para tus ojos.
DialogueTutorialLevel/Dialogue_Tutorial_Roy_09,"By <color=#fc2119>precisely dodging</color> the enemy’s attacks, you’ll be able to exploit other openings.","Al <color=#fc2119>esquivar con precisión</color> los ataques del enemigo, podrás aprovechar otras aberturas."
DialogueTutorialLevel/Dialogue_Tutorial_Roy_10,You have already mastered the ability to defeat the Bloodstained.,Ya has dominado la habilidad para derrotar a los Ensangrentados.
DialogueTutorialLevel/Dialogue_Tutorial_Roy_11,Time to make use of all your skills to defeat your enemy.,Es hora de usar todas tus habilidades para derrotar al enemigo.
DialogueTutorialLevel/Dialogue_Tutorial_Roy_12,"At times, enemies might attempt to <color=#fc2119>grab</color> you. Grabs can't easily be dodged with a simple roll.","A veces, los enemigos intentarán <color=#fc2119>agarrarte</color>. Los agarres no se esquivan fácilmente con una simple voltereta."
DialogueTutorialLevel/Dialogue_Tutorial_Roy_13,"With complete focus, swing your blade and unleash the <color=#fc2119>Sunder Slash</color> to neutralize any grab.","Con total concentración, blande tu hoja y desata el <color=#fc2119>Tajo Desgarrador</color> para neutralizar cualquier agarre."
DialogueTutorialLevel/Dialogue_Tutorial_Roy_Start_01,Can you still stand up?,¿Todavía puedes ponerte de pie?
DialogueTutorialLevel/Dialogue_Tutorial_Roy_Start_02,Don't forget why you're here.,No olvides por qué estás aquí.
DialogueWichiwi/Choice_Craft,[Craft],[Fabricar]
DialogueWichiwi/Choice_GiveBrokenTalisman,[Hand over damaged talisman],[Entregar talismán dañado]
DialogueWichiwi/Dialogue_WichiwiArrived_MasterLevel_SecondRun_01,It's gone... The Pureblood response in Roy's body is gone.,Desapareció... La respuesta de Sangre Pura en el cuerpo de Roy desapareció.
DialogueWichiwi/Dialogue_WichiwiArrived_MasterLevel_SecondRun_02,What exactly is going on?,¿Qué es lo que está pasando exactamente?
DialogueWichiwi/Dialogue_WichiwiArrived_MasterLevel_SecondRun_03_Choice,Uh...,Eh...
DialogueWichiwi/Dialogue_WichiwiArrived_MasterLevel_SecondRun_04,Uh-huh... Well at least he seems to be alright.,"Ajá... Bueno, al menos parece estar bien."
DialogueWichiwi/Dialogue_WichiwiArrived_MasterLevel_SecondRun_05,"Time’s running out, kid.","El tiempo se acaba, niña."
DialogueWichiwi/Dialogue_WichiwiArrived_MasterLevel_SecondRun_06,There's only less than an hour left until the full moon. You have to keep going.,Queda menos de una hora para la luna llena. Tienes que seguir.
DialogueWichiwi/Dialogue_WichiwiArrived_MasterLevel_SecondRun_07,I’ll take care of this guy.,Yo me encargo de este tipo.
DialogueWichiwi/Dialogue_Wichiwi_BedRoom_AfterMemory_01,"Gek, so it really was an illusion.","Gek, así que sí era una ilusión."
DialogueWichiwi/Dialogue_Wichiwi_BedRoom_AfterMemory_02,"But anyway, we've got a bigger problem right now.","Pero bueno, ahora tenemos un problema más grande."
DialogueWichiwi/Dialogue_Wichiwi_BedRoom_AfterMemory_03,Roy’s mana signature completely vanished.,La firma de maná de Roy desapareció por completo.
DialogueWichiwi/Dialogue_Wichiwi_BedRoom_AfterMemory_04_Choice,How do you know?,¿Cómo lo sabes?
DialogueWichiwi/Dialogue_Wichiwi_BedRoom_AfterMemory_05,Uhh...,Eh...
DialogueWichiwi/Dialogue_Wichiwi_BedRoom_AfterMemory_06,"Let's not sweat the details. Either way, he's probably in trouble.","No te preocupes por los detalles. De cualquier forma, seguro está en problemas."
DialogueWichiwi/Dialogue_Wichiwi_BedRoom_AfterMemory_07,His last known location was near the walls of the Royal Capital.,Su última ubicación conocida fue cerca de las murallas de la Capital Real.
DialogueWichiwi/Dialogue_Wichiwi_BedRoom_AfterMemory_08,You should go investigate!,¡Deberías ir a investigar!
DialogueWichiwi/Dialogue_Wichiwi_BedRoom_BeforeExplaining_2_01,"Gek, that’s the last of it.","Gek, eso es lo último."
DialogueWichiwi/Dialogue_Wichiwi_BedRoom_BeforeExplaining_2_02,"Before we leave, we need to take all these valuables with us.","Antes de irnos, tenemos que llevarnos todas estas cosas de valor."
DialogueWichiwi/Dialogue_Wichiwi_BedRoom_BeforeExplaining_2_03,"Gek, look at that troubled expression. I should do some explaining~","Gek, mira esa cara de preocupación. Debería explicarte algo~"
DialogueWichiwi/Dialogue_Wichiwi_BedRoom_BeforeExplaining_2_03_Choice,What about that something I had to know?,¿Qué era eso que tenía que saber?
DialogueWichiwi/Dialogue_Wichiwi_BedRoom_BeforeExplaining_2_04,"Gek, look at that troubled expression. I should do some explaining~","Gek, mira esa cara de preocupación. Debería explicarte algo~"
DialogueWichiwi/Dialogue_Wichiwi_BedRoom_BeforeExplaining_2_05,I <wait=0.5>know what the Witch is after!,¡Yo <wait=0.5>sé qué es lo que busca la Bruja!
DialogueWichiwi/Dialogue_Wichiwi_Belfry_Day3_1_01,Oh no! All the books downstairs have disappeared...,"¡Ay, no! Todos los libros de abajo desaparecieron..."
DialogueWichiwi/Dialogue_Wichiwi_Belfry_Day3_1_02,<size=130%><shake a=0.2>Gek!</shake></size> What in blazes happened here?!,<size=130%><shake a=0.2>¡Gek!</shake></size> ¡¿Qué diablos pasó aquí?!
DialogueWichiwi/Dialogue_Wichiwi_Belfry_Day3_1_03,This is worse than that time when Roy got drunk at a tavern!,¡Esto es peor que aquella vez que Roy se emborrachó en una taberna!
DialogueWichiwi/Dialogue_Wichiwi_Belfry_Day3_1_04_Choice,Drunk?,¿Borracho?
DialogueWichiwi/Dialogue_Wichiwi_Belfry_Day3_1_05,"Hmm... Gek, that’s besides the point.","Hmm... Gek, eso no viene al caso."
DialogueWichiwi/Dialogue_Wichiwi_Belfry_Day3_1_06,There seems to be a lot worth investigating here.,Parece que hay mucho que vale la pena investigar aquí.
DialogueWichiwi/Dialogue_Wichiwi_Belfry_Day3_1_07,"It’s research time, gek!","¡Es hora de investigar, gek!"
DialogueWichiwi/Dialogue_Wichiwi_Belfry_Day3_2_01,...,...
DialogueWichiwi/Dialogue_Wichiwi_Corrider3_AfterExplaining_01,"Gek, we know the Witch is after the Rubinite.","Gek, sabemos que la Bruja busca la Rubinita."
DialogueWichiwi/Dialogue_Wichiwi_Corrider3_AfterExplaining_02,But what does she plan to do with it?,"Pero, ¿qué planea hacer con ella?"
DialogueWichiwi/Dialogue_Wichiwi_Corrider3_AfterExplaining_03_Choice,Use it to save someone?,¿Usarla para salvar a alguien?
DialogueWichiwi/Dialogue_Wichiwi_Corrider3_AfterExplaining_04,"Gek, I thought of that possiblity.","Gek, pensé en esa posibilidad."
DialogueWichiwi/Dialogue_Wichiwi_Corrider3_AfterExplaining_05,"Judging from the clues left behind in this monastery, the Witch may have desperately tried to save someone's life.","A juzgar por las pistas que dejó en este monasterio, la Bruja podría haber intentado desesperadamente salvarle la vida a alguien."
DialogueWichiwi/Dialogue_Wichiwi_Corrider3_AfterExplaining_05_2,The Scarlet Kingdom has endured many plagues throughout its history.,El Reino Scarlet ha sufrido muchas plagas a lo largo de su historia.
DialogueWichiwi/Dialogue_Wichiwi_Corrider3_AfterExplaining_06,The Rubinite might be the only solution to overcome an incurable disease.,La Rubinita podría ser la única solución para vencer una enfermedad incurable.
DialogueWichiwi/Dialogue_Wichiwi_Corrider3_AfterExplaining_07,Gek...,Gek...
DialogueWichiwi/Dialogue_Wichiwi_Corrider3_AfterExplaining_08,"Never mind, it doesn't matter.","Da igual, no importa."
DialogueWichiwi/Dialogue_Wichiwi_Corrider3_AfterExplaining_09,"C'mon, get packing already, kid!","¡Vamos, ponte a empacar de una vez, niña!"
DialogueWichiwi/Dialogue_Wichiwi_Corrider3_AfterExplaining_10,We need to leave early tomorrow and we’re not coming back.,Tenemos que salir temprano mañana y no vamos a volver.
DialogueWichiwi/Dialogue_Wichiwi_Corrider3_AfterExplaining_11_Choice,Use it to get revenge?,¿Usarla para vengarse?
DialogueWichiwi/Dialogue_Wichiwi_Corrider3_AfterExplaining_12,Gek~ That makes sense.,Gek~ Eso tiene sentido.
DialogueWichiwi/Dialogue_Wichiwi_Corrider3_AfterExplaining_13,The Scarlet Kingdom has a ban on magic stretching from antiquity. They even used to hunt down magic users.,El Reino Scarlet prohíbe la magia desde tiempos antiguos. Incluso solían perseguir a los usuarios de magia.
DialogueWichiwi/Dialogue_Wichiwi_Corrider3_AfterExplaining_14,If someone was born with magical powers... they wouldn't be able to survive here.,Si alguien nacía con poderes mágicos... no podría sobrevivir aquí.
DialogueWichiwi/Dialogue_Wichiwi_Corrider3_AfterExplaining_15,Does she want the Rubinite to seek revenge on an entire kingdom?,¿Querrá la Rubinita para vengarse de un reino entero?
DialogueWichiwi/Dialogue_Wichiwi_Corrider3_Day5_1_01,Why don’t we just send the brat in to take a look...,Por qué no mandamos a la mocosa a echar un vistazo...
DialogueWichiwi/Dialogue_Wichiwi_Corrider3_Day5_1_02_Choice,<size=180%>Wichiwi!!!</size>,<size=180%>¡¡¡Wichiwi!!!</size>
DialogueWichiwi/Dialogue_Wichiwi_Corrider3_Day5_1_03,<size=150%>Gek!</size>,<size=150%>¡Gek!</size>
DialogueWichiwi/Dialogue_Wichiwi_Corrider3_Day5_1_04,You!,¡Tú!
DialogueWichiwi/Dialogue_Wichiwi_Corrider3_Day5_1_05,You need to stop popping out of the blue like that!,¡Tienes que dejar de aparecer así de la nada!
DialogueWichiwi/Dialogue_Wichiwi_Corrider3_Day5_1_06,...,...
DialogueWichiwi/Dialogue_Wichiwi_Corrider3_Day5_1_07,Huff... Hah... Huff... Hah...,Fiu... Ah... Fiu... Ah...
DialogueWichiwi/Dialogue_Wichiwi_Corrider3_Day5_1_08,A-alright... I'll leave the investigating to you this time.,B-bien... Esta vez te dejo la investigación a ti.
DialogueWichiwi/Dialogue_Wichiwi_Corrider3_Day5_1_09,...,...
DialogueWichiwi/Dialogue_Wichiwi_Corrider3_Day5_1_10,N-n-not because I’m scared or anything!,¡N-n-no es porque tenga miedo ni nada de eso!
DialogueWichiwi/Dialogue_Wichiwi_Corrider3_Day5_1_11,"Gek! You just sca- I mean, surprised me so much, I’m not in the mood to do any of this.","¡Gek! Me asus- digo, me sorprendiste tanto que no tengo ganas de hacer nada de esto."
DialogueWichiwi/Dialogue_Wichiwi_Corrider3_Day5_1_12,"It's only fair to take responsibility for your actions, you know!","¡Es justo que te hagas responsable de tus acciones, sabes!"
DialogueWichiwi/Dialogue_Wichiwi_Corrider3_Day5_1_13,Go on. I-I'll be waiting for you!,Adelante. ¡T-te estaré esperando!
DialogueWichiwi/Dialogue_Wichiwi_Corrider3_Day5_1_14,"Well, here's the new area, just up ahead...","Bueno, ahí está la nueva zona, justo más adelante..."
DialogueWichiwi/Dialogue_Wichiwi_Corrider3_Day5_1_15,It’s darker than I expected...,Está más oscuro de lo que esperaba...
DialogueWichiwi/Dialogue_Wichiwi_Corrider3_Day5_1_16_Choice,Wichiwi.,Wichiwi.
DialogueWichiwi/Dialogue_Wichiwi_Corrider3_Day5_1_17,<talkVolume=0.4>...</talkVolume>,<talkVolume=0.4>...</talkVolume>
DialogueWichiwi/Dialogue_Wichiwi_Corrider3_Day5_1_18,This is such a pain...,Qué lata...
DialogueWichiwi/Dialogue_Wichiwi_Corrider3_Day5_1_19,Should I just grit my teeth and...,¿Debería simplemente apretar los dientes y...?
DialogueWichiwi/Dialogue_Wichiwi_Corrider3_Day5_1_20_Choice,Wichiwi!,¡Wichiwi!
DialogueWichiwi/Dialogue_Wichiwi_Corrider3_Day5_1_21,<talkVolume=0.4>...</talkVolume>,<talkVolume=0.4>...</talkVolume>
DialogueWichiwi/Dialogue_Wichiwi_Corrider_1_FinalTalk_01,<talkVolume=0.4>Could this be...</talkVolume>,<talkVolume=0.4>¿Será esto...?</talkVolume>
DialogueWichiwi/Dialogue_Wichiwi_Corrider_1_FinalTalk_02_Choice,WICHIWI!,¡WICHIWI!
DialogueWichiwi/Dialogue_Wichiwi_Corrider_1_FinalTalk_03,<size=150%><shake a=1><speed=2>Wah!? Gek!</speed></shake>,<size=150%><shake a=1><speed=2>¡¿Wah?! ¡Gek!</speed></shake>
DialogueWichiwi/Dialogue_Wichiwi_Corrider_1_FinalTalk_04,"<size=150%><shake a=0.2>Cough </shake><size=100%>cough! Hmph, <shake a=0.2>it </shake>, it's you. Is it this late already?","<size=150%><shake a=0.2>Cof </shake><size=100%>cof! Hmph, <shake a=0.2>eres </shake>, eres tú. ¿Ya es tan tarde?"
DialogueWichiwi/Dialogue_Wichiwi_Corrider_1_FinalTalk_05,This strange passage suddenly appeared while you were out.,Este pasadizo extraño apareció de repente mientras no estabas.
DialogueWichiwi/Dialogue_Wichiwi_Corrider_1_FinalTalk_06,I never expected this place to have secret hallways and rooms...,Nunca esperé que este lugar tuviera pasillos y cuartos secretos...
DialogueWichiwi/Dialogue_Wichiwi_Corrider_1_FinalTalk_07,Something must've been deliberately hidden in this monastery.,Algo debe haberse ocultado a propósito en este monasterio.
DialogueWichiwi/Dialogue_Wichiwi_Corrider_1_FinalTalk_08,"I need to investigate this thoroughly, gek!","¡Tengo que investigar esto a fondo, gek!"
DialogueWichiwi/Dialogue_Wichiwi_Corrider_1_FinalTalk_09,<speed=0.2>...Hmm...</speed>,<speed=0.2>...Hmm...</speed>
DialogueWichiwi/Dialogue_Wichiwi_Corrider_1_FinalTalk_10,"But in any case, this is as far as the passage goes right now,<talkVolume=0.3><size=60%><color=#7B7B7B> and this place feels rather eerie.<shake a=0.2> D-do you think there are ghosts here?</shake></color></talkVolume>","Pero, en fin, hasta aquí llega el pasadizo por ahora,<talkVolume=0.3><size=60%><color=#7B7B7B> y este lugar se siente bastante espeluznante.<shake a=0.2> ¿C-crees que haya fantasmas aquí?</shake></color></talkVolume>"
DialogueWichiwi/Dialogue_Wichiwi_Corrider_1_FinalTalk_11,"Gek, I’m going back.","Gek, me vuelvo."
DialogueWichiwi/Dialogue_Wichiwi_Corridor3_Explaining_1_01,"Gek. You sure took your time, kid.","Gek. Sí que te tardaste, niña."
DialogueWichiwi/Dialogue_Wichiwi_Corridor3_Explaining_1_02,Don’t just stand there! Help me move some of this!,¡No te quedes ahí parada! ¡Ayúdame a mover algo de esto!
DialogueWichiwi/Dialogue_Wichiwi_Corridor_1_01,<talkVolume=0.4>This is...</talkVolume>,<talkVolume=0.4>Esto es...</talkVolume>
DialogueWichiwi/Dialogue_Wichiwi_Corridor_1_02_Choice,Wichiwi.,Wichiwi.
DialogueWichiwi/Dialogue_Wichiwi_Corridor_1_03,<talkVolume=0.4>...</talkVolume>,<talkVolume=0.4>...</talkVolume>
DialogueWichiwi/Dialogue_Wichiwi_Corridor_1_04,<talkVolume=0.4>But... It shouldn't...</talkVolume>,<talkVolume=0.4>Pero... no debería...</talkVolume>
DialogueWichiwi/Dialogue_Wichiwi_Corridor_1_05_Choice,Wichiwi!!,¡¡Wichiwi!!
DialogueWichiwi/Dialogue_Wichiwi_Corridor_1_06,<talkVolume=0.4>...</talkVolume>,<talkVolume=0.4>...</talkVolume>
DialogueWichiwi/Dialogue_Wichiwi_D3_Library_1_01,<talkVolume=0.4>What kind of prankster would just leave a stack of blank paper here?</talkVolume>,<talkVolume=0.4>¿Qué clase de bromista dejaría una pila de papel en blanco aquí?</talkVolume>
DialogueWichiwi/Dialogue_Wichiwi_D3_Library_1_02,<talkVolume=0.4>Gek!<shake a=0.2> Blank again?!</shake></talkVolume>,<talkVolume=0.4>¡Gek!<shake a=0.2> ¡¿Otra vez en blanco?!</shake></talkVolume>
DialogueWichiwi/Dialogue_Wichiwi_D3_Library_1_03_Choice,Wichiwi!,¡Wichiwi!
DialogueWichiwi/Dialogue_Wichiwi_D3_Library_1_04,<talkVolume=0.4><shake a=0.2>Words... Pictures...</shake></talkVolume>,<talkVolume=0.4><shake a=0.2>Palabras... Dibujos...</shake></talkVolume>
DialogueWichiwi/Dialogue_Wichiwi_D3_Library_1_05,<shake a=0.2>Anything?<size=120%> There has to be some useful information here!</size></shake>,<shake a=0.2>¿Nada?<size=120%> ¡Tiene que haber información útil aquí!</size></shake>
DialogueWichiwi/Dialogue_Wichiwi_D3_Library_1_06_Choice,Wichiwi!!!,¡¡¡Wichiwi!!!
DialogueWichiwi/Dialogue_Wichiwi_D3_Library_1_07,<size=150%><shake a=0.2>Gwaaah!</shake></size>,<size=150%><shake a=0.2>¡Gwaaah!</shake></size>
DialogueWichiwi/Dialogue_Wichiwi_D3_Library_1_08,<shake a=0.2>You...!</shake>,<shake a=0.2>¡Tú...!</shake>
DialogueWichiwi/Dialogue_Wichiwi_D3_Library_1_09,<shake a=0.2>You little brat! I've told you a million times not to scare people like that!</shake>,<shake a=0.2>¡Mocosa! ¡Te he dicho un millón de veces que no asustes a la gente así!</shake>
DialogueWichiwi/Dialogue_Wichiwi_D3_Library_1_10,...,...
DialogueWichiwi/Dialogue_Wichiwi_D3_Library_1_11,Sigh... Never mind...,Suspiro... Da igual...
DialogueWichiwi/Dialogue_Wichiwi_D3_Library_1_12,What a letdown!,¡Qué decepción!
DialogueWichiwi/Dialogue_Wichiwi_D3_Library_1_13,Every book I've looked through in here so far has been entirely blank!,¡Todos los libros que he revisado aquí están completamente en blanco!
DialogueWichiwi/Dialogue_Wichiwi_D3_Library_1_14,"A large library like this can't just be filled with empty volumes, surely...","Una biblioteca tan grande no puede estar llena solo de tomos vacíos, seguro..."
DialogueWichiwi/Dialogue_Wichiwi_D3_Library_1_15,"Don't bother me right now, I need do some more digging.","No me molestes ahora, necesito seguir buscando."
DialogueWichiwi/Dialogue_Wichiwi_D3_Library_1_16,"<talkVolume=0.4>Where, oh where... can I find a normal book...</talkVolume>","<talkVolume=0.4>Dónde, ay dónde... encontraré un libro normal...</talkVolume>"
DialogueWichiwi/Dialogue_Wichiwi_D3_Library_1_17,<talkVolume=0.4>Blank...</talkVolume>,<talkVolume=0.4>En blanco...</talkVolume>
DialogueWichiwi/Dialogue_Wichiwi_D3_Library_1_18_Choice,Wichiwi?,¿Wichiwi?
DialogueWichiwi/Dialogue_Wichiwi_D3_Library_1_19,<talkVolume=0.4>Blank again...</talkVolume>,<talkVolume=0.4>Otra vez en blanco...</talkVolume>
DialogueWichiwi/Dialogue_Wichiwi_Garden_1_01,<speed=0.6><wave>Gek~ </wave>Moonlight shining upon the grass as a gentle breeze blows... <wave>How relaxing~</speed></wave>,<speed=0.6><wave>Gek~ </wave>La luz de la luna brillando sobre el pasto mientras sopla una brisa suave... <wave>Qué relajante~</speed></wave>
DialogueWichiwi/Dialogue_Wichiwi_Garden_1_02,<speed=0.6>That stubborn Roy... Shame he never enjoys himself.</speed>,<speed=0.6>Ese Roy tan terco... Qué lástima que nunca se relaja.</speed>
DialogueWichiwi/Dialogue_Wichiwi_Garden_1_03,"<speed=0.6>And this place seems pretty spacious too, <wave>so we should be safe from illusion magic, right?</wave></speed>","<speed=0.6>Y este lugar parece bastante amplio también, <wave>así que deberíamos estar a salvo de la magia de ilusión, ¿no?</wave></speed>"
DialogueWichiwi/Dialogue_Wichiwi_Garden_1_04,"<speed=0.5><wave>You should take a breather too, kid.</wave></speed>","<speed=0.5><wave>Tú también deberías tomarte un respiro, niña.</wave></speed>"
DialogueWichiwi/Dialogue_Wichiwi_Garden_1_05,...,...
DialogueWichiwi/Dialogue_Wichiwi_Garden_1_06,Snore... Snooore...,Ronquido... Ronquiiido...
DialogueWichiwi/Dialogue_Wichiwi_Garden_2_01,<size=120%><shake a=1>Gek!?</shake></size> W-what's going on!?,<size=120%><shake a=1>¡¿Gek?!</shake></size> ¡¿Q-qué está pasando?!
DialogueWichiwi/Dialogue_Wichiwi_Garden_2_02,Why is there a corpse here?! What’s with the flames?,¡¿Por qué hay un cadáver aquí?! ¡¿Qué son esas llamas?!
DialogueWichiwi/Dialogue_Wichiwi_Garden_2_04,<color=#525252><size=80%>Can illusion magic conceal temperature too?!</size></color>,<color=#525252><size=80%>¡¿La magia de ilusión también puede ocultar la temperatura?!</size></color>
DialogueWichiwi/Dialogue_Wichiwi_Garden_2_05,These burnt remains look like...,Estos restos quemados parecen...
DialogueWichiwi/Dialogue_Wichiwi_Garden_2_06_Choice,Books?,¿Libros?
DialogueWichiwi/Dialogue_Wichiwi_Garden_2_07,Book burning! Books are the culmination of our ancestors’ wisdom! How could they have done this!,¡Quema de libros! ¡Los libros son la culminación de la sabiduría de nuestros ancestros! ¡¿Cómo pudieron hacer esto?!
DialogueWichiwi/Dialogue_Wichiwi_Garden_2_08,"Oh well, what’s done is done.","En fin, lo hecho, hecho está."
DialogueWichiwi/Dialogue_Wichiwi_Garden_2_09,I’m leaving. I’ll come back in the morning to take a closer look.,Me voy. Vuelvo por la mañana a mirar más de cerca.
DialogueWichiwi/Dialogue_Wichiwi_Garden_2_10,<color=#525252><size=80%>I... I don't want to stay here with that charred corpse...</size></color>,<color=#525252><size=80%>Yo... no quiero quedarme aquí con ese cadáver carbonizado...</size></color>
DialogueWichiwi/Dialogue_Wichiwi_Garden_2_11,"<size=150%><shake a=0.5>Gyaaaah!</shake></size><size=200%><shake a=1>Hot, hot, hot!</shake></size>","<size=150%><shake a=0.5>¡Gyaaaah!</shake></size><size=200%><shake a=1>¡Quema, quema, quema!</shake></size>"
DialogueWichiwi/Dialogue_Wichiwi_Hall_1_01,Let’s take another bite.,Vamos a comer otro bocado.
DialogueWichiwi/Dialogue_Wichiwi_Hall_1_02,...,...
DialogueWichiwi/Dialogue_Wichiwi_Hall_1_03,No flavor whatsoever.,No tiene ningún sabor.
DialogueWichiwi/Dialogue_Wichiwi_Hall_1_04,Bizarre. This building should’ve been abandoned long ago.,Qué raro. Este edificio debería llevar mucho tiempo abandonado.
DialogueWichiwi/Dialogue_Wichiwi_Hall_1_05,"Yet this room remains spotless, as if it had just been lived in.","Y sin embargo, este cuarto sigue impecable, como si lo hubieran habitado hace poco."
DialogueWichiwi/Dialogue_Wichiwi_Hall_1_06,<color=#7D7D7D>Is this entire space frozen at a certain point in time? Perhaps it's some kind of time freeze.</color>,<color=#7D7D7D>¿Estará todo este espacio congelado en cierto momento del tiempo? Tal vez sea algún tipo de congelamiento temporal.</color>
DialogueWichiwi/Dialogue_Wichiwi_Hall_1_07_Choice,Wichiwi,Wichiwi
DialogueWichiwi/Dialogue_Wichiwi_Hall_1_08,The food on the table seems normal enough.,La comida en la mesa parece bastante normal.
DialogueWichiwi/Dialogue_Wichiwi_Hall_1_09,<color=#7D7D7D>None of it has gone moldy or rancid. <speed=0.3>Maybe I should... </speed>give it a try?</color>,<color=#7D7D7D>Nada se enmoheció ni se echó a perder. <speed=0.3>Tal vez debería... </speed>¿probarla?</color>
DialogueWichiwi/Dialogue_Wichiwi_Hall_1_10_Choice,Wichiwi!!!,¡¡¡Wichiwi!!!
DialogueWichiwi/Dialogue_Wichiwi_Hall_1_11,<shake a=0.5><size=180%>Gek! Gwaaah!?</size></shake>,<shake a=0.5><size=180%>¡Gek! ¡¿Gwaaah?!</size></shake>
DialogueWichiwi/Dialogue_Wichiwi_Hall_1_12,Hey you. Could you please call out to me more softly and gently from now on?<shake a=0.1></shake>,"Oye. ¿Podrías, de ahora en más, llamarme de forma más suave y tranquila?<shake a=0.1></shake>"
DialogueWichiwi/Dialogue_Wichiwi_Hall_1_13_Choice,That food looks good.,Esa comida se ve bien.
DialogueWichiwi/Dialogue_Wichiwi_Hall_1_14,"It looks suspicious, more like. It could be a trap.",Más bien se ve sospechosa. Podría ser una trampa.
DialogueWichiwi/Dialogue_Wichiwi_Hall_1_15,<speed=0.2>...</speed>,<speed=0.2>...</speed>
DialogueWichiwi/Dialogue_Wichiwi_Hall_1_16,<speed=2><shake a=0.2>But I’m dying to know how it tastes!</shake></speed>,<speed=2><shake a=0.2>¡Pero me muero por saber a qué sabe!</shake></speed>
DialogueWichiwi/Dialogue_Wichiwi_Hall_1_17,<speed=0.3>...</speed><speed=0.2>...</speed>,<speed=0.3>...</speed><speed=0.2>...</speed>
DialogueWichiwi/Dialogue_Wichiwi_Hall_1_18,"<size=150%>Let's do this. <shake a=0.2>One must develop a taste, quite literally, for the unknown to improve in magic.</size></shake>","<size=150%>Hagámoslo. <shake a=0.2>Hay que desarrollar el gusto, literalmente, por lo desconocido para mejorar en la magia.</size></shake>"
DialogueWichiwi/Dialogue_Wichiwi_Hall_1_19,<speed=0.2>...</speed>,<speed=0.2>...</speed>
DialogueWichiwi/Dialogue_Wichiwi_Hall_1_20,<speed=0.5>Gek...</speed> It's got no flavor at all.,<speed=0.5>Gek...</speed> No tiene ningún sabor.
DialogueWichiwi/Dialogue_Wichiwi_Hall_2_01,Gek... Should've known there's no such thing as a free lunch...,Gek... Debí saber que nada es gratis...
DialogueWichiwi/Dialogue_Wichiwi_Hall_2_02,<shake a=0.5>Urk-</shake><shake a=0.8>urgggh...</shake>,<shake a=0.5>Urk-</shake><shake a=0.8>urgggh...</shake>
DialogueWichiwi/Dialogue_Wichiwi_Hall_2_03,"<shake a=0.2>Cough, cough!</shake> Phew, <wave>much better.</wave>","<shake a=0.2>¡Cof, cof!</shake> Fiu, <wave>mucho mejor.</wave>"
DialogueWichiwi/Dialogue_Wichiwi_Hall_2_04,This space was enveloped by some kind of <wave><size=120%>unknown spell</size></wave>.,Este espacio estaba envuelto en algún tipo de <wave><size=120%>hechizo desconocido</size></wave>.
DialogueWichiwi/Dialogue_Wichiwi_Hall_2_05,Gek. Magic this intricate usually needs a core to maintain stability.,Gek. Una magia tan intrincada suele necesitar un núcleo para mantenerse estable.
DialogueWichiwi/Dialogue_Wichiwi_Hall_2_06,It got deactivated out of the blue just now. Did you do anything?,Se desactivó de repente hace un momento. ¿Hiciste algo?
DialogueWichiwi/Dialogue_Wichiwi_Hall_2_07_Choice,"Well, those roses...","Bueno, esas rosas..."
DialogueWichiwi/Dialogue_Wichiwi_Hall_2_08,<speed=0.3>Flowers?</speed> Gek! That definitely looks unusual... and worthy of an investigation!,<speed=0.3>¿Flores?</speed> ¡Gek! Eso definitivamente se ve fuera de lo común... ¡y digno de investigación!
DialogueWichiwi/Dialogue_Wichiwi_Hall_2_09,"Gek, but before I do that...","Gek, pero antes de eso..."
DialogueWichiwi/Dialogue_Wichiwi_Hall_2_10,I have some urgent business... to attend to...,Tengo un asunto urgente... que atender...
DialogueWichiwi/Dialogue_Wichiwi_MasterSceneCamp_01,The situation isn’t good.,La situación no es buena.
DialogueWichiwi/Dialogue_Wichiwi_MasterSceneCamp_02,But you can't afford to stop now.,Pero no puedes darte el lujo de detenerte ahora.
DialogueWichiwi/Dialogue_Wichiwi_MasterSceneCamp_03,There's only less than an hour left until the full moon. You have to keep going.,Queda menos de una hora para la luna llena. Tienes que seguir.
DialogueWichiwi/Dialogue_Wichiwi_MasterSceneCamp_04,I'll stay behind here.,Yo me quedo aquí.
DialogueWichiwi/Dialogue_Wichiwi_MirrorRoom_1_01,"<size=150%><shake a=0.5>Gek! Fear not, Ruby! I’m here! Gek!!!</shake></size>","<size=150%><shake a=0.5>¡Gek! ¡No temas, Ruby! ¡Estoy aquí! ¡¡¡Gek!!!</shake></size>"
DialogueWichiwi/Dialogue_Wichiwi_MirrorRoom_1_02,<size=105%><shake a=0.3><speed=0.5>...Gek? </speed></shake></size><speed=0.4>...</speed> Huh? I’m confused.,<size=105%><shake a=0.3><speed=0.5>...¿Gek? </speed></shake></size><speed=0.4>...</speed> ¿Eh? Estoy confundido.
DialogueWichiwi/Dialogue_Wichiwi_MirrorRoom_1_03,What were you doing in this tiny storage room this whole time?,¿Qué estuviste haciendo todo este tiempo en este cuartito de depósito?
DialogueWichiwi/Dialogue_Wichiwi_MirrorRoom_1_04,"I kept calling out to you, but you never responded.","Te estuve llamando todo el tiempo, pero nunca respondiste."
DialogueWichiwi/Dialogue_Wichiwi_MirrorRoom_1_05,Gek. I thought you were in danger.,Gek. Pensé que estabas en peligro.
DialogueWichiwi/Dialogue_Wichiwi_MirrorRoom_2_01,...,...
DialogueWichiwi/Dialogue_Wichiwi_MirrorRoom_2_02,"Look, call this a huge labyrinth all you want...","Mira, llámalo laberinto gigante todo lo que quieras..."
DialogueWichiwi/Dialogue_Wichiwi_MirrorRoom_2_03,"But far as I can tell, this just looks like an ordinary storage room.","Pero, por lo que veo, esto solo parece un depósito común y corriente."
DialogueWichiwi/Dialogue_Wichiwi_MirrorRoom_2_04,...,...
DialogueWichiwi/Dialogue_Wichiwi_MirrorRoom_2_05,"Gek! You’re not trying to scare me, are you?","¡Gek! No estarás intentando asustarme, ¿verdad?"
DialogueWichiwi/Dialogue_Wichiwi_MirrorRoom_2_06_Choice,I’m telling the truth!,¡Estoy diciendo la verdad!
DialogueWichiwi/Dialogue_Wichiwi_MirrorRoom_2_07,...,...
DialogueWichiwi/Dialogue_Wichiwi_MirrorRoom_2_08,"Even if you are, I don't see anything worth looking at in here.","Aunque sea así, no veo nada que valga la pena mirar aquí."
DialogueWichiwi/Dialogue_Wichiwi_MirrorRoom_2_09,"I’m going back now, gek!","¡Me voy de vuelta, gek!"
DialogueWichiwi/Dialogue_Wichiwi_Office_1_01,Gek....,Gek...
DialogueWichiwi/Dialogue_Wichiwi_Office_1_02,Stop swinging that knife around! It's dangerous!,¡Deja de agitar ese cuchillo por ahí! ¡Es peligroso!
DialogueWichiwi/Dialogue_Wichiwi_Office_1_03,Phew...,Fiu...
DialogueWichiwi/Dialogue_Wichiwi_Office_1_04,"Got you all scared this time, didn’t I? Gekekek~","Te asusté bien esta vez, ¿eh? Gekekek~"
DialogueWichiwi/Dialogue_Wichiwi_Office_1_05,Check out my Super Stealth Sneaky Invisibility Illusion Stealth Suit~,¡Miren mi Súper Traje de Sigilo Furtivo de Invisibilidad e Ilusión Sigilosa~!
DialogueWichiwi/Dialogue_Wichiwi_Office_1_06_Choice,I wasn’t scared.,No tuve miedo.
DialogueWichiwi/Dialogue_Wichiwi_Office_1_07,No use denying it! I saw the look of terror on your face~,¡No sirve de nada negarlo! Vi el terror en tu cara~
DialogueWichiwi/Dialogue_Wichiwi_Office_1_08,"Over the last few days, I've been sampling and analyzing the illusion magic in these spaces.","En estos últimos días, estuve tomando muestras y analizando la magia de ilusión de estos espacios."
DialogueWichiwi/Dialogue_Wichiwi_Office_1_09,And what you just witnessed was the fruit of my labor—the successful integration of illusion magic into a talisman.,Y lo que acabas de presenciar fue el fruto de mi trabajo: la integración exitosa de la magia de ilusión en un talismán.
DialogueWichiwi/Dialogue_Wichiwi_Office_1_10,"While it can't create the same level of illusion, it will allow its user to stay invisible~","Aunque no puede crear el mismo nivel de ilusión, permite que quien lo use se mantenga invisible~"
DialogueWichiwi/Dialogue_Wichiwi_Office_1_11,"Right, time to continue with my research here~","Bien, hora de seguir con mi investigación aquí~"
DialogueWichiwi/Dialogue_Wichiwi_Office_1_12_Choice,"You said ""stealth"" twice.","Dijiste ""sigilo"" dos veces."
DialogueWichiwi/Dialogue_Wichiwi_Office_1_13,Ah~ Let’s not get caught up in the details.,Ah~ No nos enfoquemos en los detalles.
DialogueWichiwi/Dialogue_Wichiwi_Office_1_Start_01,<size=110%>Gyaaaah!</size>,<size=110%>¡Gyaaaah!</size>
DialogueWichiwi/Dialogue_Wichiwi_Office_1_Start_02,<size=110%><shake a=0.001>C-calm down! It's me!</shake></size>,<size=110%><shake a=0.001>¡C-cálmate! ¡Soy yo!</shake></size>
DialogueWichiwi/Dialogue_Wichiwi_Office_2_01,Looks like this place was the office of some big shot.,Parece que este lugar era la oficina de algún pez gordo.
DialogueWichiwi/Dialogue_Wichiwi_Office_2_02,There's not a worthwhile book to be found here.,No hay ningún libro que valga la pena por aquí.
DialogueWichiwi/Dialogue_Wichiwi_Office_3_01,Gyaaaaah?!,¡¿Gyaaaaah?!
DialogueWichiwi/Dialogue_Wichiwi_Office_3_02,M-My word... A headless corpse!?,P-por todos los... ¡¿un cadáver sin cabeza?!
DialogueWichiwi/Dialogue_Wichiwi_Office_3_03,This feels wrong... Something’s really off about this place.,Esto se siente mal... Hay algo realmente raro con este lugar.
DialogueWichiwi/Dialogue_Wichiwi_Office_3_04,...I don’t see anything worth investigating...,...No veo nada que valga la pena investigar...
DialogueWichiwi/Dialogue_Wichiwi_Office_3_05,I... can't stay here any longer... S-see you later!,Yo... no puedo quedarme aquí más tiempo... ¡N-nos vemos luego!
DialogueWichiwi/Dialogue_Wichiwi_Santuary_Day10_01,Everything’s pretty much packed up.,Ya está prácticamente todo empacado.
DialogueWichiwi/Dialogue_Wichiwi_Santuary_Day10_02,"Once you’re ready, let’s go.","En cuanto estés lista, vamos."
DialogueWichiwi/Dialogue_Wichiwi_Santuary_Day1_01,Gek. You leaving?,Gek. ¿Ya te vas?
DialogueWichiwi/Dialogue_Wichiwi_Santuary_Day1_02,"Here, this is for you.","Toma, esto es para ti."
DialogueWichiwi/Dialogue_Wichiwi_Santuary_Day1_02_SecondRun_01,This is a—,Esto es un—
DialogueWichiwi/Dialogue_Wichiwi_Santuary_Day1_02_SecondRun_02_Choice,Talisman Satchel?,¿Bolsa de Talismanes?
DialogueWichiwi/Dialogue_Wichiwi_Santuary_Day1_02_SecondRun_03,"You know your stuff, huh?","Sabes bastante, ¿eh?"
DialogueWichiwi/Dialogue_Wichiwi_Santuary_Day1_02_SecondRun_04,I've already put a few talismans inside.,Ya puse algunos talismanes adentro.
DialogueWichiwi/Dialogue_Wichiwi_Santuary_Day1_02_SecondRun_05,"Gek, there's plenty of good stuff in there, so take care of it.","Gek, ahí adentro hay cosas bastante buenas, así que cuídala."
DialogueWichiwi/Dialogue_Wichiwi_Santuary_Day1_03,It’s a talisman. Take it with you.,Es un talismán. Llévatelo.
DialogueWichiwi/Dialogue_Wichiwi_Santuary_Day1_04,"It's not exactly a rare artifact, but it should give you slightly more of a fighting chance. Gek~","No es exactamente un artefacto raro, pero debería darte un poco más de ventaja en la pelea. Gek~"
DialogueWichiwi/Dialogue_Wichiwi_Santuary_Day1_05,"<speed=0.4>Hehe...</speed> Since you accepted my gift, the proper thing would be to do me a favor, right? Gekeke~","<speed=0.4>Jeje...</speed> Ya que aceptaste mi regalo, lo correcto sería hacerme un favor, ¿no? Gekeke~"
DialogueWichiwi/Dialogue_Wichiwi_Santuary_Day1_06,"If you can help me collect <color=#fc2119>Blood Dust</color> or other <color=#fc2119>special items</color>, I can help you craft more equipment.","Si me ayudas a conseguir <color=#fc2119>Polvo de Sangre</color> u otros <color=#fc2119>objetos especiales</color>, puedo ayudarte a fabricar más equipo."
DialogueWichiwi/Dialogue_Wichiwi_Santuary_Day1_06_SecondRun_01_Choice,Like Healing Potions?,¿Como Pociones de Curación?
DialogueWichiwi/Dialogue_Wichiwi_Santuary_Day1_06_SecondRun_02,"Kid, are you still half-asleep? No item's that convenient.","Niña, ¿todavía estás medio dormida? Ningún objeto es tan conveniente."
DialogueWichiwi/Dialogue_Wichiwi_Santuary_Day1_06_SecondRun_03,Want to see what I can make?,¿Quieres ver qué puedo fabricar?
DialogueWichiwi/Dialogue_Wichiwi_Santuary_Day1_07,"Sounds like a great deal, doesn’t it? Don’t you want to see what I can make?","Suena a un buen trato, ¿no? ¿No quieres ver qué puedo fabricar?"
DialogueWichiwi/Dialogue_Wichiwi_Santuary_Day1_08_Choice,Sure.,Claro.
DialogueWichiwi/Dialogue_Wichiwi_Santuary_Day1_09,"Well, if you come across any <color=#fc2119>Blood Dust</color> or <color=#fc2119>special item</color>, you can bring it to me.","Bueno, si encuentras <color=#fc2119>Polvo de Sangre</color> o algún <color=#fc2119>objeto especial</color>, puedes traérmelo."
DialogueWichiwi/Dialogue_Wichiwi_Santuary_Day1_10,"I’ll make it worth your while, Gek.","Va a valer la pena, Gek."
DialogueWichiwi/Dialogue_Wichiwi_Santuary_Day1_11_Choice,No,No
DialogueWichiwi/Dialogue_Wichiwi_Santuary_Day2_01,Leaving already?,¿Ya te vas?
DialogueWichiwi/Dialogue_Wichiwi_Santuary_Day2_02,"You guys go ahead, don't worry about me.","Vayan ustedes, no se preocupen por mí."
DialogueWichiwi/Dialogue_Wichiwi_Santuary_Day2_03_Choice,We’ll leave the housekeeping to you.,Te dejamos a ti las tareas de la casa.
DialogueWichiwi/Dialogue_Wichiwi_Santuary_Day2_04,W-what do you take me for!?,¡¿P-por quién me tomas?!
DialogueWichiwi/Dialogue_Wichiwi_Santuary_Day2_05_Choice,Let's go together?,¿Vamos juntos?
DialogueWichiwi/Dialogue_Wichiwi_Santuary_Day2_06,Do I look like a fighter to you!? Gek!,¡¿Te parezco un luchador?! ¡Gek!
DialogueWichiwi/Dialogue_Wichiwi_Santuary_Day2_Night_01,W-what else do you want?,¿Q-qué más quieres?
DialogueWichiwi/Dialogue_Wichiwi_Santuary_Day2_Night_02,<shake a=0.1>Uh...</shake>,<shake a=0.1>Eh...</shake>
DialogueWichiwi/Dialogue_Wichiwi_Santuary_Day2_Night_BackToChurch_01,"<shake a=0.2>Gek... Gek...!!</shake> Seriously, how is this guy so heavy!?","<shake a=0.2>Gek... ¡¡Gek...!!</shake> En serio, ¡¿cómo puede pesar tanto este tipo?!"
DialogueWichiwi/Dialogue_Wichiwi_Santuary_Day2_Night_BackToChurch_02,"Right, a couple stitches here<speed=0.2>...</speed> Patch things up here<speed=0.2>...</speed>","Bien, un par de puntos aquí<speed=0.2>...</speed> Arreglo esto aquí<speed=0.2>...</speed>"
DialogueWichiwi/Dialogue_Wichiwi_Santuary_Day2_Night_BackToChurch_03,Gek! That’s that arm taken care of!,¡Gek! ¡Listo ese brazo!
DialogueWichiwi/Dialogue_Wichiwi_Santuary_Day2_Night_BackToChurch_04_Choice,Is Roy... going to die?,¿Roy... se va a morir?
DialogueWichiwi/Dialogue_Wichiwi_Santuary_Day2_Night_BackToChurch_05,"Hmm... Don’t be fooled by his thoughtful demeanor, kid.","Hmm... No te dejes engañar por su aire reflexivo, niña."
DialogueWichiwi/Dialogue_Wichiwi_Santuary_Day2_Night_BackToChurch_06,"When things come down to the wire, he can be an impulsive fool.","Cuando las cosas se ponen difíciles, puede ser un tonto impulsivo."
DialogueWichiwi/Dialogue_Wichiwi_Santuary_Day2_Night_BackToChurch_07_Choice,...,...
DialogueWichiwi/Dialogue_Wichiwi_Santuary_Day2_Night_BackToChurch_08,"Gekeke~ Don't worry, it takes a lot more than that to finish him.","Gekeke~ Tranquila, hace falta mucho más que eso para acabar con él."
DialogueWichiwi/Dialogue_Wichiwi_Santuary_Day2_Night_BackToChurch_09_Choice,R-really?,¿E-en serio?
DialogueWichiwi/Dialogue_Wichiwi_Santuary_Day2_Night_BackToChurch_10,"Even if he tries to end himself, the <color=#fc2119>Pureblood Crystal</color> won't allow him to die.","Aunque intente acabar con su propia vida, el <color=#fc2119>Cristal de Sangre Pura</color> no lo va a dejar morir."
DialogueWichiwi/Dialogue_Wichiwi_Santuary_Day3_02,"Well, if you come across any <color=#fc2119>Blood Dust</color> or <color=#fc2119>special item</color>, you can bring it to me.","Bueno, si encuentras <color=#fc2119>Polvo de Sangre</color> o algún <color=#fc2119>objeto especial</color>, puedes traérmelo."
DialogueWichiwi/Dialogue_Wichiwi_Santuary_Day3_03,"I’ll make it worth your while, Gek.","Va a valer la pena, Gek."
DialogueWichiwi/Dialogue_Wichiwi_Santuary_Day3_Night_01,That bell is way too loud...,Esa campana es demasiado ruidosa...
DialogueWichiwi/Dialogue_Wichiwi_Santuary_Day3_Night_02,<shake a=0.2>Gek... My ears...</shake>,<shake a=0.2>Gek... Mis oídos...</shake>
DialogueWichiwi/Dialogue_Wichiwi_Santuary_Day3_Night_03,W-what else do you want?,¿Q-qué más quieres?
DialogueWichiwi/Dialogue_Wichiwi_Santuary_Day4_01,I discovered tons of incredible information inside the belfry.,Descubrí una tonelada de información increíble dentro del campanario.
DialogueWichiwi/Dialogue_Wichiwi_Santuary_Day4_02,"But before I tell you what I learned, I'd like to ask if you encountered anything strange during your investigation these past few days.","Pero antes de contarte lo que aprendí, quiero preguntarte si encontraste algo extraño durante tu investigación estos últimos días."
DialogueWichiwi/Dialogue_Wichiwi_Santuary_Day4_03_Choice,Strange images,Imágenes extrañas
DialogueWichiwi/Dialogue_Wichiwi_Santuary_Day4_04,...I knew it.,...Lo sabía.
DialogueWichiwi/Dialogue_Wichiwi_Santuary_Day4_05,The room that was unsealed was actually hidden under an ancient illusion spell.,El cuarto que se desselló en realidad estaba oculto bajo un antiguo hechizo de ilusión.
DialogueWichiwi/Dialogue_Wichiwi_Santuary_Day4_06,"If the texts are correct, magic like that is made by projecting memories to build the illusion.","Si los textos son correctos, ese tipo de magia se hace proyectando recuerdos para construir la ilusión."
DialogueWichiwi/Dialogue_Wichiwi_Santuary_Day4_07,You must've brushed against the core without realizing and destroyed the illusion.,Debiste haber rozado el núcleo sin darte cuenta y destruiste la ilusión.
DialogueWichiwi/Dialogue_Wichiwi_Santuary_Day4_08,Whoever cast such a sophisticated spell clearly didn't want anyone to see the room as it truly is. ,Quien haya lanzado un hechizo tan sofisticado claramente no quería que nadie viera el cuarto tal como es en verdad.
DialogueWichiwi/Dialogue_Wichiwi_Santuary_Day4_09,What else did you see in that memory?,¿Qué más viste en ese recuerdo?
DialogueWichiwi/Dialogue_Wichiwi_Santuary_Day4_10_Choice,I don't remember.,No me acuerdo.
DialogueWichiwi/Dialogue_Wichiwi_Santuary_Day4_11,"Gek, was it like a dream, hard to remember once you wake up?","Gek, ¿fue como un sueño, difícil de recordar una vez que despiertas?"
DialogueWichiwi/Dialogue_Wichiwi_Santuary_Day4_12,Hmm... In any case—,Hmm... En fin—
DialogueWichiwi/Dialogue_Wichiwi_Santuary_Day4_13,"This is fascinating! Wow!
I've never seen this kind of spell before!","¡Esto es fascinante! ¡Guau!
¡Nunca había visto este tipo de hechizo!"
DialogueWichiwi/Dialogue_Wichiwi_Santuary_Day4_14,I must perform more research!,¡Tengo que investigar más!
DialogueWichiwi/Dialogue_Wichiwi_Santuary_Day4_15_Choice,Blurry people,Personas borrosas
DialogueWichiwi/Dialogue_Wichiwi_Santuary_Day4_16_Choice,A lizard with an upset stomach,Un lagarto con dolor de panza
DialogueWichiwi/Dialogue_Wichiwi_Santuary_Day4_17,...I knew i-,...Lo sabía-
DialogueWichiwi/Dialogue_Wichiwi_Santuary_Day4_18,Gek! Stop joking around! I'm making a serious point here!,¡Gek! ¡Deja de bromear! ¡Estoy diciendo algo en serio!
DialogueWichiwi/Dialogue_Wichiwi_Santuary_Day4_19_Choice,Strange images,Imágenes extrañas
DialogueWichiwi/Dialogue_Wichiwi_Santuary_Day4_20_Choice,Blurry people,Personas borrosas
DialogueWichiwi/Dialogue_Wichiwi_Santuary_Day4_Night_01,My back is still hurting...,Todavía me duele la espalda...
DialogueWichiwi/Dialogue_Wichiwi_Santuary_Day4_Night_02,"Oh, heavens... Why am I always on the receiving end of these misfortunes?","Ay, por favor... ¿Por qué siempre me toca a mí sufrir estas desgracias?"
DialogueWichiwi/Dialogue_Wichiwi_Santuary_Day5_01,Gek. You leaving?,Gek. ¿Ya te vas?
DialogueWichiwi/Dialogue_Wichiwi_Santuary_Day5_02,"I tell you, the illusion magic inside this monastery is deeply intriguing!","Te digo, ¡la magia de ilusión de este monasterio es sumamente fascinante!"
DialogueWichiwi/Dialogue_Wichiwi_Santuary_Day5_03,Just imagine it...,Solo imagínalo...
DialogueWichiwi/Dialogue_Wichiwi_Santuary_Day5_04,"The ability to look stronger, taller or more charismatic. You could change color or even become invisible!","La capacidad de verte más fuerte, más alta o más carismática. ¡Podrías cambiar de color o hasta volverte invisible!"
DialogueWichiwi/Dialogue_Wichiwi_Santuary_Day5_05_Choice,I’d like to grow taller...,A mí me gustaría crecer más...
DialogueWichiwi/Dialogue_Wichiwi_Santuary_Day5_06,That's the spirit!,¡Ese es el espíritu!
DialogueWichiwi/Dialogue_Wichiwi_Santuary_Day5_07,"I’ll let you know as soon as I find a way, little one! Gekeke~","¡Te aviso en cuanto encuentre la forma, pequeña! Gekeke~"
DialogueWichiwi/Dialogue_Wichiwi_Santuary_Day5_08_Choice,Invisibility...,Invisibilidad...
DialogueWichiwi/Dialogue_Wichiwi_Santuary_Day5_09,"You've got another thing coming if you dare use it to scare me, you little brat!","¡Te vas a llevar una sorpresa si te atreves a usarla para asustarme, mocosa!"
DialogueWichiwi/Dialogue_Wichiwi_Santuary_Day5_10,"Gek, well, time to get researching!","Gek, bueno, ¡hora de seguir investigando!"
DialogueWichiwi/Dialogue_Wichiwi_Santuary_Day6_01,"Can't you see I’m in the middle of something, kid?","¿No ves que estoy en medio de algo, niña?"
DialogueWichiwi/Dialogue_Wichiwi_Santuary_Day6_02,I just need to carve the corresponding rune...,Solo necesito grabar la runa correspondiente...
DialogueWichiwi/Dialogue_Wichiwi_Santuary_Day6_Night_04,<size=80%>...</size>,<size=80%>...</size>
DialogueWichiwi/Dialogue_Wichiwi_Santuary_Day7_01,I don’t know where Roy went.,No sé a dónde fue Roy.
DialogueWichiwi/Dialogue_Wichiwi_Santuary_Day7_02,But never mind him. My detection results show that the mana sources associated with the city gates have dissipated.,Pero olvídate de él. Mis resultados de detección muestran que las fuentes de maná asociadas con las puertas de la ciudad se disiparon.
DialogueWichiwi/Dialogue_Wichiwi_Santuary_Day7_03,"Therefore, the seal should be lifted.","Por lo tanto, el sello debería haberse levantado."
DialogueWichiwi/Dialogue_Wichiwi_Santuary_Day7_04,Stop wasting time here and get investigating!,¡Deja de perder el tiempo aquí y ve a investigar!
DialogueWichiwi/Dialogue_Wichiwi_Santuary_Day9_1_Night_01,"Gek, you’re finally awake, kid.","Gek, por fin despertaste, niña."
DialogueWichiwi/Dialogue_Wichiwi_Santuary_Day9_1_Night_02,The gates to the Royal Capital are open.,Las puertas de la Capital Real están abiertas.
DialogueWichiwi/Dialogue_Wichiwi_Santuary_Day9_1_Night_03,"Roy brought you home, then went right back to the Royal Capital.","Roy te trajo a casa, y después volvió enseguida a la Capital Real."
DialogueWichiwi/Dialogue_Wichiwi_Santuary_Day9_1_Night_04,You were unconscious for two whole days.,Estuviste inconsciente dos días enteros.
DialogueWichiwi/Dialogue_Wichiwi_Santuary_Day9_1_Night_05,I can’t believe he made me babysit for...,No puedo creer que me hizo de niñera durante...
DialogueWichiwi/Dialogue_Wichiwi_Santuary_Day9_1_Night_06,"Gek, never mind! I have some new findings concerning the Pureblood Crystal, but I'll need a bit more time to verify them.","Gek, ¡da igual! Tengo algunos hallazgos nuevos sobre el Cristal de Sangre Pura, pero necesito un poco más de tiempo para confirmarlos."
DialogueWichiwi/Dialogue_Wichiwi_Santuary_Day9_1_Night_07,"New areas have opened up, but I wasn’t able to find any useful information.","Se abrieron nuevas zonas, pero no pude encontrar información útil."
DialogueWichiwi/Dialogue_Wichiwi_Santuary_Day9_1_Night_08,"Based on previous experiences, it’s likely that they've also been altered by illusion magic.","Basándome en experiencias anteriores, es probable que también hayan sido alteradas por magia de ilusión."
DialogueWichiwi/Dialogue_Wichiwi_Santuary_Day9_1_Night_09,"Gek, I’m helpless against those illusions. You should go poke around~","Gek, yo no puedo hacer nada contra esas ilusiones. Deberías ir a curiosear~"
DialogueWichiwi/Dialogue_Wichiwi_Santuary_Day9_2_Night_01,"If there’s nothing else to do, you should get some rest, kid.","Si no hay nada más que hacer, deberías descansar, niña."
DialogueWichiwi/Dialogue_Wichiwi_Santuary_General_1,What do you want?,¿Qué quieres?
DialogueWichiwi/Dialogue_Wichiwi_SubTree_GiveBrokenTalisman_01,<wave>Gek! Did you find something new?</wave>,<wave>¡Gek! ¿Encontraste algo nuevo?</wave>
DialogueWichiwi/Dialogue_Wichiwi_SubTree_GiveBrokenTalisman_02,...,...
DialogueWichiwi/Dialogue_Wichiwi_SubTree_GiveBrokenTalisman_03,Gek?<shake a=0.1> You came to me empty-handed?!</shake>,¿Gek?<shake a=0.1> ¡¿Viniste con las manos vacías?!</shake>
DialogueWichiwi/Dialogue_Wichiwi_SubTree_GiveBrokenTalisman_04_Choice,Hand over the damaged white talisman,Entregar el talismán blanco dañado
DialogueWichiwi/Dialogue_Wichiwi_SubTree_GiveBrokenTalisman_05,This is... a broken talisman?,Esto es... ¿un talismán roto?
DialogueWichiwi/Dialogue_Wichiwi_SubTree_GiveBrokenTalisman_06,Folks in the past thought talismans were just good luck charms that also demonstrated your faith.,La gente de antes pensaba que los talismanes eran solo amuletos de la suerte que además demostraban tu fe.
DialogueWichiwi/Dialogue_Wichiwi_SubTree_GiveBrokenTalisman_07,What they didn't know is that talismans are actually sophisticated magical objects!,¡Lo que no sabían es que los talismanes en realidad son objetos mágicos sofisticados!
DialogueWichiwi/Dialogue_Wichiwi_SubTree_GiveBrokenTalisman_08,"Gek! You're in luck, because I’m <wave>the best talisman craftsman in the world</wave>!","¡Gek! Estás de suerte, porque soy <wave>el mejor artesano de talismanes del mundo</wave>!"
DialogueWichiwi/Dialogue_Wichiwi_SubTree_GiveBrokenTalisman_09,<speed=0.2>...</speed>,<speed=0.2>...</speed>
DialogueWichiwi/Dialogue_Wichiwi_SubTree_GiveBrokenTalisman_10,"Okay, the best in my country.","Bueno, el mejor de mi país."
DialogueWichiwi/Dialogue_Wichiwi_SubTree_GiveBrokenTalisman_11,<speed=0.2>...</speed>,<speed=0.2>...</speed>
DialogueWichiwi/Dialogue_Wichiwi_SubTree_GiveBrokenTalisman_12,"Oh fine, fine. I was the best in my home town. <shake a=0.2>Now stop giving me that look! Gek!","Ay, está bien, está bien. Era el mejor de mi pueblo. <shake a=0.2>¡Deja de mirarme así! ¡Gek!"
DialogueWichiwi/Dialogue_Wichiwi_SubTree_GiveBrokenTalisman_13,"Anyways, with this, I can make more talismans for you.","Bueno, con esto puedo fabricarte más talismanes."
DialogueWichiwi/Dialogue_Wichiwi_SubTree_GiveBrokenTalisman_14,"If you find any more, you can bring them to me.","Si encuentras más, puedes traérmelos."
DialogueWichiwi/Dialogue_Wichiwi_SubTree_GiveBrokenTalisman_15,"With this, I can make more talismans for you.",Con esto puedo fabricarte más talismanes.
DialogueWichiwi/Dialogue_Wichiwi_SubTree_GiveBrokenTalisman_16_Choice,Hand over the damaged orange talisman,Entregar el talismán naranja dañado
DialogueWichiwi/Dialogue_Wichiwi_SubTree_GiveBrokenTalisman_17_Choice,Hand over the damaged yellow talisman,Entregar el talismán amarillo dañado
DialogueWichiwi/Dialogue_Wichiwi_SubTree_GiveBrokenTalisman_18_Choice,Hand over the damaged blue talisman,Entregar el talismán azul dañado
DialogueWichiwi/Dialogue_Wichiwi_SubTree_GiveBrokenTalisman_19_Choice,Hand over the damaged green talisman,Entregar el talismán verde dañado
DialogueWichiwi/Dialogue_Wichiwi_SubTree_GiveBrokenTalisman_20_Choice,Hand over the damaged purple talisman,Entregar el talismán morado dañado
DialogueWichiwi/Dialogue_Wichiwi_SubTree_GiveBrokenTalisman_21_Choice,Hand over the damaged red talisman,Entregar el talismán rojo dañado
DialogueWichiwiExplaining/Dialogue_Wichiwi_Explaining_01_01,"To understand the Witch, we must start from the very beginning.","Para entender a la Bruja, hay que empezar desde el principio."
DialogueWichiwiExplaining/Dialogue_Wichiwi_Explaining_02_01,"House Scarlet possessed a unique bloodline, that of the Pureblood.",La Casa Scarlet poseía un linaje único: el de la Sangre Pura.
DialogueWichiwiExplaining/Dialogue_Wichiwi_Explaining_02_02,It bestowed upon your people powerful magic.,Eso le dio a tu gente una magia poderosa.
DialogueWichiwiExplaining/Dialogue_Wichiwi_Explaining_03_01,It also grants you your blood-red eyes.,También es lo que te da esos ojos rojo sangre.
DialogueWichiwiExplaining/Dialogue_Wichiwi_Explaining_03_02_Choice,"You drew them in white, though.",Pero los dibujaste en blanco.
DialogueWichiwiExplaining/Dialogue_Wichiwi_Explaining_03_03,"I know, just pretend for a bit~","Lo sé, solo finge un rato~"
DialogueWichiwiExplaining/Dialogue_Wichiwi_Explaining_03_04,"I only have white chalk to work with, gek.","Solo tengo tiza blanca para trabajar, gek."
DialogueWichiwiExplaining/Dialogue_Wichiwi_Explaining_03_05_Choice,I have red chalk!,¡Yo tengo tiza roja!
DialogueWichiwiExplaining/Dialogue_Wichiwi_Explaining_04_01,...,...
DialogueWichiwiExplaining/Dialogue_Wichiwi_Explaining_04_02,Gek... Fine. Now it feels more immersive.,Gek... Está bien. Ahora se siente más inmersivo.
DialogueWichiwiExplaining/Dialogue_Wichiwi_Explaining_05_01,The Witch used the eyes of your people to extract Pureblood Crystals.,La Bruja usaba los ojos de tu gente para extraer Cristales de Sangre Pura.
DialogueWichiwiExplaining/Dialogue_Wichiwi_Explaining_05_02,The strength of the Crystals are directly related to blood purity.,La fuerza de los Cristales está directamente relacionada con la pureza de la sangre.
DialogueWichiwiExplaining/Dialogue_Wichiwi_Explaining_05_03,That makes direct bloodlines like yours and the King's perfect for this procedure.,"Eso hace que los linajes directos, como el tuyo y el del Rey, sean perfectos para este procedimiento."
DialogueWichiwiExplaining/Dialogue_Wichiwi_Explaining_05_04_Choice,<color=#9d9d9d><size=90%>...Father...</size></color>,<color=#9d9d9d><size=90%>...Padre...</size></color>
DialogueWichiwiExplaining/Dialogue_Wichiwi_Explaining_06_01,"There was one thing I was confused about, though.",Aunque había algo que no terminaba de entender.
DialogueWichiwiExplaining/Dialogue_Wichiwi_Explaining_06_02,The strength of the resulting Crystals shouldn't be that different between direct and indirect bloodlines.,La fuerza de los Cristales resultantes no debería variar tanto entre linajes directos e indirectos.
DialogueWichiwiExplaining/Dialogue_Wichiwi_Explaining_06_03,"I figured that if the Witch was only after the Crystals, there'd be no need for her to go to such lengths.","Pensé que si la Bruja solo buscaba los Cristales, no tendría por qué tomarse tantas molestias."
DialogueWichiwiExplaining/Dialogue_Wichiwi_Explaining_06_04,"...That was, until I discovered a long-forgotten legend in the belfry.",...Eso fue hasta que descubrí una leyenda olvidada hace mucho en el campanario.
DialogueWichiwiExplaining/Dialogue_Wichiwi_Explaining_07_01,The legend tells of how the goddess Scarlet created a gemstone called the Rubinite.,La leyenda cuenta cómo la diosa Scarlet creó una gema llamada la Rubinita.
DialogueWichiwiExplaining/Dialogue_Wichiwi_Explaining_07_02,"It held limitless power that bestowed fertility onto the land, drew people together, and gave rise to a kingdom.","Poseía un poder ilimitado que le dio fertilidad a la tierra, unió a la gente y dio origen a un reino."
DialogueWichiwiExplaining/Dialogue_Wichiwi_Explaining_08_01,"To keep the Rubinite out of wicked hands, the goddess sealed it inside a mortal vessel.","Para mantener la Rubinita lejos de manos malvadas, la diosa la selló dentro de un recipiente mortal."
DialogueWichiwiExplaining/Dialogue_Wichiwi_Explaining_08_02,"That person was known as the ""True Vessel,"" the founder of the Scarlet Kingdom. You are one of his descendants.","Esa persona fue conocida como el ""Verdadero Recipiente"", el fundador del Reino Scarlet. Tú eres una de sus descendientes."
DialogueWichiwiExplaining/Dialogue_Wichiwi_Explaining_09_01,"If this legend is true, then the Witch isn’t after your eyes, nor the Crystals.","Si esta leyenda es cierta, entonces la Bruja no busca tus ojos, ni los Cristales."
DialogueWichiwiExplaining/Dialogue_Wichiwi_Explaining_09_02,She's after the Rubinite.,Busca la Rubinita.
DialogueWichiwiExplaining/Dialogue_Wichiwi_Explaining_10_01,"From what I've read of research notes scattered across the land,","Por lo que leí en notas de investigación esparcidas por toda la tierra,"
DialogueWichiwiExplaining/Dialogue_Wichiwi_Explaining_10_02,"the moon is the source of Scarlet's power, while the Rubinite draws power from the Blood Moon.","la luna es la fuente del poder de Scarlet, mientras que la Rubinita saca su poder de la Luna de Sangre."
DialogueWichiwiExplaining/Dialogue_Wichiwi_Explaining_10_03_Choice,Blood Moon?,¿Luna de Sangre?
DialogueWichiwiExplaining/Dialogue_Wichiwi_Explaining_10_04,"Correct, gek.","Correcto, gek."
DialogueWichiwiExplaining/Dialogue_Wichiwi_Explaining_11_01,"Every few centuries, a crimson full moon rises to the skies.","Cada pocos siglos, una luna llena carmesí se alza en el cielo."
DialogueWichiwiExplaining/Dialogue_Wichiwi_Explaining_11_02,"If a powerful Pureblood Crystal is bathed in its light,","Si un Cristal de Sangre Pura poderoso se baña en su luz,"
DialogueWichiwiExplaining/Dialogue_Wichiwi_Explaining_11_03,"it will transform into true Rubinite,","se transforma en la verdadera Rubinita,"
DialogueWichiwiExplaining/Dialogue_Wichiwi_Explaining_12_01,granting the Witch limitless power.,otorgándole a la Bruja un poder ilimitado.
DialogueWichiwiExplaining/Dialogue_Wichiwi_Explaining_12_02,"That would spell the end for not only the Scarlet Kingdom, but the entire world.","Eso significaría el fin no solo del Reino Scarlet, sino del mundo entero."
DialogueWichiwiExplaining/Dialogue_Wichiwi_Explaining_12_03_Choice,...When's the next Blood Moon?,...¿Cuándo es la próxima Luna de Sangre?
DialogueWichiwiExplaining/Dialogue_Wichiwi_Explaining_12_04,That’s the worst part...,Esa es la peor parte...
DialogueWichiwiExplaining/Dialogue_Wichiwi_Explaining_12_05,The next Blood Moon is tomorrow at midnight.,La próxima Luna de Sangre es mañana a medianoche.
DialogueWichiwiExplaining/Dialogue_Wichiwi_Explaining_13_01,You have to stop the Witch before that happens.,Tienes que detener a la Bruja antes de que eso pase.
DialogueWichiwiExplaining/Dialogue_Wichiwi_Explaining_13_End_01,"If she succeeds, then we're all doomed.","Si ella lo logra, estamos todos perdidos."
DialogueWitchLevel/Dialogue_WitchFirstRun_Opening1_01,"Nothing can stop you from coming back here,<wait=0.5> can it?","Nada puede impedir que vuelvas aquí,<wait=0.5> ¿verdad?"
DialogueWitchLevel/Dialogue_WitchFirstRun_Opening1_02,Even at the cost of killing your own tutor...,Incluso al costo de matar a tu propio tutor...
DialogueWitchLevel/Dialogue_WitchFirstRun_Opening1_03,You know nothing of a Pureblood’s true value.,No sabes nada sobre el verdadero valor de la Sangre Pura.
DialogueWitchLevel/Dialogue_WitchFirstRun_Opening1_04,You're just blindly pursuing what you believe to be the truth.,Solo persigues a ciegas lo que crees que es la verdad.
DialogueWitchLevel/Dialogue_WitchFirstRun_Opening2_01,In a few short minutes...,En apenas unos minutos...
DialogueWitchLevel/Dialogue_WitchFirstRun_Opening2_02,...this world will be reborn.,...este mundo va a renacer.
DialogueWitchLevel/Dialogue_WitchFirstRun_Opening2_03_Choice,I will stop you!,¡Voy a detenerte!
DialogueWitchLevel/Dialogue_WitchFirstRun_Opening2_04,What a pity.,Qué lástima.
DialogueWitchLevel/Dialogue_WitchFirstRun_Opening3_01,You’ll never get to witness the consummation of this ceremony.,Nunca vas a llegar a presenciar la consumación de esta ceremonia.
DialogueWitchLevel/Dialogue_Witch_Opening1_01,I have seen countless possible futures.,He visto incontables futuros posibles.
DialogueWitchLevel/Dialogue_Witch_Opening1_02,I was guiding everything towards perfection. But then you appeared...,Estaba guiando todo hacia la perfección. Pero entonces apareciste tú...
DialogueWitchLevel/Dialogue_Witch_Opening1_03,"Unpredictable, unstable, and full of unknowns.","Impredecible, inestable, y llena de incógnitas."
DialogueWitchLevel/Dialogue_Witch_Opening1_04_Choice,I will stop you!,¡Voy a detenerte!
DialogueWitchLevel/Dialogue_Witch_Opening1_05,...,...
DialogueWitchLevel/Dialogue_Witch_Opening2_01,Let’s finish this once and for all.,Terminemos con esto de una vez por todas.
DialogueWitchLevel/Dialogue_Witch_ToFinalStage_01,This ends here.,Esto termina aquí.
Dialogue_BadWichiwi/Dialogue_BadWichiwi_01,"The Kingdom's really cranked up its security, hasn't it?","El Reino de verdad reforzó bastante la seguridad, ¿no?"
Dialogue_BadWichiwi/Dialogue_BadWichiwi_02,Can't believe the kid stashed the tree root here of all places.,No puedo creer que la mocosa escondiera la raíz del árbol justo aquí.
Dialogue_BadWichiwi/Dialogue_BadWichiwi_03,"With this vessel, the plan can go off without a hitch. Gek.","Con este recipiente, el plan puede salir sin problemas. Gek."
Dialogue_BadWichiwi/Dialogue_BadWichiwi_04,Let's get you out of here.,Vamos a sacarte de aquí.
Dialogue_BadWichiwi/Dialogue_BadWichiwi_Button,Somewhere in the Castle.,En algún lugar del Castillo.
Dialogue_BloodSea/Dialogue_Queen_BloodSea_01,"Ruby, we would love to give you more hugs...","Ruby, nos encantaría darte más abrazos..."
Dialogue_BloodSea/Dialogue_Queen_BloodSea_02,"You, His Majesty, and I... We can live together again. You won't be alone anymore.","Tú, Su Majestad y yo... Podemos volver a vivir juntos. Ya no vas a estar sola nunca más."
Dialogue_BloodSea/Dialogue_Queen_BloodSea_03_Choice,No... This is all wrong!,No... ¡Esto está todo mal!
Dialogue_BloodSea/Dialogue_Queen_BloodSea_03__2,You're not my mom and dad...,Ustedes no son mi mamá y mi papá...
Dialogue_BloodSea/Dialogue_Queen_BloodSea_03__3,I know my real mom and dad...,Yo conozco a mi verdadera mamá y papá...
Dialogue_BloodSea/Dialogue_Queen_BloodSea_03__4,They always supported... and encouraged me...,Ellos siempre me apoyaron... y me alentaron...
Dialogue_BloodSea/Dialogue_Queen_BloodSea_03__5,I will never let myself be deceived by an illusion!,¡Jamás voy a dejar que una ilusión me engañe!
Dialogue_BloodSea/Dialogue_Queen_BloodSea_04,"Ruby, my child. You are not alone.","Ruby, hija mía. No estás sola."
Dialogue_BloodSea/Dialogue_Queen_BloodSea_05,"No matter what happens, we’ll always be with you.","Pase lo que pase, siempre vamos a estar contigo."
Dialogue_BloodSea/Dialogue_Roy_BloodSea_01,Lily was a good girl. But I failed to protect her. It's all my fault.,Lily era una buena chica. Pero no logré protegerla. Es todo culpa mía.
Dialogue_BloodSea/Dialogue_Roy_BloodSea_02,I want so much to see her again. If I could just change the past...,Quiero tanto volver a verla. Si tan solo pudiera cambiar el pasado...
Dialogue_BloodSea/Dialogue_Roy_BloodSea_03_Choice,No... This is all wrong!,No... ¡Esto está todo mal!
Dialogue_BloodSea/Dialogue_Roy_BloodSea_03__2,You’re not Roy...,Tú no eres Roy...
Dialogue_BloodSea/Dialogue_Roy_BloodSea_03__3,I know the real Roy...,Yo conozco al verdadero Roy...
Dialogue_BloodSea/Dialogue_Roy_BloodSea_03__4,He might be stubborn... <wait=0.5>and sometimes clumsy...,Puede que sea terco... <wait=0.5>y a veces torpe...
Dialogue_BloodSea/Dialogue_Roy_BloodSea_03__5,But he would never run away from reality.,Pero él jamás huiría de la realidad.
Dialogue_BloodSea/Dialogue_Roy_BloodSea_03__6,His love for Lily...,Su amor por Lily...
Dialogue_BloodSea/Dialogue_Roy_BloodSea_03__7,...is something these illusions could never replace!,...¡es algo que estas ilusiones jamás podrían reemplazar!
Dialogue_BloodSea/Dialogue_Roy_BloodSea_04,"Ruby, you’re not that crying little girl anymore.","Ruby, ya no eres esa niña que lloraba."
Dialogue_BloodSea/Dialogue_Roy_BloodSea_05,I trust your judgment.,Confío en tu criterio.
Dialogue_BloodSea/Dialogue_WhiteRuby_BloodSea_01,It seems you've already made your choice.,Parece que ya tomaste tu decisión.
Dialogue_BloodSea/Dialogue_WhiteRuby_BloodSea_02,"Hopefully, we will have enough courage to bring forth a miracle.",Espero que tengamos el valor suficiente para hacer posible un milagro.
Dialogue_BloodSea/Dialogue_Wichiwi_BloodSea_01,Someone of your lineage could never understand.,Alguien de tu linaje jamás podría entenderlo.
Dialogue_BloodSea/Dialogue_Wichiwi_BloodSea_02,"Born an outcast with no magic, I'm nothing more than a rat forever scurrying in the shadows.","Nacido como un marginado sin magia, no soy más que una rata condenada a corretear entre las sombras."
Dialogue_BloodSea/Dialogue_Wichiwi_BloodSea_03,"Wouldn't it be nice if I could've been born with magical powers, Ruby?","¿No sería lindo si hubiera nacido con poderes mágicos, Ruby?"
Dialogue_BloodSea/Dialogue_Wichiwi_BloodSea_04_Choice,No... This is all wrong!,No... ¡Esto está todo mal!
Dialogue_BloodSea/Dialogue_Wichiwi_BloodSea_04__2,I know the real Wichiwi...,Yo conozco al verdadero Wichiwi...
Dialogue_BloodSea/Dialogue_Wichiwi_BloodSea_04__3,He’s always forging ahead...,Él siempre sigue adelante...
Dialogue_BloodSea/Dialogue_Wichiwi_BloodSea_04__4,He would never wallow in self-pity like this!,¡Él jamás se compadecería de sí mismo así!
Dialogue_BloodSea/Dialogue_Wichiwi_BloodSea_05,"I’m gonna find that Miracle Rune with my own two hands, Kid.","Voy a encontrar esa Runa Milagrosa con mis propias manos, niña."
Dialogue_BloodSea/Dialogue_Wichiwi_BloodSea_06,I don’t need a so-called perfect world.,No necesito ningún supuesto mundo perfecto.
Dialogue_BloodSea/Dialogue_Wichiwi_BloodSea_07,Do what you think is right.,Haz lo que creas correcto.
Dialogue_RoysNote/Dialogue_RoysNote_01,"Vegetable Stew Recipe: First, add oil, vegetables, and a pinch of salt to the pot, and lightly stir-fry until fragrant.","Receta de Guiso de Verduras: Primero, agrega aceite, verduras y una pizca de sal a la olla, y saltea ligeramente hasta que suelte aroma."
Dialogue_RoysNote/Dialogue_RoysNote_02,"Pour in two cups of milk and two cups of water, and stir until evenly combined.","Vierte dos tazas de leche y dos tazas de agua, y revuelve hasta que se mezcle bien."
Dialogue_RoysNote/Dialogue_RoysNote_03,"Finally, add flour and pepper, keep stirring, and cook until it comes to a boil. Done.","Por último, agrega harina y pimienta, sigue revolviendo, y cocina hasta que hierva. Listo."
Dialogue_RoysNote/Dialogue_RoysNote_04,Note: Add a little extra salt.,Nota: Agregar un poco más de sal.
Dialogue_Wichihat_QueenScene/Dialogue_Wichihat_QueenSceneCamp_1,"Gawoo! Looks like you've wandered into quite the spot, kiddo.","¡Gawoo! Parece que te metiste en un buen lío, pequeña."
Dialogue_Wichihat_QueenScene/Dialogue_Wichihat_QueenSceneCamp_2,"But don't you worry, I had a hunch something like this would happen!","¡Pero no te preocupes, tenía la corazonada de que algo así iba a pasar!"
Dialogue_Wichihat_QueenScene/Dialogue_Wichihat_QueenSceneCamp_3,I've already stuffed all the gear you might need into my Hatchiwi!,¡Ya metí todo el equipo que podrías necesitar en mi Hatchiwi!
Dialogue_Wichiwi_BedRoom_BeforeExplaining_GrabTheseThing_1,Grab these.,Agarra esto.
Dialogue_Wichiwi_BedRoom_BeforeExplaining_GrabTheseThing_2,"Gek, and these.","Gek, y esto también."
Dialogue_Wichiwi_BedRoom_BeforeExplaining_GrabTheseThing_3,These look interesting.,Esto se ve interesante.
Dialogue_Witch_FinalExecution/Dialogue_Witch_FinalExecution_01,Even in the end... can nothing be changed?,Incluso al final... ¿nada puede cambiar?
Dialogue_Witch_FinalExecution/Dialogue_Witch_FinalExecution_02,No...,No...
Dialogue_Witch_FinalExecution/Dialogue_Witch_FinalExecution_03,None of this... is over yet!,¡Nada de esto... ha terminado todavía!
Document/Document01_1,"The Darkest Day: \n\nIt was the darkest day in the Scarlet Kingdom's long history.\nThe King and members of The Royal Family were brutally murdered and their eyes were mercilessly gouged out. The killer was a mage from another land.\n\nWhen the suspect vanished without a trace, the Queen issued a decree, banning all magic within the Kingdom. Spellcasting, studying magic, and reading about magic were all forbidden by the Queen's decree.","El Día Más Oscuro: 

Fue el día más oscuro en la larga historia del Reino Escarlata.
El Rey y miembros de la Familia Real fueron brutalmente asesinados y sus ojos arrancados sin piedad. El asesino era un mago de otra tierra.

Cuando el sospechoso desapareció sin dejar rastro, la Reina emitió un decreto que prohibía toda magia dentro del Reino. Lanzar hechizos, estudiar magia y leer sobre magia quedaron prohibidos por decreto de la Reina."
Document/Document01_Title,The Darkest Day,El Día Más Oscuro
Document/Document02_1,"Ancient Sorcerer’s Notebook 1: \n\nI have traversed far and wide and have seen countless artifacts. Even so, my first encounter with the blood-red eyes of the Scarlet Crown Prince was an extraordinary experience. For these revered Purebloods, what secrets lie hidden behind those crimson eyes...?\n\nOne day, I mistakenly killed a courtier and plucked his eyes. I shouldn’t have acted the way I did, but the more I studied the eyes, the more obsessed I became.\nI refined the Pureblood’s eyes into an extremely powerful gem. However, this could not end here. If I could obtain an even purer specimen... Those of the Crown Prince or even the King's eyes...\n\nIn the end, I killed the King, and absconded to the frontier with his eyes.","Cuaderno del Hechicero Antiguo 1: 

He recorrido tierras lejanas y he visto incontables artefactos. Aun así, mi primer encuentro con los ojos rojo sangre del Príncipe Escarlata fue una experiencia extraordinaria. Para estos venerados Sangre Pura, ¿qué secretos se esconden tras esos ojos carmesí...?

Un día, maté por error a un cortesano y le arranqué los ojos. No debí actuar como lo hice, pero cuanto más estudiaba los ojos, más obsesionado me volvía.
Refiné los ojos del Sangre Pura hasta convertirlos en una gema extremadamente poderosa. Sin embargo, esto no podía terminar aquí. Si pudiera obtener un espécimen aún más puro... Los del Príncipe Heredero, o incluso los ojos del Rey...

Al final, maté al Rey y hui a la frontera con sus ojos."
Document/Document02_Title,Ancient Sorcerer’s Notebook 1,Cuaderno del Hechicero Antiguo 1
Document/Document03_1,"Ancient Sorcerer's Notebook 2:\n\nAt first, I was disappointed. The gem crafted from the king's eyes was as ordinary and unremarkable as any other Pureblood Crystal. However, as I gazed upon it, the memory of an ancient legend welled up within me: the Blood Moon. If the legend is true, this gem will undergo a transformation when the full moon rises...\n\nI cannot wait a moment longer. I must use the gem...","Cuaderno del Hechicero Antiguo 2:

Al principio quedé decepcionado. La gema forjada a partir de los ojos del rey era tan ordinaria e insulsa como cualquier otro Cristal de Sangre Pura. Sin embargo, mientras la contemplaba, el recuerdo de una antigua leyenda brotó en mí: la Luna de Sangre. Si la leyenda es cierta, esta gema sufrirá una transformación cuando salga la luna llena...

No puedo esperar ni un momento más. Debo usar la gema..."
Document/Document03_Title,Ancient Sorcerer’s Notebook 2,Cuaderno del Hechicero Antiguo 2
Document/Document04_1,"To my dear Abbot Daniel:\n\nEver since the arrival of that evil thing, strange incidents have been occurring more and more.\nForgive my candor, but we should have reported it to the Royal Guard at once. Letting her stay in the monastery will only bring forth a terrible calamity. \nI ask that the abbot give my advice every possible consideration.\n\nMay the Goddess guide you,\nSister Clara","Para mi querido Abad Daniel:

Desde la llegada de esa cosa maligna, están ocurriendo cada vez más incidentes extraños.
Perdone mi franqueza, pero deberíamos haberlo reportado de inmediato a la Guardia Real. Dejar que se quede en el monasterio solo traerá una calamidad terrible. 
Le pido que considere seriamente mi consejo.

Que la Diosa lo guíe,
Hermana Clara"
Document/Document04_Title,Letter for Daniel,Carta para Daniel
Document/Document05_1,"Scribbled Notes:\nIllusion magic is an ancient art that alters the appearance of things through construction and fabrication.\nThe more information incorporated, the more realistic the illusion will be. That information can come from the object's inherent qualities, like its size and color, to the caster's own understanding.\n\nTo create large-scale illusions, the caster’s memory is the best material, but it requires a higher level of magical power. An illusion can be visually flawless, but it cannot be imbued with meaning. It is, ultimately, a false existence.","Notas Garabateadas:
La magia de ilusión es un arte antiguo que altera la apariencia de las cosas mediante construcción y fabricación.
Cuanta más información se incorpore, más realista será la ilusión. Esa información puede provenir de las cualidades inherentes del objeto, como su tamaño y color, hasta el propio entendimiento del conjurador.

Para crear ilusiones a gran escala, la memoria del conjurador es el mejor material, pero requiere un nivel más alto de poder mágico. Una ilusión puede ser visualmente impecable, pero no se le puede infundir significado. Es, en última instancia, una existencia falsa."
Document/Document05_Title,Scribbled Notes,Notas Garabateadas
Document/Document06_1,"Delessia's Diary:\n\n▪▪▪.▪▪.▪▪\nToday I went to the Royal Capital to receive some book donations. On my way back to the monastery, I found a girl in the nearby forest. She would only tell me her name: Alcina. As it was growing dark, I decided to take her to the monastery. \n\n▪▪▪.▪▪.▪▪\nAlcina has magical powers. Magic may be illegal, but our curiosity drives us to experiment.\nEvery midnight, we hide in the belfry, studying forbidden texts.\n\n▪▪▪.▪▪.▪▪\nAlcina is a very intelligent girl who quickly absorbs knowledge from books. She rarely shows her emotions, only revealing an undisguised smile when reading something new.\n\n▪▪▪.▪▪.▪▪\nI had a big fight with Alcina today. Maybe I should’ve said it a bit more carefully, but I’m just worried about her. If her magic is discovered, she’ll suffer serious consequences... I’ll try again tomorrow!","Diario de Delessia:

▪▪▪.▪▪.▪▪
Hoy fui a la Capital Real a recibir algunas donaciones de libros. De regreso al monasterio, encontré a una niña en el bosque cercano. Solo quiso decirme su nombre: Alcina. Como estaba oscureciendo, decidí llevarla al monasterio. 

▪▪▪.▪▪.▪▪
Alcina tiene poderes mágicos. La magia puede ser ilegal, pero nuestra curiosidad nos impulsa a experimentar.
Cada medianoche nos escondemos en el campanario, estudiando textos prohibidos.

▪▪▪.▪▪.▪▪
Alcina es una niña muy inteligente que absorbe conocimiento de los libros con rapidez. Rara vez muestra sus emociones, solo revela una sonrisa sincera cuando lee algo nuevo.

▪▪▪.▪▪.▪▪
Hoy tuve una gran discusión con Alcina. Quizás debí decirlo con más cuidado, pero solo estoy preocupada por ella. Si descubren su magia, sufrirá graves consecuencias... ¡Lo intentaré de nuevo mañana!"
Document/Document06_Title,Delessia’s Diary,Diario de Delessia
Document/Document07_1,"Lost Note: \n\nPureblood Crystals are truly fascinating, but unfortunately, they're too unstable.\n\nIf a way to control them could be found…\n\nthey could be the key to the Miracle Rune.","Nota Perdida: 

Los Cristales de Sangre Pura son realmente fascinantes, pero por desgracia son demasiado inestables.

Si se pudiera encontrar una forma de controlarlos…

podrían ser la clave para la Runa del Milagro."
Document/Document07_Title,Lost Note,Nota Perdida
Faye/FayeLevel_Faye_Appear_1_1,"Mr. Caretaker, why are you always getting in my way?","Señor Cuidador, ¿por qué siempre te interpones en mi camino?"
Faye/FayeLevel_Faye_Appear_1_2,No one will bother us now.,Ahora nadie nos molestará.
Faye/FayeLevel_Faye_Appear_1_3,I won't let you run away.,No dejaré que escapes.
Faye/FayeLevel_Faye_Disappear_1_1,Don’t get too cocky...,No te confíes demasiado...
Faye/FayeLevel_Faye_Disappear_1_2,"Even if I don't kill you myself, death will claim you one way or another.","Aunque no te mate yo misma, la muerte te reclamará de una forma u otra."
Faye/FayeLevel_Faye_Disappear_1_3,Those things will tear you apart and defile your soul. You'll never be able to open these doors.,Esas cosas te despedazarán y profanarán tu alma. Nunca podrás abrir estas puertas.
Faye/FayeLevel_Faye_Execution_1,Alcina...,Alcina...
Faye/FayeLevel_Roy_Appear_1_1,Watch out!,¡Cuidado!
General_Back,Back,Atrás
General_Game,Game,Juego
General_Leave,Leave,Salir
General_No,No,No
General_Select,Select,Seleccionar
General_Yes,Yes,Sí
GoddessStatue/GoddessStatue_Choice_1_1,Light the candles,Encender las velas
GoddessStatue/GoddessStatue_Choice_1_2,Recall battle,Recordar batalla
GoddessStatue/GoddessStatue_Choice_1_3,Do nothing,No hacer nada
Intertitle/Intertitle_BloodMoon_1,Days left to the <color=#F10A3D>Blood Moon</color>:,Días restantes para la <color=#F10A3D>Luna de Sangre</color>:
Intertitle/Intertitle_ChallengeArea,,
Intertitle/Intertitle_FullMoon_1,Days left to the full moon:,Días restantes para la luna llena:
Intertitle/Intertitle_FullMoon_2,days,días
Intertitle/Intertitle_GodessStatue,Meditation allows Ruby to reflect on herself and contemplate the past.,La meditación permite a Ruby reflexionar sobre sí misma y contemplar el pasado.
Intertitle/Intertitle_GodessStatue2,"By lighting candles and meditating, Ruby can relive past battles from her memories.","Al encender velas y meditar, Ruby puede revivir batallas pasadas de sus recuerdos."
Intertitle/Intertitle_Prologue_1,You must face your destiny.,Debes enfrentar tu destino.
Intertitle/Intertitle_Prologue_2,"Don't be afraid, and don't run away.","No tengas miedo, y no huyas."
Intertitle/Intertitle_Prologue_3,May courage be your sharpest weapon.,Que el valor sea tu arma más afilada.
Intertitle/Intertitle_SkillLearning,"Ruby recalled some training memories, revealing new skills to unlock.","Ruby recordó algunos recuerdos de entrenamiento, revelando nuevas habilidades por desbloquear."
Intertitle/Intertitle_SkillLearning2,to open the skill tree and unlock skills.,para abrir el árbol de habilidades y desbloquear habilidades.
Intertitle/Intertitle_TalismanEquip,to open your inventory and equip talismans.,para abrir tu inventario y equipar talismanes.
Item/Item_Belfry_Description,"Found in the library, this key is engraved with a clock motif.","Encontrada en la biblioteca, esta llave está grabada con un motivo de reloj."
Item/Item_Belfry_Title,Belfry Key,Llave del Campanario
Item/Item_BloodBottle_Description,"This potion quickly heals wounds, but its formula is a mystery, even to Wichiwi.","Esta poción sana heridas rápidamente, pero su fórmula es un misterio, incluso para Wichiwi."
Item/Item_BloodBottle_Title,Healing Potion,Poción de Curación
Item/Item_BrokenTalisman_Blue_Description,A broken talisman with a blue glow. Wichiwi might be interested in this.,Un talismán roto con un brillo azul. Podría interesarle a Wichiwi.
Item/Item_BrokenTalisman_Blue_Title,Damaged Blue Talisman,Talismán Azul Dañado
Item/Item_BrokenTalisman_Description,Talismans are items crafted through magical processes.\nThey were once popular in the Scarlet Kingdom.,"Los talismanes son objetos creados mediante procesos mágicos.
Alguna vez fueron populares en el Reino Escarlata."
Item/Item_BrokenTalisman_Green_Description,A broken talisman with a green glow. Wichiwi might be interested in this.,Un talismán roto con un brillo verde. Podría interesarle a Wichiwi.
Item/Item_BrokenTalisman_Green_Title,Damaged Green Talisman,Talismán Verde Dañado
Item/Item_BrokenTalisman_Orange_Description,A broken talisman with an orange glow. Wichiwi might be interested in this.,Un talismán roto con un brillo naranja. Podría interesarle a Wichiwi.
Item/Item_BrokenTalisman_Orange_Title,Damaged Orange Talisman,Talismán Naranja Dañado
Item/Item_BrokenTalisman_Purple_Description,A broken talisman with a purple glow. Wichiwi might be interested in this.,Un talismán roto con un brillo morado. Podría interesarle a Wichiwi.
Item/Item_BrokenTalisman_Purple_Title,Damaged Purple Talisman,Talismán Morado Dañado
Item/Item_BrokenTalisman_Red_Description,A broken talisman with a red glow. Wichiwi might be interested in this.,Un talismán roto con un brillo rojo. Podría interesarle a Wichiwi.
Item/Item_BrokenTalisman_Red_Title,Damaged Red Talisman,Talismán Rojo Dañado
Item/Item_BrokenTalisman_White_Description,A broken talisman with a white glow. Wichiwi might be interested in this.,Un talismán roto con un brillo blanco. Podría interesarle a Wichiwi.
Item/Item_BrokenTalisman_White_Title,Damaged White Talisman,Talismán Blanco Dañado
Item/Item_BrokenTalisman_Yellow_Description,A broken talisman with a yellow glow. Wichiwi might be interested in this.,Un talismán roto con un brillo amarillo. Podría interesarle a Wichiwi.
Item/Item_BrokenTalisman_Yellow_Title,Damaged Yellow Talisman,Talismán Amarillo Dañado
Item/Item_CharmsBag_Description,This specially designed bag contains talisman slots that grant power to its user.,Esta bolsa de diseño especial contiene ranuras de talismán que otorgan poder a quien la usa.
Item/Item_CharmsBag_Title,Talisman Satchel,Bolsa de Talismanes
Item/Item_DustSmallPack_Description,"Roy gave me a small bag of Blood Dust, but now it’s just an empty bag.","Roy me dio una pequeña bolsa de Polvo de Sangre, pero ahora es solo una bolsa vacía."
Item/Item_DustSmallPack_Title,Small bag of Blood Dust,Bolsa pequeña de Polvo de Sangre
Item/Item_ImpureCrystalChunk_Description,"A crystal mixed with the Witch’s magic. Upon closer inspection, it gives off a faint purple glow.","Un cristal mezclado con la magia de la Bruja. Mirándolo de cerca, desprende un tenue brillo morado."
Item/Item_ImpureCrystalChunk_Title,Impure Crystal,Cristal Impuro
Item/Item_MagicMirror_Description,A mirror that can change its user’s color through illusion magic.,Un espejo que puede cambiar el color de quien lo usa mediante magia de ilusión.
Item/Item_MagicMirror_Title,Makeover Mirror,Espejo de Transformación
Item/Item_Map_Description,A map of the entire Scarlet Kingdom. It's an essential traveler's tool that contains every feature of the landscape from the city to the borders.,"Un mapa de todo el Reino Escarlata. Es una herramienta esencial para viajeros que contiene cada rasgo del paisaje, desde la ciudad hasta las fronteras."
Item/Item_Map_Title,Kingdom Map,Mapa del Reino
Item/Item_NeedlePack_Description,"A pouch for throwing darts, which can be used as projectiles in combat.","Una bolsa para dardos arrojadizos, que pueden usarse como proyectiles en combate."
Item/Item_NeedlePack_Title,Dart Pouch,Bolsa de Dardos
Item/Item_PigmentDescription,The paint is very old and has already dried out. It can’t be used.,La pintura es muy vieja y ya se ha secado. No se puede usar.
Item/Item_PigmentDescription_Wichiwi,"Old and unusable dry paint.\nWichiwi found it at the monastery and kept it, thinking the color matched him perfectly.\nHe may be willing to part with it for a bit of Blood Dust...","Pintura seca, vieja e inutilizable.
Wichiwi la encontró en el monasterio y la guardó, pensando que el color le quedaba perfecto.
Quizás esté dispuesto a desprenderse de ella por un poco de Polvo de Sangre..."
Item/Item_Pigment_Black_Title,Black Pigments,Pigmentos Negros
Item/Item_Pigment_Blue_Title,Blue Pigments,Pigmentos Azules
Item/Item_Pigment_Green_Title,Green Pigments,Pigmentos Verdes
Item/Item_Pigment_Orange_Title,Orange Pigments,Pigmentos Naranjas
Item/Item_Pigment_Pink_Title_New,Pink Pigments,Pigmentos Rosas
Item/Item_Pigment_Purple_Title,Purple Pigments,Pigmentos Morados
Item/Item_Pigment_Red_Title,Red Pigments,Pigmentos Rojos
Item/Item_Pigment_Special_Title,Special Pigments,Pigmentos Especiales
Item/Item_Pigment_White_Title,White Pigments,Pigmentos Blancos
Item/Item_Pigment_Wichiwi_Title,Turquoise Pigments,Pigmentos Turquesa
Item/Item_Pigment_Yellow_Title,Yellow Pigments,Pigmentos Amarillos
Item/Item_RabbitCape_Description,"Ruby’s most cherished crimson bunny-ear cloak, hand-sewn by her mother.","La capa carmesí con orejas de conejo más preciada de Ruby, cosida a mano por su madre."
Item/Item_RabbitCape_Title,Crimson Bunny-Ear Cloak,Capa Carmesí de Orejas de Conejo
Item/Item_Ruby_Knife_Description,A durable knife and a useful weapon against the Bloodstained.,Un cuchillo resistente y un arma útil contra los Ensangrentados.
Item/Item_Ruby_Knife_Title,Ruby’s Knife,Cuchillo de Ruby
Item/Item_Ruby_LeatherClothes_Description,A lightweight jacket Roy made for Ruby that offers basic protection.,"Una chaqueta ligera que Roy hizo para Ruby, que ofrece protección básica."
Item/Item_Ruby_LeatherClothes_Title,Leather Jacket,Chaqueta de Cuero
Item/Item_Ruby_RedSkirt_Description,Made with a special red fabric that stays clean even after battle.,Hecha con una tela roja especial que se mantiene limpia incluso después de la batalla.
Item/Item_Ruby_RedSkirt_Title,Red Skirt,Falda Roja
Item/Item_Soup_Description,"Made from wild plants in the forest. Despite its bland taste, it's quite nutritious.","Hecha con plantas silvestres del bosque. A pesar de su sabor insípido, es bastante nutritiva."
Item/Item_Soup_Title,Roy’s Soup,Sopa de Roy
Item/Item_TreeRoot_Description,Comes from the legendary Devouring Tree. Has the power to absorb magic.,Proviene del legendario Árbol Devorador. Tiene el poder de absorber magia.
Item/Item_TreeRoot_Title,Strange Root,Raíz Extraña
Item/WichiwiPrank_Description,A board covered in crude scribbles. It’s impossible to tell what it’s supposed to depict.,Una tabla cubierta de garabatos toscos. Es imposible saber qué se supone que representa.
Item/WichiwiPrank_Title,Wichiwi’s Masterpiece,La Obra Maestra de Wichiwi
LevelMap/Map_BeastLevel_Description,The western border of the Scarlet Kingdom is covered with dense forests and ancient ruins. This terrain is the only way to access the Kingdom from the west.,La frontera occidental del Reino Escarlata está cubierta de densos bosques y ruinas antiguas. Este terreno es la única vía de acceso al Reino desde el oeste.
LevelMap/Map_BeastLevel_Title,Western Frontier,Frontera Occidental
LevelMap/Map_CultLevel_Description,"Located beside the Ashfrost Mountains in the North, this town is perpetually blanketed in layers of snow-like volcanic ash. The inhabitants worship the Skynest, which puts them at odds with believers of the Goddess, leading to ongoing clashes with the Kingdom.","Situado junto a las Montañas de Ceniza Helada en el Norte, este pueblo está perpetuamente cubierto de capas de ceniza volcánica parecida a la nieve. Sus habitantes veneran al Skynest, lo que los enfrenta con los creyentes de la Diosa, provocando choques constantes con el Reino."
LevelMap/Map_CultLevel_Title,Ashfrost Hamlet,Aldea de Ceniza Helada
LevelMap/Map_GhostLevel_Description,"The ancient walls of the Royal Capital, having served as the city’s defensive line against outside threats, have witnessed countless wars and upheavals.","Las antiguas murallas de la Capital Real, que han servido como línea defensiva de la ciudad contra amenazas externas, han sido testigos de incontables guerras y convulsiones."
LevelMap/Map_GhostLevel_Title,City Wall,Muralla de la Ciudad
LevelMap/Map_GuardianLevel_Description,"The bridge to the west of the Royal Capital is vital in connecting the outer city with the Western Frontier. Over the centuries, as the kingdom has grown stronger, the city gradually expanded beyond its walls, resulting in numerous buildings going up near the bridge, creating a unique landscape.","El puente al oeste de la Capital Real es vital para conectar la ciudad exterior con la Frontera Occidental. A lo largo de los siglos, a medida que el reino se fortalecía, la ciudad se fue expandiendo más allá de sus murallas, lo que dio lugar a numerosos edificios cerca del puente, creando un paisaje único."
LevelMap/Map_GuardianLevel_Title,Great Capital Bridge,Gran Puente de la Capital
LevelMap/Map_MasterLevel_Description,"The royal family and nobles mainly lived in the castle. Its gates are flanked by two huge statues of the Goddess, which were set up by the first king to symbolize his piety.","La familia real y la nobleza vivían principalmente en el castillo. Sus puertas están flanqueadas por dos enormes estatuas de la Diosa, erigidas por el primer rey para simbolizar su devoción."
LevelMap/Map_MasterLevel_Title,Castle Gate,Puerta del Castillo
LevelMap/Map_NamelessChurch_Description,An abandoned monastery in the forest west of the Scarlet Kingdom.,Un monasterio abandonado en el bosque al oeste del Reino Escarlata.
LevelMap/Map_NamelessChurch_Title,Unnamed Monastery,Monasterio Sin Nombre
LevelMap/Map_NestlingLevel_Description,These ancient ruins atop a volcanic cinder cone now serve as the sanctuary for the believers of the Skynest. Firelight flickers at night and whispered prayers echo through the rocks as a clandestine ritual unfolds.,"Estas ruinas antiguas, en la cima de un cono de ceniza volcánica, sirven ahora como santuario para los creyentes del Skynest. Por la noche parpadea la luz del fuego y susurros de plegarias resuenan entre las rocas mientras se desarrolla un ritual clandestino."
LevelMap/Map_NestlingLevel_Title,Martyrs' Nest,Nido de los Mártires
LevelMap/Map_PlagueLevel_Description,"Located in a verdant valley to the south, this place was once the burial ground for the Kingdom's dead. A plague broke out more than a decade ago, causing great suffering to the inhabitants of this area.","Situado en un frondoso valle al sur, este lugar fue en su día el cementerio del Reino. Hace más de una década estalló una plaga que causó un gran sufrimiento a los habitantes de la zona."
LevelMap/Map_PlagueLevel_Title,Hallowed Rest,Descanso Sagrado
LevelMap/Map_PlagueRootLevel_Description,"Once a public sanitation facility the Kingdom was proud of, but after a century without upkeep, the aging equipment has long fallen into ruin.","Antes una instalación sanitaria pública que era el orgullo del Reino, pero tras un siglo sin mantenimiento, el equipo envejecido ha caído en ruinas."
LevelMap/Map_PlagueRootLevel_Title,Capital Sewers,Alcantarillado de la Capital
LevelMap/Map_QueenLevel_Description,"The Throne Hall deep within the castle, where the king receives foreign envoys, high officials, and conducts affairs of state.","El Salón del Trono en las profundidades del castillo, donde el rey recibe a enviados extranjeros, altos funcionarios y atiende los asuntos de estado."
LevelMap/Map_QueenLevel_Title,Throne Hall,Salón del Trono
LevelMap/Map_WitchLevel2_Description,Alcina's magic source. An endless sea of magic.,La fuente mágica de Alcina. Un mar infinito de magia.
LevelMap/Map_WitchLevel2_Title,Realm of the Heart,Reino del Corazón
LevelMap/Map_WitchLevel_Description,Alcina's inner world. A peaceful and warm monastery.,El mundo interior de Alcina. Un monasterio pacífico y cálido.
LevelMap/Map_WitchLevel_Title,Candlelight Monastery,Monasterio a la Luz de las Velas
MasterLevel/RubyCallingRoy_01,Roy?,¿Roy?
MasterLevel/RubyCallingRoy_02,W-why?,¿P-por qué?
MasterLevel/RubyCallingRoy_03,Roy!!,¡¡Roy!!
MasterLevel/RubyCallingRoy_04,Roy...,Roy...
MasterLevel/RubyCallingRoy_05,<shake>Ruby... Grab your knife!,<shake>Ruby... ¡Agarra tu cuchillo!
Memory_Selection,Select Memory,Seleccionar recuerdo
MirrorRoom/MirrorRoom_Paper_00,"Exit... The exit's gone...
Breaking mirrors seems to transport me into different spaces.","La salida... La salida desapareció...
Romper espejos parece transportarme a espacios diferentes."
MirrorRoom/MirrorRoom_Paper_01,"The mirrors here are very weird, and the reflections talk on their own...
They're even wearing different-colored clothes.

Breaking the wrong mirror sends me back to the beginning. The rules seem to <color=#EA0000>compound
as I keep going. I should write this down:

<color=#0072E3>Blue</color> always has one false statement.
<color=#EAC100>Yellow</color> always has one true statement.","Los espejos aquí son muy extraños, y los reflejos hablan por su cuenta...
Hasta llevan ropa de colores distintos.

Romper el espejo equivocado me manda de vuelta al principio. Las reglas parecen <color=#EA0000>acumularse</color> a medida que avanzo. Debería anotarlo:

<color=#0072E3>Azul</color> siempre dice una afirmación falsa.
<color=#EAC100>Amarillo</color> siempre dice una afirmación verdadera."
MirrorRoom/MirrorRoom_Paper_02,"So many mirrors...

<color=#007500>Green</color> only tells the truth.","Tantos espejos...

<color=#007500>Verde</color> solo dice la verdad."
MirrorRoom/MirrorRoom_Paper_03,Does it ever end...? This is scary... I want to go home... <color=#4B0091>Purple</color> only tells lies.,¿Esto no termina nunca...? Da miedo... Quiero irme a casa... <color=#4B0091>Morado</color> solo dice mentiras.
MirrorRoom/MirrorRoom_Paper_05,"1 to 20 on the left are not the answer...
38 to 86 to the right are not the answer...
314... 587... are not the answer

There is no exit... There is no exit... There is no exit... There is no exit... There is no exit... There is no exit... There is no exit...","Del 1 al 20 a la izquierda no son la respuesta...
Del 38 al 86 a la derecha no son la respuesta...
314... 587... no son la respuesta

No hay salida... No hay salida... No hay salida... No hay salida... No hay salida... No hay salida... No hay salida..."
MirrorRoom/MirrorRoom_Room1_BlueRuby_01,<color=#FFE66F>Yellow Ruby</color> is not the correct answer.,El <color=#FFE66F>Rubí Amarillo</color> no es la respuesta correcta.
MirrorRoom/MirrorRoom_Room1_YellowRuby_01,<color=#84C1FF>Blue Ruby</color> is lying.,El <color=#84C1FF>Rubí Azul</color> está mintiendo.
MirrorRoom/MirrorRoom_Room2_BlueRuby_01,The leftmost person only tells lies.,La persona más a la izquierda solo dice mentiras.
MirrorRoom/MirrorRoom_Room2_BlueRuby_02,I am the correct answer.,Yo soy la respuesta correcta.
MirrorRoom/MirrorRoom_Room2_GreenRuby_01,<color=#FFE66F>Yellow Ruby</color> is not the correct answer.,El <color=#FFE66F>Rubí Amarillo</color> no es la respuesta correcta.
MirrorRoom/MirrorRoom_Room2_YellowRuby_01,The correct answer isn’t <color=#79FF79>Green Ruby</color>.,La respuesta correcta no es el <color=#79FF79>Rubí Verde</color>.
MirrorRoom/MirrorRoom_Room2_YellowRuby_02,I am the correct answer.,Yo soy la respuesta correcta.
MirrorRoom/MirrorRoom_Room3_BlueRuby_01,<color=#FFE66F>Yellow Ruby</color> tells only truths.,El <color=#FFE66F>Rubí Amarillo</color> solo dice verdades.
MirrorRoom/MirrorRoom_Room3_BlueRuby_02,The correct answer is <color=#CA8EFF>Purple Ruby</color>.,La respuesta correcta es el <color=#CA8EFF>Rubí Morado</color>.
MirrorRoom/MirrorRoom_Room3_GreenRuby_01,<color=#84C1FF>Blue Ruby</color>‘s statements aren’t all lies.,Las afirmaciones del <color=#84C1FF>Rubí Azul</color> no son todas mentiras.
MirrorRoom/MirrorRoom_Room3_PurpleRuby_01,The correct answer isn’t next to me.,La respuesta correcta no está a mi lado.
MirrorRoom/MirrorRoom_Room3_YellowRuby_01,The correct answer isn’t next to me.,La respuesta correcta no está a mi lado.
MirrorRoom/MirrorRoom_Room3_YellowRuby_02,The correct answer is <color=#79FF79>Green Ruby</color>.,La respuesta correcta es el <color=#79FF79>Rubí Verde</color>.
MirrorRoom/MirrorRoom_Room4_BlueRuby_01,I am the correct answer.,Yo soy la respuesta correcta.
MirrorRoom/MirrorRoom_Room4_BlueRuby_02,<color=#CA8EFF>Purple Ruby</color> is not the correct answer.,El <color=#CA8EFF>Rubí Morado</color> no es la respuesta correcta.
MirrorRoom/MirrorRoom_Room4_GreenRuby_01,"The correct answer isn’t the leftmost, nor the rightmost Ruby.","La respuesta correcta no es ni el rubí más a la izquierda, ni el más a la derecha."
MirrorRoom/MirrorRoom_Room4_InvisibleRuby_01,No response...,Sin respuesta...
MirrorRoom/MirrorRoom_Room4_PurpleRuby_01,The person to the left of _____ only tells lies.,La persona a la izquierda de _____ solo dice mentiras.
MirrorRoom/MirrorRoom_Room4_YellowRuby_01,_____ is not the correct answer.,_____ no es la respuesta correcta.
MirrorRoom/MirrorRoom_Room4_YellowRuby_02,<color=#84C1FF>Blue Ruby</color> is the correct answer.,El <color=#84C1FF>Rubí Azul</color> es la respuesta correcta.
Mission/Mission_FindRoy,Head to the City Wall to find Roy,Ve a la Muralla de la Ciudad a buscar a Roy
Mission/Mission_FindWichiwi,Find Wichiwi,Encuentra a Wichiwi
Mission/Mission_FollowMira,Follow Mira,Sigue a Mira
Mission/Mission_GoToCastleGate,Head to the Castle Gate,Ve a la Puerta del Castillo
Mission/Mission_GoToInvestigate_North,Investigate the North,Investiga el Norte
Mission/Mission_GoToInvestigate_Sanctuary,Return to investigate the Monastery,Vuelve a investigar el Monasterio
Mission/Mission_GoToInvestigate_South,Investigate the South,Investiga el Sur
Mission/Mission_GoToKingdomBridge_1,Head to the Great Capital Bridge,Ve al Gran Puente de la Capital
Mission/Mission_GoToKingdomBridge_2,Head to the Great Capital Bridge to investigate the sealed city gates,Ve al Gran Puente de la Capital a investigar las puertas selladas de la ciudad
Mission/Mission_GoToWesternBorder,Head to the Western Frontier,Ve a la Frontera Occidental
Mission/Mission_GotoThroneRoom,Head to the Throne Hall,Ve al Salón del Trono
Mission/Mission_KillDimon_1,Learn all Enhanced skills,Aprende todas las habilidades Mejoradas
Mission/Mission_KillDimon_2,- Fulfill the wish of an immortal,- Cumple el deseo de un inmortal
Mission/Mission_NLC_Investigate_Bedroom,Investigate the Monastery’s dormitories,Investiga los dormitorios del Monasterio
Mission/Mission_NLC_Investigate_Courtyard,Investigate the Monastery's courtyard,Investiga el patio del Monasterio
Mission/Mission_NLC_Investigate_Hall,Investigate the Monastery’s great hall,Investiga el gran salón del Monasterio
Mission/Mission_NLC_Investigate_Library,Investigate the Monastery’s library,Investiga la biblioteca del Monasterio
Mission/Mission_NLC_Investigate_Office,Investigate the Monastery’s head office,Investiga el despacho principal del Monasterio
Mission/Mission_NLC_Investigate_SecretRoom,Investigate the secret underground room,Investiga la sala secreta subterránea
Mission/Mission_NLC_Investigate_StorageRoom,Investigate the Monastery’s storage room,Investiga el almacén del Monasterio
Mission/Mission_NLC_Investigate_TeresaRoom,Investigate the Monastery’s clerics’ quarters,Investiga los aposentos de las clérigas del Monasterio
Mission/Mission_RestByCampfire,Return to the campfire to rest,Vuelve a la hoguera a descansar
Mission/Mission_TakeSoupToDimon,Bring the soup to the basement,Lleva la sopa al sótano
Mission/Mission_TalkWithRoy,Talk to Roy,Habla con Roy
Mission/Mission_TalkWithWichiwi,Talk to Wichiwi,Habla con Wichiwi
Mission/Mission_Touch_GlassSwan,Touch the glass swan,Toca el cisne de cristal
Prologue/Arm_1,Ruby...,Ruby...
Prologue/Arm_2,Help me... Ruby...,Ayúdame... Ruby...
Prologue/Arm_3,Why me?,¿Por qué yo?
Prologue/Arm_4,Can’t you see me?,¿No puedes verme?
StoryMode/ChooseMode,Select Mode,Seleccionar modo
StoryMode/GameSetting_AttackBoost,Player Damage Multiplier,Multiplicador de daño del jugador
StoryMode/GameSetting_DodgeAssist,Dodge Window,Ventana de esquiva
StoryMode/GameSetting_DodgeAssist_Long,Long,Larga
StoryMode/GameSetting_DodgeAssist_Longer,Longer,Más larga
StoryMode/GameSetting_None,Default,Predeterminado
StoryMode/GameSetting_PerfectDodgeAssist,Perfect Dodge Window,Ventana de esquiva perfecta
StoryMode/GameSetting_PerfectDodgeAssist_Lenient,Lenient,Indulgente
StoryMode/GameSetting_PerfectDodgeAssist_VeryLenient,More Lenient,Más indulgente
StoryMode/GameSetting_SwitchToStoryModeButton,Switch to Story Mode,Cambiar a Modo Historia
StoryMode/GameSetting_SwitchToStoryModeButton_Warning,"Once you switch to Story Mode, you won't be able to return to Normal Mode.\nSwitch to Story Mode?","Una vez que cambies al Modo Historia, no podrás volver al Modo Normal.
¿Cambiar a Modo Historia?"
StoryMode/NormalMode,Normal Mode,Modo Normal
StoryMode/NormalMode_Description,"The default difficulty of Rubinite.
Suited for players who enjoy intense combat and a real challenge.
(You can switch to Story Mode at any time during the game.)","La dificultad predeterminada de Rubinite.
Ideal para quienes disfrutan del combate intenso y un verdadero desafío.
(Puedes cambiar al Modo Historia en cualquier momento durante la partida.)"
StoryMode/StoryMode,Story Mode,Modo Historia
StoryMode/StoryMode_Description,"Suited for players who want to enjoy the game at a relaxed pace.
Damage multipliers and assist settings can be adjusted on the fly.
(Once selected, you cannot switch back to Normal Mode.)","Ideal para quienes quieren disfrutar del juego a un ritmo relajado.
Los multiplicadores de daño y los ajustes de asistencia se pueden cambiar en cualquier momento.
(Una vez seleccionado, no podrás volver al Modo Normal.)"
Talisman/Talisman_AddStrikeDistance_Description,"Increases Strike range, allowing you to Strike targets from a greater distance.","Aumenta el alcance del Golpe, permitiéndote golpear objetivos desde mayor distancia."
Talisman/Talisman_AddStrikeDistance_Title,Grounded Lunge,Embestida Rasante
Talisman/Talisman_AgileBody_Description,"Increases movement speed, but also increases damage taken.","Aumenta la velocidad de movimiento, pero también aumenta el daño recibido."
Talisman/Talisman_AgileBody_Title,Flutterstep,Paso Ligero
Talisman/Talisman_Attack3Focus_Description,Accumulates Focus while executing a Spinning Slash.,Acumula Enfoque al ejecutar un Tajo Giratorio.
Talisman/Talisman_Attack3Focus_Title,"Sharp Blade, Sharp Eye","Filo Agudo, Ojo Agudo"
Talisman/Talisman_BloodBlade_Description,Increases normal attack range and damage after wetting your blade with the enemy’s blood from a successful Strike.,Aumenta el alcance y el daño de los ataques normales tras humedecer tu hoja con la sangre del enemigo mediante un Golpe exitoso.
Talisman/Talisman_BloodBlade_Title,Bloodblade,Hoja de Sangre
Talisman/Talisman_BloodFire_Description,"Creates a brief trail of flames, that deal continuous damage to enemies, when executing a Strike attack.","Crea una breve estela de llamas al ejecutar un ataque de Golpe, que inflige daño continuo a los enemigos."
Talisman/Talisman_BloodFire_Title,Scorched Trail,Estela Abrasadora
Talisman/Talisman_BloodFly_Description,"Creates Bloodwings which attack en-masse after a Strike attack, dealing projectile damage. Bloodwings disappear if Ruby takes damage.","Crea Alas de Sangre que atacan en masa tras un ataque de Golpe, infligiendo daño de proyectil. Las Alas de Sangre desaparecen si Ruby recibe daño."
Talisman/Talisman_BloodFly_Title,Bloodwings,Alas de Sangre
Talisman/Talisman_CourageMark_Description,"A Talisman representing courage, wielded only by those that have confronted their inner selves.\nIncreases the mark limit to 5.","Un talismán que representa el valor, empuñado solo por quienes han enfrentado su interior.
Aumenta el límite de marcas a 5."
Talisman/Talisman_CourageMark_Title,Mark of Courage,Marca del Valor
Talisman/Talisman_CriticalStrikeATKUp_Description,Increases the attack power of Strike Attacks.,Aumenta el poder de ataque de los Golpes Críticos.
Talisman/Talisman_CriticalStrikeATKUp_Title,Direct Hit,Impacto Directo
Talisman/Talisman_DimonTalisman_Description,Imbued with immortality. Gives Ruby one chance to be revived after death.,Imbuido de inmortalidad. Le da a Ruby una oportunidad de revivir tras la muerte.
Talisman/Talisman_DimonTalisman_Title,Undying Blood,Sangre Inmortal
Talisman/Talisman_DodgeBomb_Description,Throws small bombs all around when performing a Perfect Dodge.,Lanza pequeñas bombas alrededor al realizar una Esquiva Perfecta.
Talisman/Talisman_DodgeBomb_Title,Pocket Bombs,Bombas de Bolsillo
Talisman/Talisman_FocusFlower_Description,Sprouts thorns that deal damage around Ruby when Focusing on a target.,Hace brotar espinas que causan daño alrededor de Ruby al Enfocar un objetivo.
Talisman/Talisman_FocusFlower_Title,Thorny Rose,Rosa Espinosa
Talisman/Talisman_FocusReduceSpeed_Description,Slows down the rate at which the Focus Gauge dissipates.,Ralentiza la velocidad a la que se disipa el Medidor de Enfoque.
Talisman/Talisman_FocusReduceSpeed_Title,Pensive Eyes,Mirada Pensativa
Talisman/Talisman_FocusSpeedUp_Description,Slightly improves Focus speed,Mejora ligeramente la velocidad de Enfoque
Talisman/Talisman_FocusSpeedUp_Title,Keen Gaze,Mirada Aguda
Talisman/Talisman_Greed_Description,Increases Blood Dust gained after defeating enemies.,Aumenta el Polvo de Sangre obtenido tras derrotar enemigos.
Talisman/Talisman_Greed_Title,Greed,Avaricia
Talisman/Talisman_HPDrain_Description,Replenishes a Healing Potion when a Slash attack hits an enemy. Healing amount is reduced.,Restaura una Poción de Curación cuando un ataque de Tajo golpea a un enemigo. La cantidad curada se reduce.
Talisman/Talisman_HPDrain_Title,Bloodsucker,Chupasangre
Talisman/Talisman_IncreaseATKBasedOnMarks_Description,Each mark on an enemy increases base Slash and projectile damage.,Cada marca en un enemigo aumenta el daño base de Tajo y de proyectiles.
Talisman/Talisman_IncreaseATKBasedOnMarks_Title,True Hunter,Verdadera Cazadora
Talisman/Talisman_IncreaseShootingATK_Description,Increases the damage of all Ruby’s projectiles.,Aumenta el daño de todos los proyectiles de Ruby.
Talisman/Talisman_IncreaseShootingATK_Title,True Ranger,Verdadera Arquera
Talisman/Talisman_IncreaseSlashATK_Description,Increases the base damage of all Slash attacks.,Aumenta el daño base de todos los ataques de Tajo.
Talisman/Talisman_IncreaseSlashATK_Title,True Swordfighter,Verdadera Espadachina
Talisman/Talisman_InvincibleStrike_Description,Take no damage while executing a Strike attack.,No recibas daño mientras ejecutas un ataque de Golpe.
Talisman/Talisman_InvincibleStrike_Title,Perfect Strike,Golpe Perfecto
Talisman/Talisman_Lock_Description,---,---
Talisman/Talisman_Lock_Title,---,---
Talisman/Talisman_MarkMaster_Description,Landing a strike only removes one mark and only inflicts one mark worth of damage.,Al aterrizar un golpe solo se elimina una marca y solo se inflige el daño equivalente a una marca.
Talisman/Talisman_MarkMaster_Title,Mark Meister,Maestra de Marcas
Talisman/Talisman_MiraTalisman_Description,Contains Mira’s power and creates an illusion that tanks a fatal blow for Ruby.,Contiene el poder de Mira y crea una ilusión que absorbe un golpe fatal por Ruby.
Talisman/Talisman_MiraTalisman_Title,Mira’s Shadow,Sombra de Mira
Talisman/Talisman_Notch_Description,"Special slots that hold talismans, allowing Ruby to equip more of them.","Ranuras especiales que contienen talismanes, permitiendo a Ruby equipar más de ellos."
Talisman/Talisman_Notch_Title,Talisman Slots,Ranuras de Talismán
Talisman/Talisman_Paralysis_Description,"When a Strike hits, a microcurrent is released that renders the target immobile for just a moment. Accumulated marks lengthen the effect.","Al conectar un Golpe, se libera una microcorriente que inmoviliza al objetivo por un instante. Las marcas acumuladas alargan el efecto."
Talisman/Talisman_Paralysis_Title,Paralyzing Strike,Golpe Paralizante
Talisman/Talisman_ReduceShootMoveScale_Description,"Reduces the distance Ruby moves when firing a dart, allows darts to always home in on fully-marked targets and slightly raises dart damage.","Reduce la distancia que se mueve Ruby al disparar un dardo, hace que los dardos siempre persigan a objetivos totalmente marcados y aumenta ligeramente el daño de los dardos."
Talisman/Talisman_ReduceShootMoveScale_Title,Sharpshooter,Tiradora Certera
Talisman/Talisman_Resistance_Description,"Mitigates poison, burn and other negative effects while allowing vision to pass through smoke.","Mitiga el veneno, las quemaduras y otros efectos negativos, además de permitir ver a través del humo."
Talisman/Talisman_Resistance_Title,Bracelet of Blessing,Brazalete de Bendición
Talisman/Talisman_RoyKnife_Description,Replaces darts with Roy's dagger.,Reemplaza los dardos por la daga de Roy.
Talisman/Talisman_RoyKnife_Title,Roy’s Dagger,Daga de Roy
Talisman/Talisman_Rubinite_Description,"Purified by the Blood Moon, this gem grants the Goddess's boundless mana. \nSets the mark cap to infinite.","Purificada por la Luna de Sangre, esta gema otorga el maná ilimitado de la Diosa. 
Establece el límite de marcas en infinito."
Talisman/Talisman_Rubinite_Title,Rubinite,Rubinita
Talisman/Talisman_SpecialStrikeAngle_Description,"Strikes within a specific angle deal higher damage, while those outsidee deal lower.","Los Golpes dentro de un ángulo específico causan más daño, mientras que los que quedan fuera causan menos."
Talisman/Talisman_SpecialStrikeAngle_Title,Killer Instinct,Instinto Asesino
Talisman/Talisman_StrikeSkillMaster_Description,Allows Ruby to use the effects of all Strike skills.,Permite a Ruby usar los efectos de todas las habilidades de Golpe.
Talisman/Talisman_StrikeSkillMaster_Title,Strike Meister,Maestra del Golpe
Talisman/Talisman_StrongBody_Description,"Slightly reduces damage taken, but also reduces movement speed.","Reduce ligeramente el daño recibido, pero también reduce la velocidad de movimiento."
Talisman/Talisman_StrongBody_Title,Earthen Barrier,Barrera Terrena
Talisman/Talisman_TalismanShooter_Description,Darts are replaced by equipped talismans. Thrown talismans deal more damage to enemies.,Los dardos son reemplazados por los talismanes equipados. Los talismanes lanzados causan más daño a los enemigos.
Talisman/Talisman_TalismanShooter_Title,Talisman Toss,Lanzamiento de Talismán
Talisman/Talisman_WichiHat_Description,Summons Hatchiwi to follow you. It automatically attacks enemies.,Invoca a Hatchiwi para que te siga. Ataca automáticamente a los enemigos.
Talisman/Talisman_WichiHat_Title,Hatchiwi,Hatchiwi
Tutorial/Tutorial_CounterJumpAttack_Step2_Group1_1,"When an enemy leaps into the air to perform a red flash attack,","Cuando un enemigo salte al aire para realizar un ataque de destello rojo,"
Tutorial/Tutorial_CounterJumpAttack_Step2_Group2_2,"hold <Icon=FocusAiming> to Focus, then press <Icon=Shoot> to shoot a dart that will counter the attack.","mantén pulsado <Icon=FocusAiming> para Enfocar, luego pulsa <Icon=Shoot> para disparar un dardo que contrarrestará el ataque."
Tutorial/Tutorial_CounterJumpAttack_Step3_Group1_1,"When facing an enemy’s aerial red flash attack,","Al enfrentar el ataque aéreo de destello rojo de un enemigo,"
Tutorial/Tutorial_DefeatDummy_Step1_Group1_1,Try your best to finish off the enemy!,¡Haz todo lo posible por acabar con el enemigo!
Tutorial/Tutorial_DefeatDummy_Step1_Group2_1,Defeat the enemy,Derrota al enemigo
Tutorial/Tutorial_Focus_Step1_Group1_1,Hold <Icon=FocusAiming> and aim at the enemy to perform Focus.,Mantén pulsado <Icon=FocusAiming> y apunta al enemigo para Enfocar.
Tutorial/Tutorial_Focus_Step1_Group1_2,The embedded Pureblood Crystal will be detected and marked once the Focus Gauge is full.,El Cristal de Sangre Pura incrustado será detectado y marcado en cuanto se llene el Medidor de Enfoque.
Tutorial/Tutorial_Focus_Step1_Group1_3,The Focus Gauge fills up slower the farther you are from the enemy.,El Medidor de Enfoque se llena más lento cuanto más lejos estés del enemigo.
Tutorial/Tutorial_Focus_Step2_Group1_1,"Next, approach the enemy and press <Icon=CriticalStrike> to use <color=#9F0000>Critical Strike</color>.","Luego, acércate al enemigo y pulsa <Icon=CriticalStrike> para usar <color=#9F0000>Golpe Crítico</color>."
Tutorial/Tutorial_Focus_Step2_Group1_2,"The <color=#9F0000>more marks</color> an enemy has, the <color=#9F0000>more damage</color> your strike will inflict.","Cuantas <color=#9F0000>más marcas</color> tenga un enemigo, <color=#9F0000>más daño</color> causará tu golpe."
Tutorial/Tutorial_Focus_Step3_Group1_1,"When an enemy attack lands, in addition to losing health, you also lose all your marks.","Cuando un ataque enemigo te alcance, además de perder salud, también perderás todas tus marcas."
Tutorial/Tutorial_Focus_Step4_Group1_1,Press <Icon=FocusAiming> to Focus on the enemy!,¡Pulsa <Icon=FocusAiming> para Enfocar al enemigo!
Tutorial/Tutorial_Focus_Step4_Group2_1,Approach the enemy to reveal the <color=#9F0000>Critical Strike Indicator</color>.,Acércate al enemigo para revelar el <color=#9F0000>Indicador de Golpe Crítico</color>.
Tutorial/Tutorial_Focus_Step4_Group3_1,Press <Icon=CriticalStrike> to perform a Critical Strike,Pulsa <Icon=CriticalStrike> para realizar un Golpe Crítico
Tutorial/Tutorial_Focus_Step5_Group1_1,Hold <Icon=FocusAiming> to Focus on the enemy and accumulate <color=#9F0000>Pureblood Marks</color>,Mantén pulsado <Icon=FocusAiming> para Enfocar al enemigo y acumular <color=#9F0000>Marcas de Sangre Pura</color>
Tutorial/Tutorial_Focus_Step5_Group2_1,"After accumulating marks, <color=#9F0000>approach the enemy</color> and press <Icon=CriticalStrike> to perform a <color=#9F0000>Critical Strike</color>.","Tras acumular marcas, <color=#9F0000>acércate al enemigo</color> y pulsa <Icon=CriticalStrike> para realizar un <color=#9F0000>Golpe Crítico</color>."
Tutorial/Tutorial_Focus_Step5_Group2_2,Perform <color=#9F0000>Critical Strike</color>,Realiza un <color=#9F0000>Golpe Crítico</color>
Tutorial/Tutorial_Focus_Step6_Group1_1,Try again against an attacking enemy,Inténtalo de nuevo contra un enemigo que ataca
Tutorial/Tutorial_HPBottle_Step1_Group1_1,Press <Icon=UseHPBottle> to recover HP,Pulsa <Icon=UseHPBottle> para recuperar salud
Tutorial/Tutorial_Movement_Step1_Group1_1,Press <Icon=Dash> to roll and dodge enemy attacks,Pulsa <Icon=Dash> para rodar y esquivar los ataques enemigos
Tutorial/Tutorial_Movement_Step2_Group1_1,Press <Icon=Attack> to launch an attack,Pulsa <Icon=Attack> para lanzar un ataque
Tutorial/Tutorial_PerfectDodge_Step1_Group1_1,"When an enemy being Focused upon performs an attack, time your dodge at the moment you would be hit to expose the Pureblood Crystal and accumulate a mark.","Cuando un enemigo Enfocado realice un ataque, sincroniza tu esquiva en el momento justo del impacto para exponer el Cristal de Sangre Pura y acumular una marca."
Tutorial/Tutorial_PerfectDodge_Step2_Group2_1,"Right before taking damage, press <Icon=Dash> to trigger a <color=#9F0000>Perfect Dodge</color>.","Justo antes de recibir daño, pulsa <Icon=Dash> para activar una <color=#9F0000>Esquiva Perfecta</color>."
Tutorial/Tutorial_PerfectDodge_Step3_Group1_1,"When an attack is<color=#9F0000>right about to land</color>, press <Icon=Dash> to trigger a <color=#9F0000>Perfect Dodge</color>.","Cuando un ataque <color=#9F0000>esté a punto de impactar</color>, pulsa <Icon=Dash> para activar una <color=#9F0000>Esquiva Perfecta</color>."
Tutorial/Tutorial_PerfectDodge_Step3_Group2_1,Use Perfect Dodge to accumulate marks,Usa la Esquiva Perfecta para acumular marcas
Tutorial/Tutorial_Press,Press,Pulsar
Tutorial/Tutorial_Shoot_Step1_Group1_1,Press <Icon=Shoot> to shoot a dart. Darts can also be shot while Focusing.,Pulsa <Icon=Shoot> para disparar un dardo. También puedes disparar dardos mientras Enfocas.
Tutorial/Tutorial_Shoot_Step1_Group1_2,Holding to charge will grant a charged shot that increases the number and power of darts shot.,Mantener pulsado para cargar otorga un disparo cargado que aumenta el número y la potencia de los dardos disparados.
Tutorial/Tutorial_Shoot_Step1_Group1_3,Red aerial attacks unleash an area of effect upon landing that can't be dodged.,Los ataques aéreos rojos liberan un área de efecto al aterrizar que no se puede esquivar.
Tutorial/Tutorial_Shoot_Step1_Group1_4,Use Focus and seize the right moment to counter the attack with your darts.,Usa Enfoque y aprovecha el momento justo para contrarrestar el ataque con tus dardos.
Tutorial/Tutorial_Shoot_Step2_Group1_1,"Hold <Icon=FocusAiming> to Focus, then press <Icon=Shoot> to perform a single shot.","Mantén pulsado <Icon=FocusAiming> para Enfocar, luego pulsa <Icon=Shoot> para realizar un solo disparo."
Tutorial/Tutorial_Shoot_Step3_Group1_1,"Hold <Icon=Shoot> to charge up, release to finish, then press <Icon=Shoot> to fire the charged shot.","Mantén pulsado <Icon=Shoot> para cargar, suelta para terminar, luego pulsa <Icon=Shoot> para disparar el tiro cargado."
Tutorial/Tutorial_SpecialAttack_Step1_Group1_1,"While holding <Icon=FocusAiming> to Focus, press <Icon=Attack> to perform a Sunder Slash.","Mientras mantienes pulsado <Icon=FocusAiming> para Enfocar, pulsa <Icon=Attack> para realizar un Tajo Desgarrador."
Tutorial/Tutorial_SpecialAttack_Step1_Group1_3,Use Sunder Slash at the right moment to counter enemies that try to grab you.,Usa el Tajo Desgarrador en el momento justo para contrarrestar a los enemigos que intenten agarrarte.
Tutorial/Tutorial_SpecialAttack_Step2_Group1_2,"While holding <Icon=FocusAiming> to Focus, press <Icon=Attack> to perform a Sunder Slash.","Mientras mantienes pulsado <Icon=FocusAiming> para Enfocar, pulsa <Icon=Attack> para realizar un Tajo Desgarrador."
Tutorial/Tutorial_SpecialAttack_Step3_Group1_1,Use Sunder Slash to cut off an enemy’s grab attack.,Usa el Tajo Desgarrador para cortar el ataque de agarre de un enemigo.
UI/Option_Memory,Memory,Recuerdo
UI/Option_SaveGame,Save,Guardar
UI/UI_Apply,Apply,Aplicar
UI/UI_Attack,Attack,Atacar
UI/UI_Audio,Audio,Audio
UI/UI_BGM Volume,Music,Música
UI/UI_Back To Game,Back to Game,Volver al Juego
UI/UI_Back To Main Title,Main Menu,Menú Principal
UI/UI_BackToCastleCamp,Return to Camp,Volver al Campamento
UI/UI_BackToChallengeArea,Return to Challenge Area,Volver a la Zona de Desafíos
UI/UI_BackToChurch,Return to Monastery,Volver al Monasterio
UI/UI_BackToChurchUseDustTip,<wave>Blood Dust can be used to craft equipment.</wave>,<wave>El Polvo de Sangre puede usarse para forjar equipo.</wave>
UI/UI_BackToGameWhenGameIsEnd_Warning,The adventure has ended for this save file. Reset your progress to before entering the Throne Hall?,La aventura ha terminado para esta partida guardada. ¿Reiniciar tu progreso a antes de entrar en el Salón del Trono?
UI/UI_Battle Memories,Battle Memories,Recuerdos de Batalla
UI/UI_CanNotUnlockSkillInThisAreaTip,This skill cannot be unlocked in battle or from the map.,Esta habilidad no se puede desbloquear en combate ni desde el mapa.
UI/UI_Challenge Mission,Challenge Mission,Misión de Desafío
UI/UI_ChallengeResult,Challenge Result,Resultado del Desafío
UI/UI_ChallengeReward,Challenge Rewards:,Recompensas del Desafío:
UI/UI_Charm,Talisman,Talismán
UI/UI_Check,Check,Revisar
UI/UI_Close,Close,Cerrar
UI/UI_Continue,Continue,Continuar
UI/UI_Controller,Controller,Mando
UI/UI_ControllerVibration,Vibration,Vibración
UI/UI_Cost,Cost,Coste
UI/UI_CreateItemMenuTitle,Craft,Forjar
UI/UI_CreateNewGame,New Game,Nueva Partida
UI/UI_CriticalStrike,Critical Strike,Golpe Crítico
UI/UI_CurrentMission,Objective,Objetivo
UI/UI_CurrentMissionsUpdate,Objective updated,Objetivo actualizado
UI/UI_Dash,Dodge,Esquivar
UI/UI_Default,Default,Predeterminado
UI/UI_Delete,Delete,Eliminar
UI/UI_Do you want to Quit,Quit the game?,¿Salir del juego?
UI/UI_Do you want to back Title,Return to Main Menu?,¿Volver al Menú Principal?
UI/UI_DoYouWantToReturnBase,Return to Camp?,¿Volver al Campamento?
UI/UI_DoYouWantToReturnMonastery,Return to Monastery?,¿Volver al Monasterio?
UI/UI_Document,Documents,Documentos
UI/UI_Equip,Equipment,Equipo
UI/UI_Equip or Remove,Equip/Remove,Equipar/Quitar
UI/UI_Equipment,Equipment,Equipo
UI/UI_Equipped,Equipped,Equipado
UI/UI_FinalStageWarning,You will be unable to return to the monastery after entering this level.\nWould you like to proceed?,"No podrás volver al monasterio después de entrar a este nivel.
¿Deseas continuar?"
UI/UI_FirstUnlockSkillTip,New Strike skill unlocked. Switch between Strike skills in the Status bar.,Nueva habilidad de Golpe desbloqueada. Cambia entre habilidades de Golpe en la barra de Estado.
UI/UI_Focus,Focus,Enfocar
UI/UI_FrameRateLimit,Frame Rate Limit,Límite de Fotogramas
UI/UI_Friends,Friend Leaderboard,Clasificación de Amigos
UI/UI_FullScreen,Full Screen,Pantalla Completa
UI/UI_GO,Go,Ir
UI/UI_Gallery,Gallery,Galería
UI/UI_GameCompletion,Completion,Finalización
UI/UI_GotItem,Obtained,Obtenido
UI/UI_Graphic,Graphics,Gráficos
UI/UI_Hold,Hold,Mantener
UI/UI_Instructions,Instructions,Instrucciones
UI/UI_Interact,Investigate,Investigar
UI/UI_Item,Item,Objeto
UI/UI_KeyBoard,Keyboard/Mouse,Teclado/Ratón
UI/UI_Kill,Execute,Ejecutar
UI/UI_Language,Language,Idioma
UI/UI_LastSaveTimeText1,Previous save was,Última partida guardada hace
UI/UI_LastSaveTimeText2,mins and,min y
UI/UI_LastSaveTimeText3,secs ago,seg
UI/UI_Master Volume,Master Vol.,Vol. General
UI/UI_Move Down,Move down,Mover abajo
UI/UI_Move Left,Move left,Mover izquierda
UI/UI_Move Right,Move right,Mover derecha
UI/UI_MoveUp,Move up,Mover arriba
UI/UI_MyBest,Personal Leaderboard,Clasificación Personal
UI/UI_MyBestRecord,Personal Best,Mejor Marca Personal
UI/UI_Name,Name,Nombre
UI/UI_New Game,Start Game,Comenzar Partida
UI/UI_NewGameWarning,"Starting a new game will erase the current save. 
Start new game?","Comenzar una nueva partida borrará la partida guardada actual. 
¿Comenzar nueva partida?"
UI/UI_NextPage,Next page,Página siguiente
UI/UI_Off,Off,Desactivado
UI/UI_On,On,Activado
UI/UI_Percentage,Percentage,Porcentaje
UI/UI_PickUp,Pick up,Recoger
UI/UI_Pray,Pray,Rezar
UI/UI_Press,Press,Pulsar
UI/UI_PreviousPage,Previous page,Página anterior
UI/UI_Quit,Quit,Salir
UI/UI_Rank,View Leaderboard,Ver Clasificación
UI/UI_RankingChallenge_Beast,Leaderboard Challenge - Beast,Desafío de Clasificación - Bestia
UI/UI_RankingChallenge_Guardian,Leaderboard Challenge - Guardian,Desafío de Clasificación - Guardiana
UI/UI_Re-Challenge,Challenge Again,Desafiar de Nuevo
UI/UI_Read,Read,Leer
UI/UI_Resolution,Resolution,Resolución
UI/UI_Resume,Continue,Continuar
UI/UI_Revive Player,Revive Player,Revivir Jugadora
UI/UI_SFX Volume,SFX,Efectos
UI/UI_Shoot,Shoot,Disparar
UI/UI_ShowTalismanWhenFight,Display Equipped Talismans,Mostrar Talismanes Equipados
UI/UI_Skill,Skill,Habilidad
UI/UI_Skip,Skip,Saltar
UI/UI_StandUp,Stand Up,Levantarse
UI/UI_Status,Status,Estado
UI/UI_SwitchItemTextPage,Toggle item description,Alternar descripción del objeto
UI/UI_SwitchLanguage,Change language,Cambiar idioma
UI/UI_SwitchTalisman,Switch,Cambiar
UI/UI_Time,Time,Tiempo
UI/UI_ToContinue,Press <Icon=Enter> to continue.,Pulsa <Icon=Enter> para continuar.
UI/UI_Touch,Touch,Tocar
UI/UI_Train,Train,Entrenar
UI/UI_TrainingLevelWarningWindow,Proceed to the tutorial level?,¿Proceder al nivel de tutorial?
UI/UI_Tutorial,Tutorial,Tutorial
UI/UI_UseHPBottle,Use a Healing Potion,Usar una Poción de Curación
UI/UI_VSync,V-Sync,Sincronización Vertical
UI/UI_WarningWindowOKOption,Back,Atrás
UI/UI_WorldRanking,World Leaderboard,Clasificación Mundial
UI/UI_ZoomIn,Zoom,Zoom
UI/UI_使用消耗,Consumables Used,Consumibles Usados
UI/UI_受傷次數,Times Injured,Veces Herida
UI/UI_受傷次數_紀錄用,Times Injured:,Veces Herida:
UI/UI_尚未擁有任何可學習的技能,No new skill to learn at the moment,No hay nuevas habilidades por aprender por ahora
UI/UI_技能學習,Learn Skills,Aprender Habilidades
UI/UI_查看排名,Rank,Clasificación
UI/UI_紀錄,Record,Registro
UI/UI_花費時間_紀錄用,Time elapsed:,Tiempo transcurrido:
UI/UI_護符製作,Make Talismans,Crear Talismanes
UI/Ui_Setting,Settings,Ajustes
UI/WarningWindow_MaterialNotEnough,Not enough materials,Materiales insuficientes
UI/WarningWindow_UseMaterialToCraft,Consume materials?,¿Consumir materiales?